sqft_living,bedrooms,bathrooms,school_rating,distance_downtown_km,age_years,price_usd
2398.0,3,2.8,10,7.12,28.7,734300.0
2017.0,2,1.8,9,5.1,43.6,584700.0
2489.0,3,3.4,9,6.82,22.2,781400.0
3014.0,2,1.0,4,21.04,11.1,653500.0
1960.0,4,3.6,1,14.1,26.6,531500.0
1960.0,4,3.6,1,3.12,9.9,622500.0
3048.0,2,1.0,10,2.17,58.9,795300.0
2560.0,5,4.3,5,2.44,5.8,811900.0
1818.0,3,2.4,2,5.62,35.4,519500.0
2426.0,2,1.4,6,10.9,37.6,657700.0
1822.0,2,1.1,7,5.6,32.3,521100.0
1821.0,3,1.9,1,0.56,39.7,509700.0
2245.0,4,4.0,6,10.29,7.0,715500.0
952.0,3,2.3,8,13.12,33.3,377400.0
1065.0,2,1.9,5,2.73,17.2,396900.0
1763.0,2,1.1,7,8.73,56.4,503300.0
1492.0,3,1.9,10,4.45,45.7,568000.0
2289.0,2,2.0,6,17.59,58.4,588500.0
1555.0,2,1.0,4,14.93,2.3,441000.0
1253.0,2,1.3,7,5.96,17.1,437000.0
2979.0,4,3.0,10,9.41,11.7,872400.0
1965.0,4,3.1,9,17.19,0.7,655900.0
2141.0,3,2.2,10,5.48,14.5,699700.0
1245.0,4,3.2,10,3.01,40.7,585500.0
1773.0,3,2.6,7,11.21,13.9,547400.0
2167.0,3,2.6,5,1.99,30.5,632200.0
1409.0,2,1.0,7,3.94,53.3,483800.0
2325.0,3,2.1,3,16.06,41.6,535000.0
1740.0,5,4.3,2,10.31,23.7,556600.0
1925.0,3,2.7,5,4.14,22.3,585700.0
1739.0,3,1.6,4,1.93,27.3,500200.0
3211.0,3,2.4,5,3.52,10.6,842900.0
2092.0,2,1.0,8,2.67,38.0,631200.0
1465.0,4,3.0,4,1.55,21.8,544500.0
2594.0,3,3.2,9,10.88,51.1,753300.0
1367.0,3,1.8,7,2.32,45.4,524600.0
2225.0,3,1.8,10,4.84,36.6,675500.0
924.0,3,2.6,7,3.9,21.9,508300.0
1303.0,2,1.0,8,30.0,12.6,355400.0
2218.0,3,1.9,6,3.97,46.6,628700.0
2543.0,2,1.8,8,0.67,29.2,712000.0
2203.0,3,1.9,3,0.75,13.5,649800.0
2031.0,4,2.9,10,7.15,11.7,690700.0
1919.0,4,3.4,10,7.32,9.9,687000.0
1213.0,3,2.5,1,4.34,46.6,394400.0
1668.0,3,2.4,6,4.52,13.7,561400.0
1824.0,2,1.3,1,0.5,31.6,504400.0
2734.0,4,3.2,9,5.81,27.1,805100.0
2306.0,2,1.4,2,5.62,34.8,568200.0
1042.0,3,2.5,2,1.3,52.6,415700.0
2294.0,2,1.3,7,0.88,52.1,634100.0
1869.0,2,1.4,2,1.06,27.1,533700.0
1694.0,3,1.8,10,0.85,0.9,611200.0
2467.0,2,1.5,8,7.53,25.6,669900.0
2719.0,3,1.8,6,1.75,36.4,711800.0
2659.0,3,1.7,7,2.32,33.5,787400.0
1596.0,1,1.0,7,1.53,39.1,532600.0
1914.0,3,2.4,6,25.33,9.2,537500.0
2299.0,1,1.1,10,15.43,38.8,657800.0
2685.0,2,1.3,9,2.1,11.0,784400.0
1812.0,3,2.5,9,3.17,45.0,608700.0
1989.0,2,1.8,7,1.88,20.3,626000.0
1436.0,4,3.2,9,5.42,42.6,599700.0
1382.0,1,1.0,10,0.5,2.9,506200.0
2588.0,2,1.6,3,8.9,24.5,610900.0
2914.0,3,2.4,3,5.92,42.3,742500.0
2057.0,3,2.3,1,18.31,13.6,500100.0
2702.0,2,1.0,5,1.44,47.7,630800.0
2317.0,3,2.3,4,13.04,37.8,572200.0
1713.0,2,2.6,2,12.56,35.3,455600.0
2317.0,4,2.8,9,1.09,21.2,757600.0
3023.0,3,1.9,3,4.07,28.9,762500.0
2079.0,4,3.2,8,1.49,35.8,745700.0
3039.0,4,3.2,6,2.35,28.3,846100.0
800.0,3,2.8,5,2.44,41.9,397000.0
2593.0,4,2.4,1,6.5,26.0,633800.0
2152.0,3,2.6,4,4.24,12.1,638800.0
1921.0,5,4.0,3,23.61,12.8,566100.0
2155.0,2,1.4,1,1.08,0.3,552000.0
907.0,3,2.4,5,29.1,18.1,276900.0
1968.0,3,2.8,6,2.1,44.9,629600.0
2314.0,3,2.7,2,11.86,47.6,571400.0
2987.0,3,1.7,3,3.31,12.1,763800.0
1789.0,3,2.7,6,1.24,57.5,589300.0
1615.0,1,1.0,4,15.61,30.1,460300.0
1799.0,2,1.5,9,2.96,55.0,560900.0
2649.0,3,2.3,5,8.6,42.4,737300.0
2297.0,3,2.2,4,6.69,43.3,572700.0
1782.0,5,4.3,2,5.11,5.1,619900.0
2408.0,4,3.0,6,5.48,13.2,719900.0
2158.0,5,3.2,10,10.54,0.5,723500.0
2681.0,3,2.1,2,0.73,43.0,710000.0
1679.0,2,1.6,7,8.83,20.7,518200.0
1903.0,2,2.1,3,18.09,47.2,414500.0
1865.0,4,3.3,9,0.5,20.3,647300.0
1222.0,3,1.8,5,1.21,49.2,463900.0
2278.0,1,2.0,8,10.09,7.8,603800.0
2257.0,3,2.4,6,4.6,10.4,697000.0
2103.0,5,4.4,10,4.13,20.5,769000.0
1959.0,3,2.2,8,1.18,24.5,642700.0
1251.0,3,2.5,3,5.65,20.9,443200.0
1848.0,3,2.7,3,1.08,45.8,573600.0
1894.0,2,2.1,5,5.18,5.8,549300.0
1619.0,3,2.8,10,11.54,21.1,578300.0
2003.0,3,2.7,3,2.39,50.2,551600.0
2342.0,2,1.3,8,5.24,4.0,685200.0
3232.0,4,2.7,10,30.0,56.5,793200.0
2205.0,3,2.4,8,9.28,59.2,636700.0
2255.0,4,3.5,2,14.73,5.3,642800.0
2055.0,4,2.9,4,4.29,17.5,621300.0
949.0,2,2.0,10,11.68,22.3,417500.0
2084.0,3,3.0,1,0.5,46.6,583100.0
2136.0,3,1.8,4,1.05,35.8,606900.0
3578.0,4,2.6,4,1.82,38.7,888000.0
1985.0,2,1.4,10,4.11,45.5,602300.0
2281.0,3,2.4,9,14.95,7.1,647000.0
2079.0,3,2.0,3,3.4,50.0,532000.0
1399.0,2,2.2,2,8.5,42.3,391500.0
2786.0,2,1.7,9,9.88,34.6,754200.0
2551.0,3,2.3,9,7.06,53.4,726900.0
2575.0,3,1.5,1,3.54,42.0,605400.0
1554.0,3,1.6,6,6.88,12.1,508900.0
2942.0,3,2.4,10,3.35,25.8,863600.0
1259.0,3,1.2,8,0.7,29.6,482200.0
2452.0,3,2.8,3,30.0,3.3,543100.0
3414.0,2,1.4,9,1.09,57.3,926200.0
1506.0,4,4.5,2,0.6,7.7,568500.0
1760.0,2,2.7,6,16.86,41.8,468600.0
2160.0,3,2.2,1,2.87,30.4,592000.0
1798.0,2,1.4,7,8.41,1.5,556200.0
1170.0,2,2.0,3,3.19,55.5,349100.0
2141.0,3,3.1,7,3.97,51.1,656900.0
1463.0,2,1.0,4,2.43,31.5,479100.0
2384.0,4,2.1,9,3.36,13.7,743300.0
1548.0,1,1.0,5,4.23,7.3,427100.0
3030.0,3,2.5,3,10.2,21.8,761800.0
1630.0,3,2.5,8,5.73,15.3,594600.0
1907.0,1,1.3,6,23.0,30.4,445900.0
2588.0,2,1.0,2,0.5,58.0,611700.0
1361.0,3,1.1,3,5.59,34.5,480700.0
2236.0,3,2.7,8,7.02,53.4,643400.0
2884.0,3,1.8,10,20.23,39.1,707900.0
1136.0,3,1.2,7,0.5,28.5,461000.0
2211.0,3,2.3,10,6.82,51.3,687300.0
2256.0,1,1.1,6,15.37,28.3,570100.0
2569.0,3,2.2,1,2.22,52.1,587300.0
1358.0,5,3.5,9,16.72,17.5,525500.0
1308.0,3,2.2,3,0.5,7.7,511700.0
2413.0,3,2.1,5,10.55,51.3,637300.0
2278.0,3,1.6,7,21.64,35.2,549200.0
2250.0,4,2.6,7,8.56,53.3,687300.0
2308.0,4,3.3,3,4.62,56.3,673900.0
1692.0,3,2.4,4,0.5,3.2,566600.0
2239.0,5,3.8,10,20.22,30.1,719800.0
2276.0,2,1.0,7,5.08,22.5,686200.0
1671.0,1,1.0,8,0.5,37.6,503600.0
3219.0,4,1.9,2,9.36,47.6,775100.0
2384.0,4,3.1,9,5.26,16.8,809800.0
1385.0,2,2.2,7,1.06,33.4,523500.0
2494.0,2,1.0,8,1.93,42.5,667800.0
1515.0,1,1.0,6,0.53,8.1,506400.0
2572.0,2,1.7,6,6.83,48.8,699700.0
2795.0,4,3.6,9,7.78,36.4,794800.0
1608.0,3,2.0,4,5.64,57.0,482700.0
2678.0,3,1.9,5,13.59,20.4,678700.0
2348.0,3,1.3,9,15.79,6.5,643900.0
2593.0,1,1.0,1,7.65,30.4,596100.0
3238.0,2,2.5,4,0.5,5.1,843200.0
1953.0,3,2.4,7,9.51,58.2,589800.0
1648.0,5,3.7,9,4.33,2.3,696400.0
1566.0,4,3.2,10,6.67,45.2,562200.0
1611.0,1,1.0,6,8.38,31.5,465700.0
2054.0,4,2.6,8,3.45,22.1,678600.0
2305.0,4,3.4,9,19.92,4.0,701400.0
2266.0,4,3.1,10,1.15,37.3,752000.0
2596.0,3,2.3,4,8.91,35.1,651200.0
2108.0,3,1.8,1,0.5,16.9,627200.0
2972.0,3,2.9,8,20.69,54.6,784900.0
1941.0,2,1.8,2,0.95,18.2,567500.0
3732.0,2,1.2,1,0.8,27.0,868600.0
2475.0,2,2.0,7,3.24,32.6,698500.0
1586.0,3,2.0,10,3.74,6.0,624900.0
1457.0,3,1.9,9,1.93,55.9,469900.0
2389.0,3,1.9,9,7.04,22.5,707100.0
1966.0,2,1.0,3,4.68,4.8,532400.0
2528.0,5,4.0,6,0.5,23.2,805600.0
2384.0,4,2.1,7,3.08,36.0,735900.0
2056.0,4,2.4,10,13.3,30.8,649200.0
1592.0,5,2.7,9,9.36,41.7,572400.0
1191.0,3,2.2,2,10.32,3.3,373500.0
1832.0,5,3.7,8,9.58,17.1,651800.0
2614.0,2,1.3,7,2.98,49.2,710200.0
2228.0,3,1.7,4,0.84,4.8,634000.0
1353.0,2,1.0,2,2.54,51.3,343600.0
2204.0,2,1.7,8,14.26,5.5,679400.0
2331.0,2,1.2,5,30.0,50.1,501000.0
1570.0,3,2.4,6,5.45,21.6,532800.0
2192.0,4,2.6,7,0.5,36.7,729900.0
2135.0,3,2.3,10,1.21,9.2,721300.0
1414.0,2,2.2,1,3.11,4.0,488200.0
2315.0,4,3.3,8,6.91,13.0,766500.0
2436.0,3,2.0,4,0.62,7.7,666900.0
2750.0,3,2.4,9,22.97,18.7,727700.0
2732.0,3,2.1,1,3.63,30.9,730800.0
1273.0,2,1.5,2,19.5,35.3,301600.0
1537.0,3,2.1,6,12.13,47.4,450400.0
2409.0,4,2.9,10,11.27,39.4,706800.0
2408.0,2,1.6,1,7.47,36.5,602200.0
2409.0,3,1.8,4,7.88,24.7,650100.0
4412.0,4,2.5,8,8.13,28.4,1039400.0
2443.0,3,1.6,10,7.93,24.9,725000.0
2781.0,2,1.0,5,6.45,50.5,670800.0
2672.0,2,1.0,9,30.0,13.8,625500.0
2491.0,1,1.0,6,10.54,0.3,621200.0
1911.0,3,1.8,1,12.0,39.1,493500.0
2555.0,3,2.5,6,16.47,12.1,707200.0
1636.0,2,1.5,6,1.94,53.4,490200.0
1958.0,5,2.8,6,0.7,51.5,604400.0
1809.0,3,2.6,8,5.28,4.6,617800.0
2149.0,2,1.9,6,5.77,6.4,649200.0
3489.0,3,1.8,5,14.14,29.7,812100.0
980.0,3,2.5,2,4.69,36.6,337400.0
2512.0,2,1.1,4,6.77,16.5,662300.0
1132.0,2,1.5,10,5.99,43.0,486500.0
1817.0,4,2.4,5,0.5,35.7,598600.0
2753.0,3,1.4,10,7.64,19.5,735100.0
2139.0,3,2.1,4,14.08,1.5,582300.0
1453.0,3,2.2,2,1.37,45.0,467900.0
1671.0,1,1.0,7,7.22,12.9,487100.0
2508.0,2,1.0,10,7.2,50.1,698000.0
1662.0,3,2.1,10,1.43,25.2,589300.0
2230.0,2,1.6,2,1.05,34.6,589900.0
2127.0,1,1.0,1,30.0,52.4,379900.0
1709.0,4,3.1,5,4.0,51.8,580300.0
3386.0,5,3.4,1,2.06,22.3,880800.0
2480.0,4,3.6,1,1.5,12.5,708400.0
885.0,4,2.4,1,8.81,46.5,311600.0
2212.0,2,1.7,6,7.52,26.0,614800.0
1703.0,5,4.3,9,8.25,11.5,659800.0
2611.0,2,1.7,10,0.74,54.3,722000.0
1624.0,5,3.6,1,17.92,11.9,500600.0
2031.0,5,3.5,5,3.94,1.5,697900.0
2403.0,3,2.8,9,3.01,1.2,756200.0
2619.0,5,3.0,9,4.96,37.3,824700.0
1380.0,3,1.8,1,3.96,39.7,428900.0
1899.0,2,1.3,8,15.94,18.7,507200.0
1815.0,3,2.9,1,21.19,19.2,499300.0
1708.0,3,2.4,8,2.89,20.4,619600.0
3159.0,2,1.0,1,15.96,40.8,689100.0
2343.0,3,2.1,5,12.17,3.5,657100.0
1343.0,5,3.4,8,21.37,55.7,415100.0
2651.0,2,1.1,6,2.26,13.4,743100.0
3373.0,4,3.5,9,6.88,60.0,911600.0
2719.0,4,2.3,1,2.57,10.3,734700.0
1188.0,4,3.8,9,13.9,46.3,505400.0
1809.0,5,4.2,1,0.5,13.4,669600.0
2860.0,3,2.8,10,6.66,4.9,828200.0
1675.0,5,3.5,10,3.31,52.5,632000.0
2366.0,4,2.9,3,3.12,51.5,641000.0
2565.0,2,1.0,1,8.28,24.2,575100.0
1544.0,3,2.0,3,15.26,42.1,402000.0
2064.0,3,2.5,2,7.52,33.4,519000.0
800.0,2,2.1,2,15.35,51.2,268900.0
1485.0,3,1.7,9,2.46,18.9,608700.0
1948.0,3,2.1,8,5.86,31.4,667400.0
1351.0,2,1.4,1,4.79,29.1,376600.0
3079.0,3,1.6,4,0.5,21.2,791900.0
1242.0,4,3.3,1,6.51,53.5,453100.0
1836.0,3,1.9,1,8.67,10.0,522300.0
2178.0,1,1.0,4,7.17,9.0,571900.0
2965.0,1,1.0,2,10.66,34.6,647400.0
1238.0,3,1.9,3,6.78,39.4,439300.0
2798.0,4,3.0,9,0.55,11.7,833000.0
2106.0,2,1.4,2,0.99,23.4,583200.0
1511.0,3,2.1,4,7.26,56.8,469300.0
2377.0,2,1.1,1,2.57,14.8,603700.0
2219.0,3,2.4,2,0.66,40.1,637000.0
1740.0,4,3.8,5,4.49,44.4,590600.0
2142.0,3,2.3,10,6.47,26.9,667900.0
1869.0,2,2.0,1,3.19,56.3,494700.0
2168.0,3,1.6,7,10.2,44.2,564300.0
2497.0,1,1.0,4,8.26,27.5,623200.0
3052.0,3,1.7,6,3.24,34.2,818800.0
1357.0,3,1.5,8,11.25,41.6,444800.0
3380.0,2,1.1,6,8.37,35.5,783000.0
929.0,2,2.1,2,8.12,52.7,297800.0
2009.0,3,2.7,1,6.45,21.4,560300.0
2453.0,4,3.1,8,0.5,18.0,786800.0
2269.0,5,3.0,8,9.54,12.8,763900.0
1726.0,1,1.0,9,3.77,2.3,602800.0
1975.0,4,3.2,6,22.86,2.6,603600.0
1804.0,3,2.3,1,13.63,52.2,461300.0
1746.0,3,1.3,9,7.09,40.7,537000.0
2610.0,4,2.6,3,2.32,39.6,755800.0
2314.0,4,3.0,6,1.82,36.9,702200.0
1684.0,5,4.0,10,3.33,51.0,665900.0
2640.0,3,1.2,10,5.18,28.8,769100.0
2284.0,3,2.2,9,2.81,52.2,691100.0
2588.0,4,3.1,3,5.79,21.6,748400.0
2478.0,2,1.9,5,1.45,55.6,670600.0
1603.0,3,2.6,5,30.0,41.9,434900.0
1764.0,3,2.5,10,0.91,15.4,661000.0
2548.0,3,1.9,7,21.5,33.8,637500.0
2466.0,2,1.0,4,19.59,32.0,564400.0
2087.0,2,1.3,4,5.96,8.3,577800.0
2170.0,4,3.5,7,10.33,35.5,635600.0
2867.0,2,2.2,9,4.58,18.9,776000.0
1745.0,3,2.6,4,7.95,3.1,573200.0
2428.0,2,1.7,4,3.33,56.9,592600.0
1979.0,1,1.0,6,2.87,38.5,541300.0
1969.0,1,1.0,6,6.91,52.6,493900.0
2759.0,2,1.4,7,5.52,40.6,706600.0
2595.0,4,3.8,1,6.93,21.4,703500.0
2588.0,2,1.0,3,2.7,30.8,639900.0
2883.0,5,4.5,9,3.66,40.5,850800.0
2113.0,3,2.1,6,0.7,57.6,620100.0
2509.0,3,2.9,6,0.5,15.2,726600.0
1914.0,3,1.5,5,2.34,52.5,543600.0
2294.0,3,2.5,3,0.62,55.4,651900.0
2022.0,4,2.6,5,0.88,40.2,659000.0
2158.0,2,1.0,1,13.41,55.9,445400.0
2457.0,3,2.4,3,0.5,23.9,726200.0
1609.0,4,3.5,4,8.61,57.2,505500.0
3355.0,4,2.6,5,2.55,42.2,857700.0
1496.0,4,2.3,10,16.42,2.5,529200.0
1371.0,3,2.2,9,5.31,54.4,509100.0
2795.0,4,3.0,4,2.92,29.1,824200.0
2575.0,3,2.5,3,5.83,27.6,645500.0
2474.0,3,2.7,10,3.85,34.0,706200.0
2477.0,2,1.5,1,6.65,9.0,622900.0
2093.0,3,3.2,10,0.97,28.1,729900.0
1562.0,2,1.6,6,30.0,49.9,372500.0
2145.0,3,2.1,7,4.43,0.9,686300.0
1694.0,4,2.2,10,3.42,16.4,604900.0
2685.0,2,1.4,8,9.91,0.1,705200.0
2012.0,2,1.3,1,3.62,24.9,529600.0
1605.0,2,2.0,4,14.33,43.7,483400.0
1907.0,4,3.2,5,4.85,47.9,617100.0
2348.0,3,1.7,2,10.17,56.7,584800.0
1762.0,3,2.3,1,0.91,36.5,493400.0
1607.0,4,3.3,8,14.97,15.3,576800.0
2246.0,4,3.8,6,10.65,55.4,629300.0
2247.0,3,2.7,5,1.9,46.5,698500.0
1796.0,3,2.6,9,1.26,34.5,603900.0
1817.0,4,3.0,2,3.04,41.7,539200.0
2239.0,3,2.4,10,29.86,55.5,536500.0
1231.0,2,2.1,8,2.37,42.7,477200.0
1256.0,4,2.3,10,4.87,22.1,544400.0
1669.0,3,2.1,9,0.5,42.8,629300.0
1972.0,2,1.1,1,4.05,2.4,550300.0
2287.0,3,2.4,7,6.78,23.2,656000.0
2985.0,1,1.4,8,24.48,24.4,706200.0
2615.0,2,1.2,3,5.82,10.0,630800.0
2004.0,4,1.8,4,13.68,1.4,557700.0
2089.0,1,1.0,3,6.34,8.0,547400.0
1498.0,3,2.7,7,0.5,39.3,523700.0
2089.0,3,2.5,9,3.03,48.1,688900.0
1927.0,2,1.7,3,6.86,59.3,558600.0
2294.0,5,3.6,6,24.06,20.8,638300.0
1604.0,2,1.0,8,15.68,36.0,449100.0
2412.0,3,2.5,6,2.07,56.2,680600.0
3020.0,3,1.8,2,1.99,10.0,756300.0
2035.0,2,2.6,7,1.8,43.1,631600.0
2341.0,1,1.0,2,20.46,45.3,452700.0
2514.0,3,2.0,2,15.32,5.3,632900.0
1859.0,5,3.4,2,11.93,51.7,590500.0
2234.0,2,1.5,1,3.99,48.8,501300.0
2108.0,3,2.1,1,5.62,2.0,557000.0
2159.0,3,2.8,7,4.99,5.5,672000.0
1636.0,4,3.1,5,2.34,2.9,611600.0
2115.0,3,1.9,3,5.63,20.1,614900.0
2399.0,3,3.2,1,0.5,30.6,684700.0
2971.0,3,2.3,10,1.13,31.9,812200.0
2676.0,3,2.6,6,17.41,16.1,681100.0
3392.0,4,2.7,1,11.14,54.7,762500.0
1640.0,2,1.7,9,4.4,22.1,559600.0
2623.0,3,2.4,2,5.82,2.7,699200.0
2210.0,4,2.1,1,3.7,18.0,581800.0
3414.0,4,4.0,7,10.8,31.9,898500.0
1615.0,5,4.4,6,12.27,24.5,602300.0
1596.0,4,2.8,6,11.53,16.4,528200.0
1740.0,3,1.7,5,10.26,7.9,526900.0
826.0,3,2.4,4,1.83,49.1,413400.0
1785.0,3,2.3,4,3.3,59.8,580800.0
1645.0,2,1.7,3,5.08,19.8,434900.0
2190.0,3,2.3,10,3.21,22.9,710900.0
2305.0,3,2.5,8,11.25,37.1,735100.0
3226.0,2,2.2,7,3.2,43.1,842300.0
2670.0,4,3.3,9,1.19,23.5,830900.0
1754.0,3,1.7,1,4.07,54.3,509900.0
1561.0,5,4.4,7,30.0,33.6,508100.0
2395.0,1,1.6,10,2.05,27.0,720200.0
1308.0,2,3.1,4,7.58,38.8,437800.0
3199.0,3,1.7,7,4.54,57.2,817100.0
2808.0,2,1.6,1,0.59,47.7,686500.0
1818.0,3,1.2,5,5.35,2.4,583400.0
1072.0,4,3.3,3,9.69,19.9,416600.0
2912.0,2,1.2,5,5.76,28.2,715200.0
2031.0,3,3.2,4,16.45,18.9,521900.0
2843.0,3,1.9,2,2.73,42.0,701100.0
1143.0,3,1.4,4,0.72,49.6,436200.0
1740.0,4,2.8,3,22.06,43.9,476800.0
2103.0,4,2.0,1,3.8,59.4,535600.0
2128.0,3,2.6,10,6.87,16.4,644300.0
1830.0,3,1.2,8,12.56,52.5,523900.0
2474.0,3,2.3,5,3.14,46.0,705400.0
1459.0,4,2.0,4,10.07,21.7,467300.0
2015.0,3,2.1,10,1.16,44.0,627300.0
2172.0,3,3.1,5,2.75,6.2,662900.0
2409.0,4,3.2,4,1.25,47.4,708600.0
2527.0,2,1.1,3,13.34,31.9,623200.0
1425.0,4,3.0,5,2.01,17.5,540200.0
1180.0,2,1.5,4,10.11,39.3,398600.0
2867.0,3,2.5,1,22.96,38.5,651800.0
2299.0,3,1.6,3,6.0,12.6,595100.0
1651.0,5,4.0,10,6.21,1.8,710300.0
3031.0,4,1.6,10,4.94,26.0,860200.0
2169.0,3,1.9,8,3.15,34.2,632400.0
2808.0,3,2.0,7,5.16,52.6,791100.0
2141.0,3,2.6,2,7.39,55.7,561300.0
3336.0,4,3.0,1,30.0,31.7,666300.0
3153.0,3,1.5,3,22.21,45.2,663500.0
1951.0,3,1.8,5,15.85,26.4,509200.0
2683.0,2,1.6,10,17.6,44.8,669500.0
2487.0,4,3.0,1,5.05,12.3,674500.0
2921.0,3,2.0,3,8.57,22.3,722600.0
1521.0,3,2.0,3,18.04,38.1,407400.0
2512.0,1,1.1,5,3.99,1.1,662600.0
2735.0,4,2.7,3,26.11,43.3,643900.0
1045.0,1,1.0,9,4.3,50.1,380200.0
1390.0,3,3.3,1,7.35,23.9,484000.0
876.0,5,3.0,4,9.9,26.9,374500.0
1938.0,3,1.3,10,24.06,51.1,538400.0
2531.0,2,1.9,10,2.24,46.5,773700.0
3001.0,3,1.9,4,10.97,17.3,742400.0
2144.0,4,2.8,1,5.89,19.4,613100.0
3077.0,3,1.9,2,2.5,40.7,732000.0
1272.0,5,3.6,1,11.99,33.8,427700.0
1078.0,2,2.3,6,6.43,9.7,474500.0
2067.0,3,2.7,3,8.65,18.6,607600.0
2330.0,3,2.7,7,3.12,54.0,692800.0
2080.0,4,2.3,5,5.25,41.3,570400.0
860.0,2,1.0,9,7.69,59.2,339200.0
2047.0,4,1.6,7,4.15,46.0,665800.0
1317.0,3,1.8,4,1.77,56.5,453400.0
2502.0,3,2.7,5,26.09,13.0,632900.0
2320.0,2,1.8,5,5.73,46.3,620200.0
1536.0,4,2.9,5,10.59,1.2,524000.0
1792.0,2,1.5,10,4.24,40.2,591500.0
1464.0,3,1.9,9,3.51,28.2,509200.0
2062.0,2,1.6,10,4.18,20.8,611100.0
2673.0,4,3.4,3,4.21,51.7,706600.0
1509.0,3,1.4,6,6.29,51.3,482400.0
2402.0,4,3.1,8,6.27,1.3,720100.0
1782.0,2,2.0,9,5.5,36.6,580800.0
1624.0,3,2.0,7,1.16,22.1,545800.0
2036.0,3,2.6,3,5.48,24.9,568700.0
1479.0,4,4.4,1,1.48,49.9,548300.0
1768.0,4,2.9,4,1.08,18.6,600100.0
1381.0,1,1.0,6,21.58,56.6,319600.0
3279.0,3,1.9,3,7.43,10.8,812000.0
2121.0,2,1.6,1,8.62,39.8,482300.0
1680.0,3,2.5,6,4.11,40.3,561600.0
2228.0,2,1.6,1,19.17,15.1,538700.0
2033.0,3,1.7,9,8.13,19.5,650800.0
1967.0,3,2.4,1,11.73,50.1,554900.0
2469.0,3,3.0,6,3.68,45.7,658100.0
2555.0,3,2.5,1,25.75,19.7,576100.0
1782.0,3,2.7,7,13.74,32.0,517000.0
1755.0,3,2.1,3,15.39,3.7,495200.0
1935.0,2,1.9,6,1.51,12.5,605000.0
800.0,4,3.1,7,2.53,29.1,502500.0
1191.0,2,1.0,1,2.69,5.2,386600.0
2920.0,3,2.4,1,2.53,50.6,716200.0
3087.0,3,1.8,5,15.47,43.1,756700.0
1951.0,3,1.9,6,0.5,56.6,590800.0
2446.0,2,1.6,9,0.63,41.6,755300.0
2287.0,3,2.4,1,2.56,56.4,612900.0
3947.0,4,2.4,4,1.78,33.3,997100.0
2772.0,3,2.8,10,2.11,36.0,774400.0
2023.0,3,2.5,8,12.79,58.6,635500.0
1527.0,3,1.9,10,6.62,38.5,532200.0
1136.0,2,1.0,9,0.5,1.8,486200.0
2222.0,3,2.2,3,4.49,43.4,589200.0
1646.0,4,2.8,2,4.19,54.3,482200.0
1247.0,2,1.6,4,0.97,47.7,391200.0
1712.0,2,1.3,2,9.02,35.0,453300.0
1451.0,2,1.0,1,9.69,40.3,327400.0
3112.0,3,2.1,3,10.21,59.4,723400.0
2629.0,5,3.6,7,10.43,5.4,819700.0
2095.0,2,1.8,1,0.5,40.0,570700.0
2988.0,3,1.9,2,24.62,17.0,670000.0
2146.0,2,2.3,1,13.47,38.4,496000.0
1583.0,5,2.8,8,18.75,36.5,492300.0
3014.0,2,2.2,5,0.5,9.2,832400.0
2423.0,3,2.1,8,21.73,12.4,636600.0
1478.0,3,2.7,3,13.28,37.3,442100.0
1986.0,3,2.3,7,14.52,7.7,590500.0
1575.0,3,2.8,8,0.78,15.9,614500.0
1270.0,3,2.1,6,10.74,50.1,475900.0
2656.0,3,1.7,7,25.73,19.6,682800.0
3246.0,2,2.2,2,9.08,29.3,700300.0
1261.0,2,1.4,8,6.76,56.5,426700.0
2438.0,3,2.4,5,23.3,13.6,579400.0
1710.0,2,2.1,7,4.68,23.4,580200.0
1808.0,2,1.0,1,7.32,36.4,456500.0
1745.0,3,2.5,5,5.18,45.3,558400.0
1582.0,5,3.5,1,21.61,54.1,426200.0
2129.0,3,2.2,8,0.63,54.9,630500.0
1601.0,2,1.5,4,5.56,46.6,443200.0
2262.0,2,1.0,4,9.29,13.7,547400.0
2070.0,5,3.4,2,12.56,1.5,587400.0
1957.0,2,2.2,5,7.0,23.0,533600.0
1555.0,2,1.9,1,19.17,8.5,372600.0
1754.0,3,2.2,9,22.78,42.6,482000.0
2553.0,3,2.4,5,0.53,39.7,725900.0
2401.0,3,2.1,6,4.12,2.6,715500.0
1513.0,2,2.2,2,0.5,50.2,469800.0
2160.0,1,1.0,10,3.2,14.9,679600.0
2551.0,5,3.9,10,6.16,25.9,822300.0
1098.0,2,2.1,1,19.33,40.1,272800.0
2426.0,3,1.9,4,15.0,25.8,670800.0
1702.0,3,3.0,7,1.09,26.5,626500.0
2442.0,3,1.5,6,0.78,3.9,719000.0
1642.0,3,3.1,10,7.12,24.1,607700.0
1017.0,2,1.3,1,6.08,45.9,321900.0
1123.0,3,2.1,1,2.48,54.9,370900.0
2129.0,4,2.1,8,18.38,24.8,616700.0
2256.0,4,2.8,4,20.98,25.4,604700.0
1557.0,2,1.0,5,4.12,42.2,449700.0
2483.0,2,1.2,7,17.68,56.6,554100.0
1103.0,4,2.9,8,3.88,16.0,461700.0
2060.0,3,2.7,10,10.68,26.4,678600.0
1373.0,4,3.1,7,5.17,47.8,485200.0
1709.0,2,1.7,2,1.05,36.6,505200.0
2128.0,3,1.7,4,21.04,6.6,515300.0
1584.0,3,1.8,10,4.84,37.7,537200.0
1869.0,3,3.1,1,10.61,11.2,516400.0
2704.0,3,1.9,10,3.66,30.6,790900.0
1754.0,1,1.6,9,0.5,31.7,542800.0
2601.0,3,2.1,3,0.85,52.6,667200.0
1422.0,2,1.5,3,5.48,27.7,434600.0
2418.0,3,2.8,10,9.37,16.8,708100.0
2965.0,5,4.4,9,3.26,13.9,958300.0
800.0,3,2.2,10,9.51,52.5,353600.0
1622.0,4,2.8,3,9.6,10.3,520800.0
2446.0,2,1.5,8,9.74,25.6,699100.0
1978.0,3,2.4,2,5.43,11.2,541200.0
2323.0,5,4.2,3,19.71,46.4,624500.0
1738.0,2,1.5,2,5.37,28.5,484800.0
2152.0,1,1.1,1,4.79,21.1,510700.0
2007.0,3,3.1,2,1.78,21.7,601100.0
2801.0,2,1.7,8,2.94,51.1,761400.0
2253.0,3,2.4,9,0.5,33.2,702000.0
2303.0,4,2.2,2,8.03,43.1,626900.0
1853.0,3,1.0,7,2.29,53.8,570300.0
1807.0,2,1.7,5,2.9,54.1,510900.0
1840.0,3,2.2,3,11.79,19.7,549300.0
2337.0,3,2.0,9,3.17,57.1,670800.0
1847.0,1,1.0,6,2.22,1.5,581000.0
2274.0,3,2.2,1,1.48,22.6,603200.0
3345.0,3,2.8,5,11.93,53.7,800900.0
2623.0,3,2.3,7,1.11,16.5,762500.0
1904.0,2,1.1,4,4.84,16.4,548100.0
2821.0,3,2.7,8,5.66,18.2,741900.0
1855.0,2,1.4,10,9.3,36.7,584200.0
877.0,2,1.8,5,8.03,26.3,352200.0
1495.0,4,2.8,9,13.32,43.6,538500.0
978.0,3,1.9,9,0.5,53.7,463000.0
1889.0,1,1.0,9,2.81,40.5,579300.0
2111.0,2,1.5,1,2.63,12.3,513700.0
3106.0,2,1.7,2,1.26,56.0,709000.0
2296.0,2,1.4,3,2.73,15.9,624900.0
1969.0,2,1.0,4,2.97,9.0,568600.0
2598.0,2,1.3,10,5.9,5.4,728500.0
800.0,3,2.6,9,8.72,33.8,430400.0
2241.0,3,2.1,10,3.84,6.8,716700.0
2563.0,3,2.1,6,10.17,8.3,727000.0
1213.0,3,2.7,1,3.28,18.0,461900.0
2786.0,2,1.1,9,2.74,16.9,778800.0
2303.0,5,3.0,6,6.23,36.3,715900.0
1851.0,4,2.9,4,0.5,49.0,577500.0
2480.0,4,2.8,4,0.67,45.7,731100.0
3462.0,4,2.5,3,4.33,15.7,884900.0
2209.0,4,2.9,7,22.91,14.7,614300.0
2249.0,3,2.5,3,10.23,57.9,549200.0
1824.0,2,1.5,2,0.74,0.5,528700.0
1590.0,3,2.4,10,14.98,52.8,494600.0
2598.0,3,3.2,8,10.54,12.0,774100.0
1586.0,3,2.1,4,7.55,56.8,503700.0
2143.0,3,2.4,8,13.73,20.5,654900.0
1813.0,2,1.2,1,4.14,26.4,546300.0
2387.0,3,1.8,5,2.0,42.4,651800.0
2300.0,4,2.7,9,5.74,35.3,733800.0
2723.0,3,2.0,1,6.37,19.1,651200.0
1794.0,3,2.4,4,6.18,33.2,538300.0
1938.0,2,2.7,6,6.66,43.8,538000.0
1513.0,3,1.9,10,23.76,2.5,511900.0
1833.0,4,2.8,8,18.6,0.7,583600.0
2326.0,3,2.2,3,16.68,27.5,531400.0
2554.0,4,3.2,5,12.93,7.9,701300.0
1547.0,3,2.4,7,22.98,39.9,497500.0
2622.0,3,2.9,1,0.83,12.8,722100.0
2913.0,2,1.0,7,2.46,26.0,782300.0
2348.0,3,1.1,8,5.47,11.9,688600.0
3226.0,3,2.0,8,14.99,32.9,803500.0
1636.0,3,2.8,9,5.63,7.0,606700.0
1353.0,3,1.5,6,11.03,1.4,475700.0
1033.0,4,1.5,6,1.2,3.1,440800.0
2998.0,2,1.8,2,2.33,57.3,731000.0
2493.0,4,3.1,3,10.53,8.5,719200.0
2067.0,2,1.0,4,1.44,42.5,556900.0
2268.0,3,1.8,4,3.46,4.1,640300.0
1425.0,1,1.0,8,2.46,6.5,481800.0
3567.0,3,2.3,1,3.44,30.5,891600.0
2178.0,3,1.9,10,9.86,27.9,651700.0
2166.0,2,1.7,4,3.67,57.1,590200.0
2535.0,3,1.0,4,6.48,56.7,624800.0
2389.0,4,2.6,1,0.84,46.8,643800.0
2234.0,2,1.0,3,13.08,36.1,514500.0
1626.0,4,2.9,5,3.69,27.3,541800.0
2383.0,3,2.0,6,8.37,21.4,685600.0
3229.0,3,2.6,9,10.34,56.8,810800.0
2907.0,2,1.0,9,1.88,36.2,792000.0
3056.0,2,1.5,9,17.28,34.7,753100.0
1793.0,2,1.8,1,7.66,13.9,506600.0
1506.0,2,2.4,9,4.48,2.8,551800.0
2025.0,2,1.3,8,1.61,56.7,623500.0
2133.0,3,2.4,2,22.82,18.8,515200.0
2757.0,4,2.1,1,11.25,26.6,741100.0
1085.0,4,1.8,1,1.87,6.9,378000.0
3018.0,3,2.7,6,3.3,50.2,860400.0
2005.0,2,1.5,9,13.27,1.7,597800.0
1844.0,2,2.1,7,9.52,50.0,544000.0
1493.0,3,1.6,5,11.61,8.4,462300.0
1107.0,2,1.8,2,4.66,53.2,315700.0
2594.0,3,3.2,1,10.08,43.8,633700.0
2144.0,3,2.5,2,3.91,9.9,606000.0
1326.0,3,2.4,1,1.9,33.9,444000.0
1323.0,3,2.3,3,8.01,18.8,473300.0
1899.0,4,2.2,6,29.84,10.7,513600.0
3101.0,4,3.7,8,2.98,51.6,881700.0
1944.0,3,1.9,3,4.94,24.2,570500.0
1198.0,4,3.3,10,8.97,23.9,490900.0
1953.0,5,3.0,9,6.24,10.2,652400.0
1936.0,3,1.7,10,14.83,23.0,558100.0
800.0,3,3.0,5,11.48,52.3,336200.0
2067.0,3,2.1,7,0.5,21.8,611200.0
1961.0,4,3.7,8,30.0,57.1,522300.0
2518.0,4,3.0,3,11.17,56.8,617900.0
3209.0,2,1.0,2,15.96,8.7,723200.0
2776.0,3,2.7,2,8.43,10.6,726500.0
1939.0,3,2.0,5,15.52,51.8,508900.0
1436.0,3,2.6,1,0.95,23.6,429200.0
3644.0,2,1.5,2,3.42,0.3,859600.0
2136.0,4,2.2,9,16.73,16.4,651300.0
2108.0,3,2.3,7,1.8,35.9,673100.0
2086.0,4,4.1,6,0.65,48.0,730600.0
2219.0,4,3.2,9,12.41,8.0,734600.0
2013.0,3,2.2,7,14.44,6.6,603700.0
1756.0,3,2.8,5,1.42,55.3,553600.0
1772.0,3,2.4,9,15.41,45.1,529600.0
2080.0,2,1.6,6,9.29,35.4,605900.0
1774.0,3,1.7,6,5.87,46.2,543400.0
1672.0,2,1.6,4,14.19,25.7,473900.0
2164.0,3,2.8,1,4.35,45.5,568200.0
1947.0,2,1.1,5,1.73,22.3,537800.0
3002.0,2,2.2,9,2.68,14.6,828000.0
800.0,2,1.5,8,5.63,43.7,359100.0
2755.0,1,1.0,8,6.06,25.2,720000.0
2848.0,3,2.7,5,13.1,58.9,686700.0
856.0,3,2.1,9,12.54,21.0,405000.0
1894.0,3,2.6,3,6.97,55.3,562500.0
1877.0,2,1.4,3,12.14,56.0,422800.0
1255.0,2,1.5,1,1.7,14.5,355100.0
1633.0,1,1.0,9,0.5,47.9,557700.0
1434.0,2,1.6,6,16.55,26.0,390600.0
3151.0,4,2.0,2,0.63,55.1,774600.0
2661.0,2,1.0,8,2.27,27.0,743800.0
2863.0,3,2.7,9,9.51,44.7,782000.0
2533.0,2,1.4,9,4.21,28.0,714200.0
1423.0,2,1.2,2,16.72,13.7,379200.0
1785.0,3,1.6,2,2.83,12.0,595100.0
2394.0,3,1.7,7,0.5,25.5,751100.0
1367.0,2,1.0,4,2.86,45.3,406400.0
2528.0,2,1.4,1,6.9,36.3,626600.0
1956.0,3,2.0,8,3.77,41.3,629400.0
1875.0,2,1.0,2,6.12,16.9,501300.0
2527.0,2,1.5,3,16.74,28.9,565300.0
2367.0,5,3.9,5,19.49,2.7,700100.0
1883.0,3,3.3,3,2.47,49.1,564000.0
2796.0,3,1.5,7,4.96,59.4,719900.0
1451.0,3,2.8,7,6.37,24.4,511700.0
2470.0,3,2.7,2,23.83,0.7,622500.0
2456.0,3,1.9,7,30.0,10.2,582800.0
1914.0,3,2.4,6,2.15,39.2,583900.0
2296.0,3,2.0,10,10.39,36.7,697000.0
1349.0,2,1.6,9,3.8,47.3,484300.0
2654.0,3,3.0,9,0.5,15.2,812700.0
1989.0,3,2.6,2,0.5,45.8,601100.0
1786.0,4,3.3,7,4.94,41.3,644700.0
2729.0,3,2.0,5,5.36,19.4,681100.0
1677.0,3,1.5,6,0.5,32.7,548700.0
1255.0,2,1.4,1,9.29,8.8,340800.0
1166.0,3,2.9,7,2.79,27.2,484600.0
2464.0,2,1.0,6,6.57,52.9,627800.0
1332.0,3,1.7,4,2.86,25.3,454800.0
3153.0,2,1.6,1,1.46,50.4,708000.0
851.0,3,1.8,9,4.18,35.4,396000.0
3118.0,2,1.1,4,2.11,11.5,798500.0
2227.0,3,2.0,2,6.12,34.9,627800.0
2042.0,4,2.3,8,1.77,30.4,620600.0
1773.0,2,1.0,2,5.68,23.9,471100.0
2339.0,3,2.6,5,1.37,7.2,721400.0
2077.0,3,1.6,6,8.89,25.0,595700.0
2762.0,1,1.0,8,11.22,4.4,682200.0
2169.0,4,2.7,1,0.94,5.9,631700.0
2190.0,2,1.9,1,5.05,25.0,573900.0
1882.0,3,2.2,4,0.59,18.3,584600.0
2066.0,3,2.0,5,7.29,55.5,572700.0
2285.0,3,2.3,9,2.46,22.5,716700.0
1074.0,3,1.4,7,6.0,45.5,402000.0
1291.0,2,1.7,7,5.83,31.8,479000.0
2546.0,1,1.0,8,20.65,42.2,585300.0
2203.0,3,2.0,5,6.37,15.6,610200.0
1990.0,3,2.8,5,7.0,56.5,633700.0
2111.0,4,2.4,1,4.11,31.8,589500.0
2309.0,4,3.6,9,23.82,49.9,582200.0
1776.0,4,3.1,6,12.01,21.9,608600.0
1633.0,3,2.1,9,2.69,6.0,635700.0
2218.0,3,2.2,3,14.87,40.4,571800.0
1513.0,4,2.9,5,4.53,0.5,578700.0
2345.0,3,2.9,2,14.11,28.5,654300.0
1078.0,2,1.0,10,13.85,11.6,395900.0
2717.0,4,2.6,5,1.67,37.6,765600.0
2384.0,4,3.5,8,9.66,58.8,752700.0
2254.0,3,2.0,2,2.75,27.9,669800.0
2690.0,2,2.0,8,2.82,49.0,726500.0
3099.0,3,3.1,4,2.81,30.5,867800.0
2709.0,4,2.8,10,10.34,29.8,812400.0
995.0,4,3.3,10,2.09,55.8,540100.0
1332.0,2,1.0,1,0.5,53.4,404700.0
1725.0,2,1.9,5,10.05,47.1,495600.0
2116.0,4,3.1,1,1.5,17.8,685900.0
2411.0,3,2.5,7,0.88,32.7,706600.0
1665.0,3,1.9,8,2.17,13.4,637800.0
2212.0,5,2.9,3,3.82,26.6,717000.0
1647.0,2,1.8,3,5.17,29.1,517800.0
1733.0,3,1.2,7,0.5,49.9,552100.0
1256.0,2,1.3,4,28.21,53.8,295100.0
1546.0,3,2.7,3,10.07,24.9,449300.0
1289.0,4,3.1,8,3.12,1.1,556400.0
1514.0,3,3.2,3,3.07,51.7,511900.0
2732.0,5,4.3,7,4.76,10.5,813600.0
1530.0,3,1.9,2,7.87,37.3,441200.0
3679.0,3,2.3,1,1.27,1.5,950000.0
2396.0,2,1.5,6,1.68,24.0,667700.0
2211.0,3,1.5,8,15.7,59.2,610900.0
1585.0,3,1.8,1,2.37,6.0,508500.0
2520.0,2,1.2,10,3.83,25.4,717400.0
1755.0,3,1.2,9,16.4,18.4,531600.0
2173.0,3,2.3,3,8.7,54.3,575200.0
3636.0,3,2.1,3,3.34,52.2,811800.0
2042.0,3,1.4,4,9.21,14.3,592500.0
2790.0,3,2.5,1,0.5,4.9,739000.0
1678.0,1,1.1,9,10.64,37.6,524200.0
2079.0,2,1.6,3,5.34,20.2,575300.0
3162.0,3,2.1,10,13.42,40.3,819500.0
1724.0,3,2.5,4,24.74,1.9,479000.0
3187.0,1,1.1,1,20.81,8.0,665900.0
2525.0,4,3.2,4,19.2,41.2,683000.0
1763.0,4,2.6,1,5.74,12.7,540800.0
2479.0,3,2.4,5,3.57,51.5,686500.0
2684.0,2,2.1,5,5.0,3.5,695800.0
2473.0,4,2.7,7,9.37,12.9,727300.0
1158.0,3,3.3,8,17.23,59.9,458700.0
1664.0,4,2.7,4,1.86,26.0,576800.0
1951.0,4,3.0,7,20.03,42.2,540100.0
2055.0,4,2.7,4,13.51,11.0,573700.0
2472.0,3,2.4,3,30.0,36.6,528400.0
2207.0,2,1.0,6,16.98,43.6,566000.0
1299.0,3,2.0,4,2.63,18.9,492300.0
2328.0,3,1.7,3,0.9,49.7,538900.0
2466.0,3,2.3,9,0.95,36.2,744600.0
2436.0,2,2.0,5,2.75,23.3,677300.0
2748.0,2,1.8,7,7.62,33.5,697000.0
2600.0,4,1.8,6,13.05,34.6,676500.0
2376.0,3,3.3,10,18.36,9.9,739800.0
2058.0,4,3.1,5,7.82,24.2,644600.0
1103.0,4,2.6,7,0.5,20.6,494100.0
2358.0,3,2.3,6,1.65,24.1,692400.0
2225.0,3,2.3,10,0.84,45.7,701100.0
2263.0,4,2.7,2,3.61,29.0,649700.0
1334.0,3,2.3,3,5.57,56.4,392500.0
1451.0,3,1.9,2,0.5,17.6,466200.0
2732.0,2,1.3,3,3.43,24.9,710500.0
2076.0,3,1.9,1,1.58,47.2,556200.0
2509.0,3,1.5,8,8.33,32.8,673200.0
2117.0,2,1.6,6,4.99,32.8,579900.0
2118.0,2,1.8,2,5.47,3.2,596200.0
2663.0,3,2.5,8,4.46,23.9,756500.0
1790.0,2,1.9,6,24.99,16.2,482300.0
2158.0,2,1.7,7,1.93,60.0,598200.0
1823.0,3,2.0,1,5.82,18.5,489000.0
1839.0,4,3.4,7,10.65,53.1,594800.0
1914.0,3,1.6,3,6.51,40.6,526200.0
2233.0,2,1.0,8,21.16,20.5,586700.0
1813.0,2,1.0,6,3.8,32.6,558300.0
2853.0,3,2.8,4,4.98,50.4,730800.0
1563.0,3,2.7,8,0.74,53.0,572600.0
1988.0,4,3.2,9,7.51,9.6,674900.0
1836.0,3,2.8,10,2.72,20.4,673600.0
2968.0,4,2.6,2,1.4,20.1,793800.0
2218.0,2,1.7,6,6.29,2.5,623800.0
2719.0,3,2.2,5,6.08,35.9,702700.0
1209.0,2,1.9,5,0.63,51.3,438200.0
2260.0,4,2.9,10,9.58,22.9,749600.0
2634.0,3,2.1,3,7.82,44.4,686300.0
2149.0,3,2.5,8,1.68,37.7,652400.0
2739.0,2,1.9,8,5.07,22.5,732800.0
1790.0,2,1.2,5,10.19,8.5,497600.0
2946.0,3,2.2,8,6.03,42.6,778200.0
3479.0,2,1.0,10,4.03,51.3,831100.0
1882.0,3,1.0,8,3.11,41.2,604000.0
1833.0,2,1.6,3,7.54,1.1,514100.0
2972.0,3,2.6,2,22.39,13.0,696400.0
3048.0,4,3.1,9,8.91,4.2,868700.0
1786.0,4,2.0,2,0.62,34.2,547700.0
1848.0,4,2.8,9,4.94,45.4,615800.0
1931.0,2,1.0,4,17.72,6.6,491500.0
1293.0,2,2.2,2,0.79,50.3,396100.0
1549.0,3,1.7,10,30.0,33.3,446700.0
1498.0,3,2.9,1,23.82,41.4,414000.0
1639.0,3,2.7,4,0.65,58.3,539100.0
2079.0,1,1.0,9,21.67,5.0,555400.0
2241.0,2,1.0,9,3.61,54.1,602000.0
3030.0,1,1.0,4,14.9,7.6,706700.0
1501.0,4,2.6,9,4.34,23.6,601100.0
2691.0,2,1.6,6,4.65,51.1,699900.0
1972.0,3,2.0,1,8.05,54.4,511400.0
2070.0,1,1.0,10,11.91,30.4,578600.0
2505.0,3,1.1,6,0.5,35.6,710100.0
1426.0,3,2.4,9,7.19,42.5,558200.0
2329.0,4,2.7,2,1.65,50.0,655200.0
2200.0,4,2.7,6,3.4,7.3,673000.0
2395.0,3,2.6,2,3.42,48.6,612700.0
2274.0,4,3.6,4,5.06,28.9,700100.0
3573.0,5,3.6,8,3.25,27.0,970900.0
1717.0,4,2.8,7,0.91,25.4,623900.0
1781.0,4,3.3,9,1.26,30.6,651400.0
1726.0,2,1.0,7,0.5,56.7,500900.0
1767.0,3,2.4,1,5.08,32.9,528300.0
1718.0,2,1.8,2,24.71,57.2,392100.0
2813.0,2,1.8,6,0.98,10.8,735100.0
2952.0,5,2.8,7,23.39,43.4,758800.0
1758.0,3,1.9,3,10.57,48.7,489800.0
1601.0,3,1.8,9,8.12,40.7,560500.0
2383.0,4,3.0,7,8.29,36.4,708600.0
1769.0,4,3.2,6,14.02,33.9,595100.0
2480.0,5,4.5,6,0.9,51.7,776200.0
2222.0,2,1.3,1,5.62,49.3,530100.0
1191.0,1,1.0,5,9.55,7.3,364000.0
3029.0,3,2.8,10,7.07,50.9,811000.0
3178.0,2,1.6,3,14.31,24.8,699200.0
1732.0,1,1.4,7,0.6,15.2,560900.0
1867.0,3,2.4,10,9.39,52.2,592500.0
2272.0,4,2.4,3,6.11,25.9,649100.0
2301.0,3,1.6,5,3.81,48.5,599600.0
2495.0,3,1.5,7,3.33,15.8,694600.0
3306.0,3,2.6,3,7.76,0.2,812900.0
1994.0,2,2.1,10,17.73,29.7,635700.0
1621.0,1,1.7,2,5.48,6.0,462700.0
1272.0,4,3.4,6,13.93,45.3,461600.0
1661.0,3,2.8,8,4.12,16.6,596300.0
2080.0,4,2.7,4,0.86,26.6,685900.0
3177.0,1,1.0,9,0.51,5.2,805900.0
1789.0,4,3.4,8,0.5,17.2,664300.0
2234.0,3,2.5,7,3.83,46.9,622000.0
2090.0,3,2.3,7,3.29,9.1,604700.0
2813.0,3,2.4,3,10.12,38.8,679200.0
3616.0,4,3.2,6,10.86,55.0,908800.0
1781.0,3,2.9,5,0.5,40.8,563500.0
1806.0,3,2.9,1,2.0,48.7,536900.0
2726.0,5,4.0,3,2.56,6.5,809300.0
2509.0,4,3.4,1,6.35,15.0,686900.0
3208.0,3,2.5,4,1.25,53.7,844600.0
2450.0,3,2.0,10,1.15,42.9,727900.0
1884.0,3,2.6,3,23.03,38.4,482000.0
2454.0,2,1.0,4,13.05,39.8,538400.0
2765.0,3,2.8,9,1.59,24.9,821600.0
2592.0,4,2.4,3,4.17,2.7,721000.0
2404.0,4,3.1,6,3.52,47.1,682000.0
2740.0,3,1.8,6,12.52,40.7,704500.0
2802.0,3,2.5,7,5.71,28.4,755400.0
2929.0,2,1.5,9,1.09,54.0,828100.0
2489.0,5,3.0,7,10.75,20.2,680200.0
2000.0,5,4.0,1,4.05,17.7,638800.0
2188.0,3,2.0,8,2.44,52.4,658000.0
2824.0,4,3.4,5,3.77,47.8,775000.0
1610.0,3,2.3,9,5.51,30.9,558700.0
2321.0,3,2.4,10,3.36,7.8,747500.0
1864.0,2,1.0,5,2.22,12.9,583100.0
2117.0,3,2.0,5,4.07,39.4,569100.0
2867.0,3,2.0,2,0.5,23.1,722500.0
2215.0,3,2.7,3,11.84,50.2,550400.0
2128.0,3,3.1,10,1.5,57.0,667100.0
1284.0,4,2.6,9,0.5,48.3,550400.0
2548.0,2,2.0,7,8.48,22.7,707800.0
2487.0,3,1.2,1,11.9,47.3,598800.0
3398.0,3,1.7,3,13.45,21.1,804800.0
1915.0,3,1.8,2,5.44,10.0,567600.0
2231.0,3,1.6,1,1.84,2.0,579900.0
2250.0,2,1.0,9,10.69,23.1,666600.0
3046.0,2,1.7,8,9.62,54.2,755100.0
2043.0,3,2.1,5,2.26,14.3,653300.0
2267.0,3,2.4,2,18.7,12.4,532800.0
2465.0,2,1.8,1,0.88,58.2,601000.0
2212.0,3,2.4,7,30.0,1.5,598400.0
1832.0,3,2.6,2,15.74,47.1,477300.0
2216.0,3,2.2,1,9.32,19.3,559200.0
2744.0,4,2.4,2,22.34,2.2,694900.0
1484.0,2,2.0,7,10.25,55.1,433100.0
2180.0,1,1.0,7,1.69,8.4,629400.0
1680.0,4,2.5,10,4.67,33.1,634300.0
2817.0,3,2.2,6,0.59,16.4,843100.0
1186.0,3,1.8,5,3.95,3.9,451700.0
1765.0,4,2.8,3,10.83,3.0,546000.0
2326.0,4,3.2,3,3.91,6.9,682500.0
3039.0,5,3.9,9,3.21,4.3,939200.0
2061.0,3,1.8,4,7.24,45.6,579400.0
1767.0,3,2.0,9,16.46,29.1,573800.0
3229.0,3,2.8,4,0.5,20.6,872100.0
1231.0,2,1.7,2,3.9,25.1,389100.0
800.0,3,3.3,4,1.38,55.7,403100.0
2364.0,2,2.1,6,9.51,54.6,621300.0
1799.0,4,3.6,6,0.89,42.9,644200.0
1487.0,3,1.6,5,8.74,53.1,473600.0
2525.0,3,2.6,1,2.7,19.2,714600.0
2246.0,3,2.2,3,1.77,22.9,629800.0
1762.0,2,1.2,5,22.04,36.8,420000.0
1332.0,1,1.0,6,0.5,37.4,454400.0
2623.0,3,2.7,1,4.61,28.9,707500.0
2490.0,2,1.8,9,0.5,24.0,738200.0
2040.0,3,1.8,3,5.29,59.2,578200.0
3208.0,4,3.4,10,5.56,49.3,921100.0
1458.0,4,2.7,3,3.1,26.1,505200.0
1185.0,3,2.4,2,1.13,43.6,435000.0
1685.0,2,1.3,8,3.78,16.2,545500.0
2073.0,4,2.9,3,8.92,6.0,624200.0
2246.0,4,3.4,6,12.2,21.1,643700.0
1955.0,2,1.0,2,6.05,24.2,509400.0
2311.0,3,3.2,7,7.13,1.0,739100.0
1349.0,2,1.0,4,1.79,48.9,441600.0
2966.0,4,2.7,9,2.71,21.6,882200.0
2051.0,5,3.9,10,1.41,34.8,753200.0
2770.0,1,1.0,9,2.29,4.4,767600.0
2306.0,4,2.9,7,2.04,10.5,705100.0
2374.0,3,2.2,8,5.86,53.4,674400.0
2442.0,5,4.0,3,6.62,36.5,716300.0
2369.0,3,2.1,5,23.2,57.0,531300.0
2486.0,4,3.7,2,1.74,59.9,645700.0
2897.0,2,1.9,10,8.21,22.3,821300.0
2218.0,3,2.7,7,13.6,17.9,644500.0
2525.0,2,1.0,8,6.57,51.5,669700.0
2046.0,5,3.7,9,2.36,59.9,718300.0
2964.0,4,2.8,7,2.44,37.8,808200.0
1694.0,4,2.5,10,0.5,47.7,617900.0
3181.0,4,3.2,10,2.92,46.9,945800.0
2076.0,2,1.2,8,10.92,21.3,578000.0
1242.0,3,2.6,9,0.5,34.5,523400.0
2177.0,2,1.0,6,1.98,50.0,581100.0
1691.0,2,2.4,10,9.8,41.3,540100.0
2604.0,2,1.1,2,12.21,1.3,651700.0
1708.0,3,2.4,2,4.86,20.2,457900.0
1832.0,2,1.9,4,9.58,8.7,517300.0
966.0,2,1.2,9,3.93,14.0,439900.0
1829.0,2,1.9,7,1.39,54.3,606800.0
800.0,2,1.0,2,4.06,2.2,295600.0
1150.0,5,4.5,8,6.94,13.2,528300.0
2556.0,4,3.0,7,23.66,18.6,660100.0
2571.0,5,3.5,9,0.57,37.0,841100.0
2355.0,3,2.1,8,5.66,32.0,694900.0
1520.0,2,1.9,3,3.19,13.1,448100.0
2071.0,4,2.7,1,5.68,9.9,603700.0
2098.0,3,1.9,2,0.5,14.2,644100.0
1405.0,2,1.4,2,3.0,30.2,433700.0
3002.0,2,1.0,4,13.71,16.3,704800.0
2626.0,2,2.4,6,6.46,56.9,691800.0
1967.0,2,1.2,4,4.79,27.8,554900.0
2116.0,3,2.7,9,2.69,3.5,677300.0
2225.0,3,2.4,4,2.83,43.8,623900.0
875.0,2,1.0,6,3.86,19.7,368200.0
1952.0,2,1.5,6,14.44,39.2,507600.0
1691.0,4,3.4,10,27.34,16.8,568300.0
1499.0,2,1.4,10,4.62,34.2,514100.0
1931.0,3,2.8,1,4.0,46.3,531800.0
3179.0,4,3.5,8,15.0,55.7,797500.0
2485.0,2,2.0,3,4.45,15.7,666500.0
1757.0,2,1.3,6,6.42,20.1,554300.0
2444.0,3,1.7,3,2.1,27.9,649700.0
2940.0,3,1.9,2,10.89,55.6,701300.0
2655.0,3,2.3,5,6.07,54.1,692500.0
2136.0,4,3.3,1,13.25,5.4,532600.0
1712.0,2,1.0,9,12.14,7.9,534400.0
2519.0,3,2.2,7,1.94,29.7,726500.0
2336.0,3,2.3,3,10.06,6.4,636000.0
2637.0,2,1.4,4,12.88,20.7,648500.0
2481.0,3,2.9,6,3.4,8.9,720300.0
2730.0,2,1.7,3,1.52,38.2,727800.0
1779.0,3,2.9,7,0.5,57.0,592400.0
2890.0,2,1.4,6,4.8,59.8,713100.0
2219.0,3,2.7,9,3.48,22.5,727800.0
3345.0,3,3.1,5,6.48,35.9,854600.0
1686.0,4,3.7,4,1.67,51.4,636900.0
3142.0,2,1.0,3,15.71,7.0,707600.0
2219.0,3,2.1,10,2.38,41.4,706600.0
1709.0,3,2.1,1,2.05,24.5,491800.0
1810.0,3,2.5,3,5.24,12.4,579100.0
1908.0,3,2.6,3,5.53,24.2,574700.0
2354.0,3,1.8,7,1.94,4.6,703300.0
2414.0,4,3.0,7,2.54,41.7,709900.0
1756.0,4,2.0,1,1.49,15.2,509300.0
2085.0,3,3.0,3,10.14,18.7,602700.0
3385.0,3,2.0,8,11.76,7.3,837900.0
3137.0,4,3.0,9,4.96,51.9,903100.0
2362.0,5,3.6,7,10.02,29.6,694800.0
2123.0,4,3.6,7,10.65,34.3,656100.0
2172.0,3,1.0,8,1.19,34.2,630100.0
2468.0,2,1.5,6,27.09,24.6,570800.0
1486.0,3,2.2,3,13.76,11.6,453900.0
1946.0,3,2.0,1,1.83,44.7,548000.0
1099.0,3,3.1,7,1.65,7.6,468800.0
2340.0,3,1.8,1,1.07,6.2,620500.0
2488.0,4,3.4,1,1.19,42.6,712000.0
1810.0,3,2.4,9,11.03,12.5,617500.0
3044.0,4,3.6,10,5.07,18.4,842400.0
1365.0,3,1.9,7,12.22,28.5,474900.0
1221.0,3,1.9,4,10.97,27.0,384000.0
2235.0,3,2.8,6,7.42,42.5,629800.0
2728.0,4,3.2,1,9.28,37.4,689800.0
3110.0,2,1.0,7,0.5,38.7,837200.0
1825.0,2,1.2,6,2.99,42.8,512200.0
2747.0,5,3.9,4,8.12,17.6,751300.0
2077.0,2,1.9,7,0.5,19.3,653600.0
1996.0,3,1.9,3,0.5,26.3,588200.0
2630.0,3,1.0,1,15.28,18.4,632300.0
2491.0,3,2.5,4,9.22,59.1,631300.0
1154.0,3,1.6,3,2.47,48.8,429800.0
2986.0,2,1.0,1,9.32,9.9,687000.0
2928.0,3,1.0,2,12.58,0.3,709000.0
1725.0,3,2.7,5,2.93,2.6,628800.0
2337.0,3,2.3,8,0.5,14.6,725900.0
2396.0,2,1.4,1,21.6,6.9,559600.0
2256.0,3,2.9,4,3.39,32.0,638100.0
1770.0,2,1.8,4,0.9,51.5,525500.0
1697.0,2,2.3,5,5.42,44.2,478700.0
2085.0,2,1.0,7,11.7,12.9,566000.0
2804.0,2,1.5,8,2.0,24.0,743000.0
2426.0,4,2.2,6,2.51,30.5,744100.0
1878.0,2,1.4,1,2.22,48.6,534700.0
2563.0,4,2.9,7,30.0,50.3,617800.0
800.0,5,4.1,3,1.76,54.6,398300.0
2789.0,3,2.3,6,6.86,30.6,715500.0
1056.0,2,1.8,8,20.75,41.7,360900.0
1883.0,3,2.6,7,1.27,6.7,628300.0
1428.0,4,4.1,10,28.28,33.9,486300.0
1323.0,3,2.1,6,23.57,14.9,450700.0
2796.0,2,1.0,9,17.27,25.9,691500.0
1819.0,3,2.4,9,1.93,38.0,637900.0
2308.0,4,2.6,1,8.04,15.4,629000.0
2072.0,4,3.7,1,11.45,3.1,568800.0
2386.0,2,1.4,1,30.0,0.6,452600.0
2146.0,3,2.0,8,1.59,1.3,706000.0
1330.0,2,1.3,10,11.62,0.5,534600.0
2698.0,2,1.9,7,3.31,6.6,762600.0
1804.0,4,2.9,3,1.55,14.4,610600.0
1166.0,2,1.2,2,4.38,13.3,363200.0
1843.0,2,2.3,4,12.63,59.2,510700.0
3000.0,1,1.0,3,5.0,18.4,736000.0
2610.0,4,3.0,7,6.17,7.6,761600.0
1891.0,4,3.3,10,30.0,32.7,574800.0
1890.0,3,1.4,8,4.07,51.5,537900.0
1907.0,4,3.2,6,7.64,40.7,626300.0
3346.0,2,1.0,3,3.64,17.8,782100.0
2329.0,3,2.7,6,3.99,33.7,651700.0
2358.0,3,1.8,2,9.52,42.9,597800.0
2718.0,2,1.8,7,22.23,43.7,597200.0
2243.0,3,2.8,10,6.25,40.0,710000.0
1945.0,4,3.4,7,11.7,52.2,575800.0
1982.0,1,1.0,4,0.75,52.2,492900.0
2057.0,2,1.4,8,1.9,34.7,622500.0
2078.0,2,1.2,4,5.58,25.8,558700.0
2537.0,2,2.2,7,0.5,38.5,755000.0
2131.0,4,2.7,4,2.33,49.1,599800.0
2540.0,3,1.7,5,5.83,0.3,740100.0
2052.0,3,2.6,7,0.5,59.5,607400.0
2147.0,4,2.6,10,2.46,11.0,757600.0
901.0,2,1.0,3,5.77,28.2,353800.0
2650.0,3,1.5,10,6.81,52.3,743700.0
2308.0,3,2.0,5,20.8,13.5,571800.0
2699.0,3,2.2,3,8.29,28.6,650400.0
800.0,5,3.9,5,4.29,8.0,414400.0
3353.0,4,3.5,3,21.31,23.7,844700.0
2016.0,3,2.5,10,12.29,10.6,641800.0
2765.0,4,2.9,7,1.79,21.8,786200.0
1476.0,2,1.4,1,1.12,22.4,414300.0
2468.0,1,1.0,9,9.01,59.6,637500.0
1468.0,2,2.1,9,6.57,59.7,488600.0
1726.0,3,2.3,5,12.47,6.9,485200.0
3248.0,3,2.0,9,10.74,43.6,856400.0
1986.0,3,1.8,10,7.85,3.1,662500.0
2230.0,4,2.3,6,30.0,1.8,624800.0
2622.0,3,2.6,5,6.1,6.3,763300.0
2397.0,3,2.5,3,0.96,57.9,571400.0
2190.0,2,1.8,8,14.09,56.5,617600.0
2319.0,1,1.0,4,2.32,11.6,644400.0
3542.0,3,3.0,10,12.02,9.7,926000.0
2065.0,3,2.0,3,25.19,14.4,491400.0
2221.0,4,3.5,6,9.55,30.9,682400.0
2730.0,2,1.5,8,7.25,34.2,698800.0
2763.0,1,1.0,9,4.94,13.3,737300.0
2812.0,3,2.5,6,3.63,45.4,784600.0
2483.0,2,1.7,5,3.48,18.6,689200.0
1414.0,1,1.0,2,8.09,55.3,345300.0
3080.0,3,2.3,2,11.13,39.4,753400.0
1412.0,2,1.5,9,9.08,26.2,498000.0
2282.0,3,3.4,2,1.77,47.4,646700.0
1647.0,2,2.1,2,5.45,49.1,448300.0
2062.0,2,1.9,3,12.55,17.4,538600.0
2297.0,3,2.3,3,5.17,20.4,617700.0
2293.0,4,3.5,4,6.15,56.2,608000.0
2353.0,3,2.5,7,11.8,9.9,671300.0
3068.0,4,3.0,9,8.66,2.5,877600.0
2372.0,2,1.3,2,4.21,27.2,604100.0
1954.0,4,3.0,4,18.06,48.1,566000.0
2678.0,2,1.0,9,1.42,46.3,715800.0
2814.0,3,2.4,2,30.0,55.2,574000.0
1363.0,3,2.0,10,1.01,32.0,570200.0
2458.0,4,3.8,1,0.5,6.0,704500.0
2521.0,3,2.3,10,17.66,35.3,698000.0
1921.0,2,1.0,8,2.25,46.7,565800.0
2925.0,1,1.0,9,10.47,5.6,748500.0
2010.0,4,2.5,7,13.33,10.4,641500.0
2175.0,3,2.5,8,15.67,0.7,638000.0
1996.0,4,3.1,4,30.0,35.6,521800.0
2109.0,2,2.0,4,2.79,53.2,528300.0
1442.0,3,1.9,2,9.91,40.2,385100.0
1236.0,1,1.0,8,0.98,58.9,372100.0
3057.0,5,3.1,2,4.18,3.8,801700.0
1592.0,3,2.6,9,15.07,54.2,560000.0
1505.0,4,3.3,4,3.67,48.8,523000.0
808.0,2,1.7,1,7.15,18.9,283600.0
1717.0,3,2.3,4,5.61,58.4,528800.0
1306.0,3,2.5,3,8.31,17.3,469500.0
3085.0,3,3.1,6,28.86,53.4,672900.0
2706.0,4,2.9,7,0.5,52.8,846300.0
1687.0,4,3.1,8,6.83,45.5,596100.0
3451.0,4,2.5,2,15.9,33.8,809000.0
2689.0,3,1.8,6,5.25,7.2,757100.0
1905.0,2,1.5,6,0.65,31.9,591300.0
800.0,2,2.1,10,6.58,21.4,401900.0
3475.0,5,3.6,5,3.23,47.5,977300.0
1266.0,1,1.0,10,1.35,45.5,461700.0
1113.0,3,2.0,10,15.13,54.6,447000.0
2714.0,3,2.0,7,5.9,0.9,755900.0
3564.0,3,2.4,3,21.66,48.5,760500.0
2931.0,5,3.0,4,13.12,56.3,794600.0
2438.0,3,2.9,10,9.45,47.4,716800.0
2457.0,3,1.9,9,0.5,7.8,760000.0
2612.0,2,1.9,4,4.47,4.9,706100.0
2555.0,3,1.6,3,1.76,1.3,765100.0
2269.0,2,1.8,2,19.33,37.7,570300.0
2163.0,3,2.6,5,1.53,37.8,677200.0
2062.0,4,3.2,4,2.7,59.2,691800.0
1648.0,4,2.5,8,5.82,23.9,566900.0
1932.0,2,1.6,7,2.45,19.9,616000.0
1084.0,3,1.7,6,1.88,37.5,438400.0
2041.0,4,2.9,2,7.31,49.5,528600.0
1507.0,2,2.0,3,0.75,56.2,472000.0
1438.0,2,1.9,10,0.5,48.2,524700.0
2208.0,2,1.5,9,3.72,25.6,700600.0
2935.0,3,1.8,9,10.2,38.1,769300.0
2651.0,2,1.8,5,6.47,51.4,658500.0
1158.0,5,3.8,3,4.4,29.4,523800.0
1506.0,3,1.1,2,6.67,13.0,449800.0
2664.0,3,2.6,8,3.64,10.2,815700.0
1511.0,2,1.5,6,22.01,0.0,446000.0
1965.0,3,2.9,10,0.5,43.1,686600.0
2430.0,3,1.7,7,8.95,6.7,684200.0
1519.0,4,1.4,1,17.75,14.6,424800.0
2163.0,4,3.1,1,13.03,17.9,584200.0
1300.0,3,2.4,10,1.63,33.6,523900.0
1739.0,4,2.2,2,2.81,23.9,539800.0
2292.0,4,2.5,10,10.1,40.5,733400.0
1144.0,4,4.4,3,0.7,3.3,532000.0
2364.0,2,1.3,1,13.36,7.4,581100.0
2088.0,1,1.1,5,10.15,30.0,535900.0
2431.0,2,1.2,3,10.46,20.2,550500.0
2234.0,3,1.2,1,0.85,17.7,568200.0
2918.0,3,2.2,8,10.12,4.0,793300.0
2175.0,3,2.1,6,9.11,53.7,573200.0
1842.0,4,2.8,9,14.22,41.5,580100.0
2173.0,4,2.9,3,0.5,7.3,659800.0
2426.0,4,3.1,9,0.5,3.9,786400.0
2129.0,3,2.2,9,3.73,58.5,687700.0
2124.0,3,1.6,1,1.29,40.9,565400.0
1679.0,2,1.7,3,6.54,25.0,507900.0
1702.0,2,1.0,6,19.95,42.1,439600.0
1258.0,2,1.0,8,3.97,45.4,482000.0
3150.0,3,2.6,4,14.91,46.8,773900.0
1354.0,3,2.5,5,0.5,28.7,490500.0
1684.0,4,3.0,9,1.48,25.8,687400.0
1669.0,2,1.0,6,0.5,0.7,538600.0
2637.0,3,1.9,7,3.18,55.6,724800.0
1923.0,3,2.1,7,19.1,36.2,545500.0
2849.0,2,1.0,4,0.82,12.2,745800.0
1696.0,3,1.9,4,7.46,55.2,510700.0
2267.0,2,1.8,4,4.8,54.9,572600.0
1599.0,3,3.0,5,22.31,59.4,456700.0
3387.0,3,2.0,5,1.05,52.4,863500.0
1387.0,2,1.9,8,1.91,59.9,488000.0
2286.0,2,1.0,9,0.5,14.7,684200.0
2480.0,3,2.6,2,4.55,50.5,623900.0
2348.0,4,2.6,7,2.6,49.4,716400.0
1989.0,3,2.4,1,16.32,13.9,496700.0
2022.0,3,2.1,1,7.43,5.9,565100.0
2126.0,3,2.9,4,7.62,58.8,586300.0
2012.0,4,2.6,10,6.07,17.8,654500.0
2678.0,4,3.3,7,0.77,52.3,763500.0
3426.0,3,2.1,2,4.71,0.2,857800.0
1766.0,3,2.2,2,30.0,1.3,414900.0
1278.0,4,2.9,1,14.43,28.0,391000.0
2047.0,3,1.8,10,17.91,14.3,592100.0
3648.0,3,2.2,2,13.86,41.4,798500.0
1618.0,1,1.0,7,0.87,33.9,550300.0
3083.0,4,3.1,9,2.06,4.6,885600.0
3107.0,4,3.0,6,0.5,9.8,919500.0
1768.0,2,1.9,10,2.89,23.3,598900.0
2441.0,3,2.7,2,0.92,11.1,670700.0
3077.0,3,1.7,10,5.12,47.5,840200.0
1873.0,2,1.9,10,9.04,25.0,598900.0
1978.0,5,3.2,9,16.6,5.6,655200.0
1751.0,2,1.8,7,11.07,29.1,530000.0
1491.0,2,1.8,1,22.32,5.5,373600.0
1710.0,3,1.3,9,0.5,7.7,604200.0
1366.0,3,2.3,2,0.5,14.4,501900.0
2120.0,1,1.0,4,8.66,51.6,480900.0
1638.0,3,1.9,9,2.73,55.5,538300.0
2240.0,3,2.9,4,2.34,49.6,621400.0
1166.0,2,1.2,3,3.21,20.0,371200.0
2299.0,2,1.1,1,2.52,16.3,589200.0
2600.0,3,2.3,7,5.73,32.9,741100.0
904.0,2,1.8,6,4.64,43.3,324200.0
2324.0,4,2.9,10,5.75,59.6,708400.0
2837.0,4,3.6,4,8.94,7.9,777400.0
1374.0,5,4.0,6,3.92,3.0,582100.0
3104.0,2,1.0,6,2.32,41.7,742300.0
2351.0,5,3.5,4,1.45,49.9,700700.0
1677.0,3,2.0,6,3.44,50.8,512400.0
2067.0,3,2.5,10,10.83,40.7,632600.0
2435.0,2,1.0,8,11.31,57.2,578800.0
2146.0,2,2.8,3,8.79,30.7,572200.0
2423.0,3,2.5,4,2.13,54.8,644900.0
1548.0,3,2.3,10,7.1,58.1,537000.0
2202.0,2,2.1,1,6.76,50.8,551900.0
1252.0,3,3.4,4,5.3,18.6,479600.0
2033.0,2,1.9,10,6.39,11.8,669600.0
1558.0,3,2.7,10,5.41,32.9,572900.0
1659.0,3,2.3,9,6.67,27.2,594200.0
2842.0,4,2.9,8,10.06,52.7,806200.0
2755.0,4,2.8,4,0.93,6.0,797100.0
2465.0,3,1.8,7,11.08,15.5,682000.0
1445.0,3,1.9,10,1.17,45.1,563100.0
1910.0,3,1.6,3,0.55,5.7,590300.0
2828.0,4,3.0,9,29.86,19.2,752400.0
2185.0,3,1.4,10,25.17,23.2,608000.0
3492.0,2,1.6,4,0.5,37.4,867200.0
2336.0,2,1.5,2,4.69,9.5,611600.0
2215.0,3,2.3,10,1.65,51.6,705200.0
1915.0,3,2.0,5,5.31,26.9,585900.0
2180.0,4,4.5,2,14.18,55.0,568300.0
2009.0,2,2.2,10,24.06,28.1,586000.0
2525.0,3,1.6,6,8.05,16.5,648200.0
2674.0,4,3.1,10,3.49,8.5,858200.0
1628.0,4,2.7,1,7.4,0.2,525900.0
1301.0,3,1.7,6,2.99,31.9,469000.0
998.0,3,1.6,4,19.25,6.4,350900.0
2405.0,3,2.5,3,16.35,23.5,619000.0
1438.0,4,2.7,2,6.54,35.4,439000.0
808.0,2,2.0,7,3.14,16.5,435600.0
2333.0,4,3.5,9,2.78,10.5,777500.0
3596.0,3,2.9,3,0.5,46.5,948500.0
2096.0,3,1.8,6,13.53,56.8,577800.0
2603.0,1,1.0,9,4.79,6.0,721400.0
2149.0,3,2.6,2,3.15,9.3,604900.0
2041.0,3,2.0,7,5.1,57.6,598700.0
2651.0,2,1.1,5,13.66,2.3,665200.0
1926.0,3,3.1,5,1.06,58.7,634400.0
2260.0,5,3.9,7,15.6,0.3,743200.0
2293.0,3,2.6,9,18.22,52.4,641800.0
1699.0,3,1.8,4,23.46,18.4,490900.0
2695.0,2,1.0,9,4.05,56.3,664900.0
1995.0,3,2.0,10,1.96,19.0,685600.0
1647.0,2,1.4,9,3.74,39.3,576600.0
2422.0,3,1.7,4,3.24,4.8,693700.0
1561.0,4,3.0,3,1.55,14.5,518800.0
2117.0,3,1.4,2,7.48,46.4,575400.0
2095.0,2,1.0,9,5.18,31.7,637800.0
2752.0,3,2.6,2,16.06,55.7,647000.0
2385.0,3,2.6,6,0.5,25.7,714800.0
2085.0,3,2.1,5,8.26,52.2,627800.0
2591.0,4,2.5,5,11.52,26.9,712000.0
2934.0,4,2.5,4,11.4,58.8,721500.0
2435.0,3,2.1,6,17.38,57.6,589100.0
2106.0,3,2.6,5,10.45,19.7,628000.0
1313.0,2,2.0,4,21.03,53.2,372400.0
1461.0,2,1.3,9,3.24,50.9,503000.0
1917.0,3,1.7,6,5.6,12.6,579800.0
1734.0,3,2.4,10,0.5,37.5,659700.0
1988.0,3,1.8,10,0.5,4.4,664400.0
2134.0,3,2.0,10,2.2,50.2,723000.0
2418.0,2,2.2,3,0.85,10.5,651100.0
2058.0,3,2.7,10,2.41,4.2,678900.0
2392.0,2,1.6,6,1.56,24.0,644700.0
2139.0,2,1.0,1,0.5,34.6,522000.0
915.0,4,3.1,5,19.2,51.3,344100.0
1536.0,1,1.3,10,0.5,58.5,507100.0
2014.0,3,2.1,6,10.66,26.4,612300.0
1374.0,2,2.2,8,1.32,3.6,561800.0
2460.0,4,3.6,9,19.46,44.9,693200.0
3018.0,3,3.1,3,17.86,33.9,797700.0
2831.0,2,1.7,2,8.49,26.9,669600.0
1972.0,3,2.5,4,8.92,18.6,575200.0
2994.0,3,3.0,8,0.5,30.1,822700.0
2189.0,5,4.0,8,30.0,20.3,630700.0
1898.0,2,1.2,3,16.82,45.4,458900.0
1732.0,4,2.8,4,18.04,32.6,473100.0
1919.0,4,3.1,3,8.61,52.6,545800.0
1867.0,4,2.4,10,3.38,32.6,665100.0
2202.0,3,2.2,2,17.93,14.3,539600.0
2196.0,3,2.8,4,2.76,51.1,609300.0
2102.0,3,1.2,6,6.62,33.4,615300.0
2362.0,4,3.8,5,0.84,12.4,714800.0
2814.0,3,2.8,3,20.4,37.4,634300.0
2670.0,3,2.0,2,1.21,21.5,708700.0
1209.0,3,2.5,9,2.04,50.7,523100.0
800.0,3,2.3,1,6.53,27.2,332100.0
2661.0,4,3.6,9,11.55,43.6,766900.0
1280.0,2,2.0,1,7.73,5.7,395800.0
1965.0,4,2.3,7,2.11,23.8,674900.0
1398.0,3,2.5,6,0.5,59.0,522600.0
1019.0,4,2.9,7,11.32,48.5,427800.0
2425.0,3,2.3,3,30.0,9.6,550600.0
2555.0,3,1.9,3,13.28,16.7,643300.0
1754.0,4,3.9,1,4.93,19.8,546100.0
800.0,2,2.0,4,18.73,39.0,270800.0
1772.0,4,2.6,2,4.22,45.4,521500.0
2335.0,3,1.6,10,5.95,45.0,686900.0
1213.0,3,2.1,8,5.19,30.6,472400.0
2210.0,3,2.5,3,4.75,48.6,617700.0
2091.0,3,2.4,7,11.94,26.2,634400.0
2448.0,3,2.9,7,5.99,7.4,723200.0
2172.0,1,1.1,9,3.05,33.9,607900.0
1516.0,2,2.0,6,2.39,57.1,507800.0
2818.0,1,1.0,1,0.5,47.6,654600.0
2005.0,5,3.1,8,7.0,34.7,661700.0
2084.0,5,3.7,1,2.09,38.8,667800.0
1540.0,3,2.8,3,1.28,55.8,482900.0
1834.0,3,2.2,5,8.49,25.7,504100.0
1569.0,3,2.5,8,9.15,19.9,531500.0
1996.0,3,2.1,9,11.16,58.6,631800.0
3127.0,4,2.5,7,5.6,51.8,822900.0
1277.0,4,2.9,9,17.96,19.4,478800.0
1132.0,3,2.4,3,22.03,27.8,342400.0
2983.0,4,2.7,5,13.18,24.9,797300.0
1974.0,2,1.4,10,8.08,8.9,620500.0
1699.0,5,3.3,8,2.9,57.5,633600.0
2724.0,1,1.3,1,30.0,24.3,520400.0
1737.0,3,2.1,8,2.56,52.5,589900.0
3196.0,3,3.0,7,1.81,11.4,893500.0
2507.0,3,3.0,1,4.67,32.9,649500.0
1807.0,2,1.5,10,0.5,1.4,640400.0
3394.0,4,2.5,10,30.0,45.9,797700.0
1737.0,2,1.0,6,7.1,34.9,471000.0
2545.0,3,1.5,1,6.51,37.5,621000.0
2280.0,2,1.0,2,8.53,3.1,544600.0
2881.0,3,2.9,5,5.5,12.7,801900.0
3037.0,3,2.3,2,0.5,4.5,794700.0
2119.0,3,2.4,10,7.58,17.3,717500.0
1648.0,2,1.0,1,10.08,37.6,405200.0
2376.0,2,1.0,6,4.31,34.0,636500.0
1693.0,3,2.7,8,11.33,36.7,516600.0
3308.0,4,3.1,8,2.06,33.0,893000.0
2182.0,4,2.9,8,2.0,16.4,679400.0
1881.0,2,1.8,6,1.41,14.7,618400.0
2211.0,3,3.1,3,3.72,8.2,643400.0
1292.0,2,1.4,1,15.02,50.9,356600.0
1517.0,1,1.0,2,14.08,37.0,301700.0
2820.0,3,2.3,5,3.86,11.2,809700.0
1706.0,3,3.4,10,7.12,10.6,633200.0
1472.0,2,1.0,5,10.21,52.4,425000.0
2422.0,2,1.8,10,2.21,44.6,685500.0
2811.0,1,1.0,1,1.47,39.6,664000.0
2531.0,4,3.3,1,28.63,24.4,575200.0
2698.0,5,3.4,9,7.69,15.7,799800.0
1646.0,2,1.5,2,30.0,58.8,299300.0
1247.0,2,1.9,7,3.3,47.8,422700.0
3001.0,4,4.5,10,9.71,18.1,905500.0
1906.0,4,3.4,4,2.01,50.9,589800.0
1950.0,3,1.8,7,2.42,45.5,560900.0
2897.0,2,1.3,8,5.74,17.8,779700.0
2434.0,1,1.0,5,3.08,25.6,578600.0
2374.0,3,1.4,1,1.47,11.2,664600.0
3399.0,3,2.1,4,2.44,6.7,921400.0
1714.0,1,1.1,10,0.5,43.4,526500.0
2657.0,3,1.6,3,9.75,16.1,697300.0
2134.0,1,1.3,10,5.42,49.2,623400.0
2261.0,4,3.2,5,0.79,59.7,664900.0
3017.0,3,1.9,10,1.51,4.6,863200.0
2405.0,1,1.0,10,0.87,28.4,711600.0
2423.0,3,3.0,6,7.59,48.1,677600.0
2744.0,3,2.6,2,0.79,47.3,647500.0
1881.0,5,3.8,7,11.23,45.6,675400.0
1596.0,3,2.1,3,0.5,20.9,534400.0
1473.0,2,1.5,1,2.29,27.2,434100.0
920.0,3,2.0,10,17.71,35.7,373000.0
3334.0,2,1.0,3,10.14,58.4,727600.0
1438.0,4,4.0,9,0.61,19.7,655300.0
1967.0,3,2.3,10,13.77,55.4,599800.0
1934.0,3,2.4,6,5.43,16.2,619600.0
2284.0,2,1.5,6,15.01,59.3,531400.0
2589.0,3,1.9,4,7.35,40.2,659900.0
2616.0,4,2.9,8,9.16,27.8,761600.0
1750.0,4,2.2,5,30.0,36.8,465100.0
2000.0,2,2.6,7,2.12,16.4,628200.0
2270.0,2,1.0,9,7.82,16.5,674700.0
1951.0,4,2.5,5,4.93,6.8,599600.0
3064.0,4,2.8,5,0.5,6.8,862500.0
2395.0,2,2.1,4,0.5,20.9,665800.0
2541.0,3,2.3,6,1.02,45.8,678600.0
2498.0,3,1.6,2,8.38,36.5,618200.0
2804.0,4,3.6,3,6.7,6.2,764300.0
2209.0,2,1.9,1,6.45,51.1,577800.0
1322.0,2,1.8,2,0.5,36.1,416800.0
2340.0,4,3.4,2,5.07,57.7,651500.0
1709.0,2,2.7,8,20.68,40.2,465600.0
1783.0,3,3.3,8,4.05,10.5,642700.0
2452.0,3,1.9,2,7.84,28.4,616000.0
2843.0,3,3.1,6,12.11,38.9,726100.0
2113.0,3,2.4,5,12.26,1.7,683000.0
2285.0,3,2.5,3,5.86,0.9,642900.0
3121.0,2,1.0,5,15.61,7.8,727700.0
2244.0,3,2.2,5,3.97,15.1,681200.0
3661.0,4,2.6,5,17.56,25.8,855600.0
2439.0,4,3.4,3,2.2,29.2,718900.0
1044.0,2,2.0,3,2.63,8.3,417400.0
2552.0,2,1.0,4,0.5,40.4,663700.0
2329.0,2,1.5,7,12.7,35.8,669400.0
2874.0,3,2.8,2,4.32,17.7,728600.0
2504.0,3,2.2,10,2.08,0.8,825000.0
2017.0,3,2.6,4,2.11,4.7,641900.0
1365.0,2,1.7,4,18.53,23.5,408500.0
1975.0,1,1.0,1,14.36,9.2,470800.0
1590.0,3,2.1,10,6.45,22.6,625100.0
1752.0,3,1.6,8,7.66,37.7,547600.0
2453.0,2,1.0,1,5.14,32.8,600800.0
3102.0,3,2.6,8,3.98,13.9,895700.0
2337.0,2,1.5,7,19.77,20.6,579900.0
1382.0,4,2.9,9,1.07,36.8,598300.0
2367.0,4,2.8,8,4.34,51.7,714100.0
2818.0,2,1.3,5,3.38,45.2,677700.0
1734.0,2,2.0,8,5.52,33.2,523100.0
2020.0,3,2.1,10,4.89,21.7,663100.0
2109.0,2,1.0,3,5.85,21.9,579000.0
1629.0,3,2.6,10,1.21,52.8,544000.0
2489.0,4,2.9,7,5.76,2.4,765500.0
2027.0,3,2.3,4,2.22,59.3,603600.0
2352.0,4,3.8,5,1.63,39.9,687500.0
1568.0,3,2.2,9,0.54,40.9,560400.0
1838.0,2,1.6,7,11.51,2.3,569900.0
2533.0,3,1.7,4,4.46,36.3,691200.0
1876.0,3,2.1,6,7.88,29.1,611700.0
3136.0,3,2.6,10,10.4,6.3,855800.0
1860.0,2,1.0,7,9.1,16.7,525500.0
2235.0,2,1.6,10,5.09,53.4,694300.0
2660.0,5,3.8,9,3.93,33.0,815700.0
1249.0,2,1.5,4,3.77,24.8,437900.0
1044.0,5,4.3,10,8.17,4.4,617000.0
1185.0,5,3.9,3,5.46,42.8,495900.0
2858.0,4,3.7,8,15.13,42.2,803800.0
1769.0,3,1.8,1,16.62,36.8,471500.0
3635.0,3,2.3,9,1.5,30.6,978000.0
1761.0,4,3.0,1,1.17,26.0,577500.0
2211.0,2,1.0,2,7.96,35.6,532100.0
3025.0,3,2.7,8,2.87,14.0,885000.0
3304.0,3,3.4,9,0.5,56.5,921900.0
3337.0,3,2.2,7,17.56,35.3,770500.0
2825.0,3,2.5,3,2.06,18.7,760500.0
2714.0,3,2.3,7,21.19,27.0,630600.0
2456.0,3,1.9,6,10.11,48.3,666700.0
2567.0,4,2.1,2,11.51,9.7,659700.0
1769.0,2,1.1,3,1.8,17.6,563000.0
1609.0,4,2.3,10,2.13,40.8,618300.0
2098.0,3,3.1,10,5.89,18.9,722800.0
1998.0,4,2.9,5,1.51,47.6,602300.0
1828.0,3,2.1,10,2.92,7.8,667100.0
2518.0,4,3.4,4,3.1,45.8,702000.0
2673.0,1,1.0,2,1.39,4.1,693300.0
2153.0,4,2.6,4,1.84,0.8,646700.0
2987.0,1,1.0,8,12.43,53.9,709200.0
1415.0,4,3.5,5,1.46,34.9,515300.0
1984.0,5,4.0,5,0.5,21.1,694000.0
1670.0,2,1.6,10,7.94,14.0,617800.0
980.0,2,1.5,3,29.83,37.0,254500.0
2050.0,4,3.2,8,3.22,30.5,686000.0
2027.0,2,1.6,6,1.01,59.5,518500.0
3008.0,4,2.5,2,6.76,59.0,724500.0
2478.0,2,1.5,2,18.95,38.1,561600.0
1485.0,2,1.0,9,12.26,26.6,465600.0
3212.0,5,3.8,7,7.79,29.5,933900.0
2833.0,3,2.0,10,3.03,40.9,808400.0
2449.0,4,4.3,9,6.24,6.1,829700.0
1964.0,3,2.2,6,0.77,19.7,634700.0
1524.0,3,1.5,5,9.09,4.5,488600.0
1877.0,3,2.2,1,10.33,4.4,510800.0
2753.0,3,2.5,6,26.83,11.8,645900.0
3231.0,3,3.1,6,2.41,29.1,896200.0
3026.0,3,2.0,3,0.5,47.1,754200.0
1807.0,3,1.5,3,6.31,29.1,529600.0
1428.0,2,1.9,3,9.81,20.1,418600.0
2185.0,4,2.3,3,12.5,4.9,583500.0
1039.0,2,1.3,7,1.72,33.0,434500.0
2294.0,3,2.1,10,2.43,16.3,713000.0
2011.0,2,1.5,2,5.75,36.9,513700.0
1820.0,3,2.6,10,3.21,58.6,586400.0
1143.0,3,1.9,10,15.76,6.7,449700.0
2408.0,2,1.4,2,5.14,12.7,617600.0
1780.0,2,1.5,3,12.86,28.4,460600.0
1398.0,2,1.6,10,6.95,58.1,506500.0
800.0,3,2.3,7,11.87,46.3,360800.0
2083.0,4,3.2,3,3.24,53.9,691400.0
3163.0,1,1.2,7,14.24,20.0,761100.0
3097.0,3,2.4,9,2.57,59.5,796100.0
1826.0,3,2.5,10,6.32,6.2,639100.0
1739.0,3,1.5,4,1.93,3.2,553300.0
2381.0,4,3.0,7,5.16,51.3,690900.0
1501.0,3,2.5,9,3.06,55.6,549200.0
2281.0,3,2.6,8,2.48,5.4,708600.0
2560.0,1,1.0,8,27.29,6.8,606600.0
2836.0,2,1.2,9,1.4,2.0,753500.0
2040.0,2,1.2,5,12.38,6.3,581600.0
1978.0,1,1.0,5,30.0,12.6,398400.0
1573.0,3,2.8,3,0.5,58.2,498200.0
1604.0,3,2.0,5,9.61,40.1,472100.0
1964.0,3,2.7,8,2.33,46.7,643500.0
2320.0,2,1.6,5,0.5,46.6,630400.0
2648.0,2,1.4,4,4.13,32.1,680800.0
1618.0,3,2.1,8,21.89,47.8,497500.0
2996.0,5,4.1,7,0.5,35.7,911800.0
1937.0,2,1.7,6,7.09,18.9,571700.0
2087.0,4,4.1,5,5.57,33.7,675800.0
1652.0,3,1.8,5,16.53,32.0,519200.0
800.0,3,2.5,10,0.7,49.4,465400.0
2630.0,3,2.0,2,9.15,58.9,624000.0
2542.0,2,1.1,4,9.12,24.7,663700.0
1931.0,2,1.5,8,8.85,45.8,569600.0
2140.0,3,2.3,8,22.82,6.0,576000.0
2410.0,3,3.7,1,13.86,46.6,600000.0
1162.0,4,2.9,2,0.5,22.3,426000.0
1783.0,3,1.7,5,5.1,2.4,510200.0
2577.0,2,1.6,9,4.06,21.8,710400.0
1347.0,3,1.2,10,2.97,36.6,521100.0
2276.0,2,1.5,7,4.8,7.2,663900.0
1286.0,3,2.3,10,3.88,55.4,476400.0
2380.0,3,2.6,5,4.53,4.7,638900.0
2079.0,4,3.5,1,30.0,55.8,510700.0
1131.0,4,2.7,6,0.74,42.4,485700.0
2799.0,3,2.2,8,20.43,19.8,758300.0
1659.0,3,1.9,7,5.24,23.4,592900.0
1614.0,4,2.4,2,7.82,44.4,503000.0
2220.0,2,1.7,5,14.18,36.1,566900.0
2789.0,1,1.0,4,3.58,40.3,662700.0
1491.0,2,1.3,9,4.5,23.3,541400.0
2137.0,2,1.0,10,4.21,29.3,641000.0
2357.0,3,2.5,1,3.76,59.4,588900.0
2516.0,3,3.2,6,20.78,12.8,616600.0
2206.0,3,1.6,3,14.13,25.1,558600.0
1880.0,1,1.0,9,0.92,17.5,622000.0
1603.0,3,2.2,5,0.92,45.9,560700.0
2152.0,3,2.3,6,4.47,45.8,630200.0
1457.0,3,2.4,9,0.83,17.5,555300.0
800.0,3,2.0,9,7.72,4.9,448900.0
2362.0,3,2.1,8,1.24,0.7,737600.0
2642.0,2,1.7,9,5.91,25.6,728000.0
800.0,2,2.0,4,0.5,24.6,331700.0
1494.0,4,2.0,6,3.05,59.3,563900.0
2471.0,4,2.8,5,9.05,28.2,714000.0
3334.0,3,2.4,5,5.29,15.4,879700.0
2112.0,2,1.0,4,30.0,53.5,411500.0
1663.0,3,3.1,2,16.58,29.5,468700.0
1990.0,3,1.9,6,3.56,36.0,600200.0
2925.0,4,3.0,9,0.5,5.7,907800.0
1712.0,2,1.8,1,14.95,23.0,466700.0
1620.0,1,1.0,7,19.37,56.7,372400.0
1810.0,3,1.3,6,13.75,35.4,483500.0
1528.0,3,2.0,3,1.1,20.7,522400.0
2174.0,2,2.0,1,30.0,37.5,430400.0
3075.0,1,1.0,4,2.39,54.6,739700.0
2294.0,3,1.8,9,10.3,16.4,668100.0
1949.0,4,3.5,2,19.09,30.3,500100.0
1925.0,5,3.6,3,2.15,57.5,566600.0
1162.0,3,2.0,2,19.11,10.3,365800.0
2630.0,3,2.3,2,2.96,43.2,691000.0
2053.0,2,1.9,10,29.98,36.9,551500.0
1992.0,3,3.4,8,2.64,40.8,667900.0
4016.0,3,2.7,3,24.54,21.1,782100.0
2279.0,3,2.8,7,0.5,18.8,727500.0
1649.0,3,2.0,8,9.88,41.1,496300.0
1844.0,2,1.0,3,6.08,12.9,464800.0
2789.0,2,1.5,2,5.2,25.2,629700.0
2168.0,3,2.3,8,2.02,11.3,642500.0
1237.0,2,1.0,3,9.78,0.5,399400.0
2652.0,2,1.4,7,1.69,58.2,682900.0
1699.0,5,3.9,1,6.44,25.9,519500.0
3224.0,3,2.4,6,2.34,58.2,829800.0
2748.0,3,2.5,9,24.92,8.4,689900.0
1832.0,4,3.1,3,0.5,35.2,617100.0
2869.0,5,3.5,7,1.78,12.1,905300.0
2141.0,3,2.0,6,2.22,47.4,623700.0
2612.0,4,2.4,8,4.28,47.0,789500.0
2391.0,3,3.1,3,2.12,6.8,731000.0
1592.0,3,2.3,3,5.41,54.7,480200.0
1714.0,3,2.1,4,16.47,11.7,536100.0
2718.0,3,1.8,3,9.96,36.8,653600.0
1899.0,3,3.7,9,6.94,59.1,578300.0
1858.0,3,1.7,4,0.75,52.9,509500.0
1527.0,2,1.3,6,9.47,57.4,427800.0
2354.0,3,2.5,8,1.46,20.6,741900.0
3338.0,2,1.8,8,12.35,6.3,813500.0
1459.0,3,2.7,5,2.3,11.3,518100.0
2115.0,3,3.2,5,4.32,30.0,611900.0
2947.0,3,2.5,6,3.45,47.6,767300.0
2052.0,4,2.5,10,15.66,9.0,690500.0
2371.0,4,2.9,7,1.08,39.6,738900.0
1463.0,3,2.4,10,6.67,19.4,548400.0
2357.0,3,3.3,7,1.23,20.5,766300.0
1988.0,3,1.6,4,9.76,39.7,540900.0
2691.0,2,2.1,6,18.84,28.0,662300.0
2812.0,1,1.0,7,4.56,48.7,730400.0
3654.0,2,1.9,5,5.36,9.4,887600.0
2448.0,3,2.2,5,20.98,47.4,616800.0
2295.0,3,1.8,2,5.89,3.9,644800.0
2217.0,4,3.4,7,5.35,11.6,711900.0
1888.0,2,1.8,6,6.91,39.4,513400.0
2303.0,2,2.0,1,9.35,51.3,549300.0
1923.0,5,3.7,4,0.9,15.2,692300.0
2201.0,2,1.2,3,13.77,19.6,562400.0
2891.0,3,1.5,3,4.57,32.2,765100.0
1496.0,3,2.7,7,0.6,12.7,560100.0
2784.0,3,2.5,10,12.34,48.7,780000.0
2890.0,2,1.0,4,3.79,46.4,675400.0
2029.0,2,1.2,8,0.85,8.7,642100.0
827.0,2,1.3,9,8.04,27.8,408800.0
1735.0,3,1.5,3,16.97,46.5,464100.0
2878.0,3,1.8,5,17.5,20.2,704700.0
2086.0,2,1.0,4,25.3,38.0,455000.0
1500.0,3,2.0,10,16.18,3.0,506500.0
1797.0,4,2.6,6,0.5,36.5,604600.0
2604.0,1,1.0,10,3.83,9.2,701500.0
2428.0,3,3.3,4,13.65,49.8,624900.0
1957.0,3,2.9,8,3.65,21.3,608100.0
1880.0,2,1.1,3,7.36,16.9,478400.0
1865.0,3,2.4,5,7.46,50.5,570200.0
1547.0,3,2.5,1,3.63,3.0,517900.0
3069.0,4,3.6,6,18.79,23.8,788200.0
1907.0,4,2.6,5,5.6,22.2,608600.0
2830.0,3,2.8,8,5.0,17.1,815000.0
3013.0,3,2.0,9,30.0,54.7,707100.0
2699.0,3,1.6,8,5.44,45.1,743800.0
1841.0,3,2.6,8,1.57,3.8,615200.0
2342.0,3,2.9,3,5.76,42.9,576800.0
2085.0,2,2.8,4,13.46,31.6,534100.0
1558.0,3,1.7,4,12.0,54.1,437500.0
2295.0,3,2.6,5,12.43,18.8,659700.0
1393.0,3,2.0,9,9.85,34.4,508600.0
2813.0,4,3.4,9,2.35,30.0,861900.0
1821.0,1,1.0,10,15.85,29.4,496700.0
2221.0,3,1.6,1,17.91,27.4,518800.0
2270.0,2,1.1,8,1.73,12.3,674100.0
1945.0,4,3.0,1,1.12,45.3,557600.0
2452.0,3,1.9,2,29.71,27.1,502300.0
1815.0,3,2.6,7,16.22,57.5,517300.0
2623.0,3,2.8,8,17.9,15.6,731300.0
1292.0,3,2.5,1,17.4,41.0,337400.0
2176.0,4,3.8,3,6.24,56.4,623700.0
3263.0,3,2.5,7,8.32,39.8,872300.0
1500.0,3,1.6,9,6.31,52.3,502500.0
1693.0,4,3.7,8,0.5,49.6,628900.0
2408.0,2,1.2,8,10.95,21.6,648800.0
2208.0,2,2.0,9,5.63,36.0,651600.0
2310.0,3,3.0,10,8.35,9.4,775100.0
2394.0,5,4.0,3,5.59,32.1,718600.0
2481.0,3,1.5,8,5.42,13.8,678300.0
2766.0,2,1.0,1,1.51,44.6,691400.0
2346.0,3,2.9,8,2.61,31.7,728600.0
1955.0,3,2.2,7,1.38,24.7,623800.0
2504.0,2,1.5,8,1.74,16.1,755200.0
3240.0,3,2.6,1,28.89,59.9,636200.0
2020.0,5,4.1,6,1.33,4.3,764400.0
1515.0,3,2.4,7,2.51,2.6,571100.0
2764.0,3,2.1,5,7.14,13.0,765100.0
2028.0,3,2.1,5,7.54,58.3,642500.0
800.0,2,1.9,7,1.34,58.8,375300.0
2608.0,4,3.3,3,12.63,39.3,680500.0
1779.0,3,2.1,6,12.3,52.8,488000.0
2046.0,3,2.8,7,2.17,12.8,666000.0
2299.0,3,2.2,1,2.72,58.3,565900.0
2214.0,3,1.8,2,22.24,8.6,526600.0
2526.0,3,1.9,4,13.97,6.1,726700.0
1839.0,2,1.0,8,9.57,6.7,562700.0
2408.0,4,2.9,10,0.69,34.4,764800.0
1944.0,4,3.6,6,4.33,46.9,628700.0
2543.0,3,1.8,1,6.56,22.0,629700.0
2469.0,5,3.8,10,1.66,58.7,827200.0
1539.0,2,1.2,5,4.76,26.1,476600.0
2752.0,3,2.1,7,7.35,9.0,804200.0
1778.0,3,1.5,6,3.17,28.0,554500.0
2585.0,3,2.1,9,12.15,40.7,703800.0
2320.0,3,2.2,8,14.68,49.9,610200.0
3203.0,3,2.5,4,3.13,27.5,814900.0
1966.0,2,1.6,5,14.59,35.6,471400.0
1890.0,3,1.7,7,0.87,16.0,566100.0
2088.0,2,2.0,8,14.55,38.8,595500.0
1918.0,3,2.4,5,1.33,59.2,535700.0
2580.0,2,1.6,9,0.69,2.9,775200.0
1130.0,2,1.5,10,8.21,53.2,420100.0
1468.0,3,2.0,4,5.11,33.7,502100.0
1459.0,3,2.4,4,19.08,15.1,394700.0
2670.0,4,3.2,8,3.61,57.3,793300.0
3126.0,3,1.4,1,2.71,29.0,759100.0
2037.0,3,2.0,8,5.56,19.9,650000.0
1999.0,4,2.9,5,4.87,10.9,671000.0
2142.0,3,2.4,1,3.38,14.7,600900.0
2797.0,2,2.1,4,9.47,50.0,617900.0
1544.0,3,1.9,2,11.4,36.9,446800.0
2243.0,4,2.8,4,15.34,54.8,599700.0
2685.0,3,2.0,8,28.85,13.9,654700.0
2401.0,2,1.1,5,2.48,7.3,640300.0
2214.0,2,1.3,1,10.07,0.4,545500.0
2701.0,2,1.9,7,4.01,30.5,769400.0
800.0,3,1.7,1,9.04,59.9,250800.0
2507.0,3,2.5,9,5.17,41.7,691600.0
1708.0,2,1.0,3,30.0,18.5,337400.0
1002.0,4,2.7,3,10.44,52.6,370700.0
2407.0,4,2.8,6,24.37,46.9,653400.0
2924.0,3,3.1,10,14.41,0.9,883700.0
2018.0,4,2.9,6,18.66,49.0,582100.0
2672.0,2,1.0,6,13.47,18.0,638700.0
3067.0,3,1.3,1,4.92,9.0,721900.0
2889.0,3,2.3,5,2.32,13.6,810600.0
3084.0,4,3.3,6,3.7,28.1,889300.0
2545.0,4,3.2,8,0.5,25.5,778600.0
2145.0,2,1.6,1,5.94,17.3,589100.0
1139.0,4,3.6,5,5.63,10.3,490600.0
1952.0,2,1.2,3,5.96,45.7,528000.0
1594.0,4,3.4,2,29.21,59.4,423400.0
3403.0,5,2.9,8,19.39,46.7,822600.0
1994.0,2,1.0,7,1.41,17.8,615700.0
2174.0,3,1.3,10,3.68,14.7,723200.0
2431.0,1,1.0,7,4.41,13.1,646400.0
2126.0,3,2.2,5,3.58,8.2,617700.0
3117.0,3,2.3,9,12.82,33.1,828500.0
1726.0,3,2.3,5,5.94,36.3,542500.0
2217.0,4,2.5,2,6.79,42.3,596500.0
1655.0,3,2.2,3,15.34,40.8,453800.0
1308.0,3,1.5,4,13.12,17.5,373200.0
1733.0,4,3.7,5,1.13,19.8,631100.0
2078.0,5,3.6,3,10.01,40.9,656600.0
1842.0,1,1.0,7,4.57,21.0,526600.0
1685.0,5,4.5,5,2.79,12.8,622200.0
1256.0,2,1.0,5,0.5,22.5,448500.0
2050.0,4,2.4,6,5.34,16.3,718100.0
1197.0,2,1.0,7,3.51,5.3,484900.0
2556.0,2,1.5,10,2.32,49.8,723200.0
2149.0,3,2.5,10,9.49,51.2,655000.0
1225.0,3,2.6,8,11.74,13.2,511500.0
1914.0,3,3.5,9,2.25,3.9,668200.0
1649.0,2,1.0,4,0.5,44.3,502600.0
2292.0,3,2.6,5,15.11,12.7,600000.0
2904.0,4,2.7,5,0.5,23.6,838700.0
975.0,3,2.0,8,22.13,3.8,375300.0
2169.0,2,1.2,9,7.9,13.6,644300.0
2004.0,3,1.8,7,3.11,47.6,598300.0
2503.0,1,1.6,5,2.26,48.3,661900.0
2228.0,4,3.4,3,0.5,12.4,686400.0
1649.0,4,3.0,1,2.15,20.2,591200.0
1909.0,3,2.9,9,1.19,8.1,713600.0
1622.0,3,1.5,5,7.58,4.5,487900.0
2746.0,4,2.3,9,1.46,59.5,797100.0
2113.0,3,1.2,10,6.02,39.3,662100.0
3241.0,4,2.7,4,7.14,32.5,817300.0
2064.0,3,2.3,5,2.83,45.9,638200.0
1675.0,4,3.1,4,0.5,50.4,590900.0
1192.0,3,2.3,2,0.5,48.4,417000.0
1018.0,3,1.5,1,0.5,1.0,419800.0
1150.0,5,4.2,8,10.75,11.2,478500.0
2260.0,3,2.4,4,3.06,39.3,672700.0
2405.0,3,2.6,5,12.73,22.5,674000.0
1151.0,2,1.0,6,4.52,58.9,362300.0
2637.0,3,2.4,8,4.83,39.9,754300.0
1810.0,3,1.7,8,5.75,57.4,510800.0
2188.0,2,1.3,7,9.99,12.1,593700.0
3067.0,2,1.8,4,2.56,51.8,779500.0
2638.0,3,2.3,6,1.04,19.3,755200.0
1939.0,4,2.6,4,6.5,59.4,565500.0
1565.0,3,2.3,7,3.17,9.5,568500.0
809.0,2,1.0,1,4.67,31.0,286000.0
1669.0,3,2.8,5,8.33,47.6,544400.0
1973.0,2,1.4,10,5.45,26.0,605100.0
1508.0,3,2.8,10,7.75,28.1,578700.0
2021.0,2,1.2,4,6.29,59.2,494100.0
2146.0,2,1.2,7,10.77,25.5,607100.0
1965.0,2,1.1,9,9.79,36.2,564600.0
1710.0,3,2.7,5,6.11,3.3,569600.0
2201.0,2,1.1,4,9.09,50.5,539000.0
2365.0,3,2.6,9,16.54,38.9,656300.0
1446.0,3,2.1,5,4.53,24.2,473800.0
2947.0,3,1.3,9,4.26,1.0,835000.0
2041.0,3,2.0,8,11.56,35.5,616000.0
2111.0,4,2.4,4,6.99,0.8,606100.0
2525.0,2,1.5,7,0.59,0.1,716500.0
2240.0,3,1.7,5,17.81,37.0,567800.0
2672.0,2,2.0,10,0.5,11.3,782000.0
2272.0,2,1.5,4,11.04,11.5,586900.0
1733.0,3,2.2,5,11.38,39.2,551800.0
2317.0,3,2.6,5,24.48,3.2,572600.0
1414.0,4,3.5,9,0.5,18.8,551400.0
2165.0,3,2.2,9,7.27,9.0,667100.0
2080.0,5,3.4,6,4.47,34.8,670500.0
1975.0,1,1.0,4,3.21,39.7,511900.0
2023.0,2,1.2,2,0.76,43.3,543300.0
971.0,1,1.0,3,6.62,15.3,304900.0
1771.0,2,1.6,2,5.22,5.4,479700.0
2156.0,3,2.1,5,0.88,4.7,645400.0
2196.0,3,2.6,6,7.58,25.6,629500.0
1483.0,1,1.0,5,10.71,56.8,450800.0
2859.0,4,3.0,2,11.66,13.1,774900.0
1580.0,4,3.6,5,18.86,15.4,472600.0
2682.0,2,1.7,9,4.21,6.1,719500.0
2356.0,2,1.5,4,24.47,36.3,525600.0
1712.0,2,1.2,10,16.05,40.8,556100.0
3165.0,2,1.2,2,2.81,38.6,759100.0
1384.0,2,1.1,3,1.39,51.7,417800.0
2651.0,3,2.0,3,4.57,29.2,680200.0
2700.0,2,1.9,9,4.11,8.1,801300.0
1698.0,3,2.1,4,6.86,17.4,533000.0
2935.0,5,3.1,1,7.0,39.7,798200.0
1950.0,3,3.1,1,11.09,36.8,484400.0
2273.0,4,3.2,7,5.71,31.9,714400.0
2256.0,2,1.0,7,0.89,41.0,622500.0
2019.0,3,2.0,2,15.63,38.2,516000.0
2586.0,3,2.3,9,2.97,52.9,752700.0
2576.0,2,2.4,9,28.41,35.2,644200.0
1051.0,1,1.0,5,1.0,46.7,394000.0
2883.0,3,2.7,3,25.41,14.9,702100.0
1103.0,3,2.9,3,0.76,40.7,481600.0
2720.0,3,1.9,3,2.1,54.1,693500.0
2776.0,3,2.1,6,0.5,23.1,762400.0
1445.0,3,1.7,4,9.77,46.7,405800.0
1854.0,1,1.0,8,15.19,43.5,503600.0
1437.0,3,2.2,5,4.55,3.6,536700.0
1971.0,2,1.8,1,21.11,34.9,409600.0
1915.0,2,2.0,9,7.14,7.8,646600.0
2568.0,5,3.4,1,7.95,58.0,672100.0
2886.0,3,1.3,6,14.94,48.7,662000.0
2937.0,3,2.2,1,2.82,6.6,729700.0
1763.0,3,2.4,3,3.5,7.3,534700.0
1974.0,3,2.4,10,18.91,35.7,566300.0
1090.0,2,1.3,5,18.5,20.7,354700.0
1616.0,2,1.6,10,30.0,2.1,489200.0
2679.0,2,2.3,7,18.57,32.5,713100.0
3069.0,4,3.2,10,1.09,23.3,897300.0
1359.0,3,2.1,8,13.89,6.1,499900.0
1745.0,3,2.0,9,4.22,48.1,566100.0
2084.0,3,2.2,6,30.0,54.9,492500.0
2268.0,4,3.8,9,5.11,45.4,694900.0
1614.0,2,1.4,8,6.46,49.3,478800.0
2354.0,2,1.5,9,6.04,13.0,709100.0
1816.0,3,2.0,10,3.11,15.8,601200.0
2091.0,4,3.5,4,0.62,12.5,694400.0
2428.0,5,4.5,9,18.08,45.9,716200.0
2104.0,2,1.7,7,12.98,56.9,508500.0
1838.0,4,3.0,5,1.2,43.0,542800.0
2034.0,4,3.0,5,12.0,52.9,622600.0
2047.0,2,1.0,1,7.86,38.3,449000.0
1878.0,3,2.6,2,4.21,23.3,554500.0
1945.0,3,2.3,10,2.34,25.5,673200.0
3059.0,5,4.0,3,15.71,4.5,777800.0
2437.0,2,1.1,8,9.64,1.9,662200.0
1923.0,4,2.8,6,6.35,41.7,619300.0
2518.0,3,2.0,10,7.52,26.3,747300.0
1900.0,3,2.8,5,0.76,33.1,596600.0
2804.0,3,2.1,1,5.14,33.5,697900.0
2322.0,3,3.3,9,1.72,16.6,751500.0
2036.0,4,3.2,3,1.87,28.6,607500.0
2369.0,4,2.4,3,8.66,28.2,675400.0
1157.0,4,2.9,2,19.38,23.3,381300.0
1424.0,2,1.2,4,4.14,49.2,383800.0
1384.0,3,1.2,2,1.86,27.1,454400.0
2186.0,2,2.3,9,8.37,36.2,630900.0
3140.0,3,2.6,10,16.4,53.7,799000.0
3439.0,3,2.5,7,11.04,52.0,849100.0
2483.0,3,2.3,8,16.25,53.4,635300.0
2401.0,3,1.6,3,6.15,16.2,684700.0
1019.0,5,3.5,6,11.15,2.1,443400.0
1774.0,2,1.9,10,1.21,15.7,623500.0
1627.0,3,1.7,6,3.43,16.7,556200.0
1727.0,3,1.0,1,3.95,54.6,458200.0
1999.0,2,1.4,6,5.73,39.0,560900.0
1817.0,2,1.4,3,21.17,4.9,444300.0
912.0,4,3.1,3,16.59,8.1,351800.0
2549.0,4,3.4,3,1.16,9.3,729100.0
1456.0,4,3.3,10,1.52,37.8,633900.0
2244.0,5,3.9,10,3.54,44.1,753600.0
3344.0,2,2.1,8,2.75,51.6,910600.0
1548.0,3,1.5,5,7.63,56.4,481700.0
800.0,3,2.5,4,18.65,12.1,255700.0
1928.0,3,2.6,9,26.22,18.6,576200.0
2761.0,3,1.6,9,8.48,14.4,767900.0
3275.0,3,1.5,1,14.57,21.5,698300.0
1362.0,3,1.9,2,5.96,54.9,444700.0
2398.0,3,1.9,8,1.87,34.5,699500.0
1821.0,2,1.9,5,5.95,44.3,513400.0
2036.0,3,1.9,7,6.48,29.4,624200.0
3687.0,3,1.8,1,10.85,1.7,877000.0
1198.0,3,1.9,10,1.99,3.9,539300.0
2252.0,2,2.1,5,3.67,32.3,631600.0
2381.0,3,2.3,3,3.62,43.1,623800.0
2751.0,1,1.0,10,25.64,12.9,688500.0
2159.0,3,2.2,2,4.7,43.3,584100.0
2285.0,4,3.6,2,11.26,48.6,610700.0
1865.0,3,1.9,9,11.12,24.7,581300.0
2261.0,2,2.2,4,2.47,44.8,643500.0
1894.0,3,2.4,4,6.79,24.2,559700.0
2473.0,3,2.2,7,17.98,40.7,667200.0
1878.0,4,4.3,10,5.16,45.8,670400.0
2326.0,3,1.7,10,23.22,59.5,618700.0
2082.0,3,2.1,2,1.93,20.7,600400.0
2776.0,3,1.6,3,0.62,24.7,703400.0
2069.0,2,2.0,3,17.76,9.9,522700.0
1036.0,2,2.3,6,15.05,12.2,332000.0
2857.0,3,3.1,3,30.0,41.6,610900.0
1557.0,3,2.9,5,9.1,55.0,452300.0
1708.0,3,2.2,4,22.08,23.7,509000.0
1743.0,2,1.3,3,14.03,10.8,426000.0
2925.0,1,1.0,8,14.89,17.1,778000.0
819.0,3,3.3,10,6.74,27.3,469700.0
3983.0,2,1.7,3,3.85,17.4,915900.0
2734.0,3,2.0,6,21.81,14.0,697500.0
2234.0,1,1.4,7,4.53,44.2,591300.0
2067.0,3,1.8,7,6.19,0.5,607500.0
2271.0,4,3.2,2,4.73,32.4,649400.0
2413.0,2,1.4,3,6.66,47.6,612600.0
2487.0,3,2.6,10,5.09,16.0,798600.0
2433.0,2,1.5,10,0.5,36.2,734400.0
2154.0,3,1.5,4,17.1,40.1,522200.0
1982.0,3,2.3,7,4.7,39.3,648300.0
2009.0,3,2.8,2,7.11,26.8,598000.0
1983.0,3,2.2,3,1.2,20.8,601000.0
2780.0,4,3.4,7,0.5,50.2,841000.0
2456.0,2,1.0,7,2.25,45.5,718500.0
800.0,1,1.0,10,9.76,19.3,352100.0
2494.0,4,2.7,3,0.84,6.2,705500.0
2217.0,3,2.6,1,19.17,4.3,540300.0
2089.0,4,3.0,3,1.94,5.7,621400.0
1867.0,3,2.6,5,1.83,35.0,606100.0
2774.0,4,3.5,7,1.6,3.1,804300.0
2669.0,3,2.6,4,0.5,20.2,777100.0
1636.0,3,2.4,1,11.82,45.2,426400.0
2344.0,4,2.5,6,16.64,17.7,685700.0
1517.0,3,2.2,2,7.62,45.8,383200.0
1272.0,2,1.2,3,1.67,44.7,394800.0
1724.0,2,1.3,4,2.69,14.7,489300.0
2617.0,2,1.3,6,5.17,43.7,710400.0
2672.0,2,1.0,6,24.69,44.9,633300.0
2408.0,3,1.3,7,2.27,23.8,635100.0
2535.0,3,1.9,5,10.52,12.6,700000.0
2410.0,3,2.3,7,4.63,31.3,726300.0
1715.0,3,1.6,2,2.83,55.3,492700.0
2359.0,3,2.3,1,4.87,38.4,626100.0
2580.0,2,2.5,10,0.59,10.4,804300.0
2553.0,2,2.0,8,12.82,41.0,693500.0
2813.0,2,2.3,1,2.23,25.6,675200.0
2525.0,3,2.4,2,10.34,35.5,664000.0
2311.0,2,2.1,10,0.57,44.0,711200.0
2742.0,2,1.1,6,24.83,30.9,620800.0
2084.0,3,1.9,1,1.72,48.8,571700.0
1571.0,4,1.6,10,17.15,43.3,482200.0
2002.0,1,1.3,3,13.26,36.9,442000.0
1653.0,3,3.0,7,27.5,9.0,486800.0
