transaction_amount,distance_from_home_km,velocity_transactions_1h,is_foreign_ip,is_fraud
71.38,12.4,3,0,0
205.21,6.4,1,0,0
47.03,0.0,4,0,0
112.34,0.0,6,0,0
42.5,4.5,0,0,0
46.55,5.9,4,0,0
190.64,20.6,0,0,0
131.82,16.1,1,0,0
40.29,9.4,3,0,0
26.55,0.0,1,0,0
4.51,11.3,0,0,0
28.57,16.7,1,0,0
33.06,0.0,2,0,0
46.07,9.7,3,0,0
27.59,15.4,0,0,0
170.13,11.2,3,0,0
196.63,10.2,2,0,0
92.03,0.0,2,0,0
71.8,15.5,1,0,0
25.29,17.8,2,0,0
8.75,7.6,0,0,0
2.71,5.5,3,0,0
79.06,0.0,5,0,0
9.87,16.5,0,0,0
45.13,12.3,1,0,0
4.59,9.9,1,0,0
21.09,12.8,2,0,0
19.09,22.0,1,0,0
81.78,15.2,2,0,0
33.65,9.4,1,0,0
12.29,8.3,0,0,0
13.03,9.1,1,0,0
32.54,0.0,0,0,0
124.3,3.2,0,0,0
58.61,20.7,3,0,0
104.73,9.7,0,0,0
65.35,22.3,1,0,0
188.07,10.6,0,0,0
2.42,3.3,0,0,0
117.5,17.4,1,0,0
56.86,11.7,1,0,0
51.43,18.0,1,0,0
342.68,28.3,1,0,0
28.09,2.9,1,0,0
151.58,17.0,1,0,0
121.44,8.8,3,0,0
2.79,13.1,0,0,0
36.8,0.0,1,0,0
72.49,14.2,4,0,0
50.0,31.1,9,0,1
38.31,11.8,1,0,0
64.86,18.7,3,0,0
11.55,17.2,5,0,0
132.96,7.9,0,0,0
30.76,10.7,2,0,0
32.39,9.9,0,0,0
36.25,9.6,2,0,0
59.1,31.4,0,0,0
62.81,17.7,1,0,0
2.0,14.9,1,0,0
50.74,10.1,3,0,0
134.35,14.7,2,0,0
31.3,0.0,1,0,0
35.16,3.9,1,0,0
67.27,4.6,4,0,0
196.61,13.9,0,0,0
40.7,0.0,5,0,0
154.78,0.0,1,0,0
251.05,21.1,2,0,0
8.91,17.7,0,0,0
12.49,9.8,3,0,0
23.92,14.3,0,0,0
10.34,24.5,1,0,0
16.19,9.7,0,0,0
34.55,17.3,2,0,0
63.05,7.9,1,0,0
65.44,19.2,2,0,0
44.09,15.8,2,0,0
145.07,21.3,1,0,0
20.59,11.5,1,0,0
8.18,10.2,2,0,0
2.0,19.8,2,0,0
33.5,13.0,1,0,0
92.29,6.5,3,0,0
22.76,12.5,2,0,0
352.24,15.0,1,0,0
27.73,9.2,0,0,0
11.09,12.1,1,0,0
6.03,12.4,4,0,0
67.4,6.6,1,0,0
5.85,23.4,2,0,0
115.41,10.4,3,0,0
40.23,20.6,1,0,0
88.14,8.7,1,0,0
10.05,14.5,3,0,0
9.59,11.7,1,0,0
22.19,5.0,3,0,0
20.99,11.3,3,0,0
15.57,9.4,0,0,0
50.0,172.2,5,0,1
20.52,5.4,1,0,0
3.99,16.7,3,0,0
45.87,0.5,1,0,0
53.95,5.6,2,0,0
7.15,4.3,4,0,0
20.63,3.3,0,0,0
19.39,9.9,1,0,0
15.31,15.3,1,0,0
30.44,18.8,3,0,0
70.46,16.6,4,0,0
34.43,12.0,2,0,0
12.49,18.2,3,0,0
16.32,13.4,3,0,0
3.42,21.4,1,0,0
80.18,8.7,0,0,0
51.68,8.9,4,0,0
111.33,12.7,0,0,0
92.57,13.2,0,0,0
185.89,13.6,3,0,0
174.85,4.6,0,0,0
36.53,23.3,4,0,0
65.9,20.1,0,0,0
28.47,16.4,1,0,0
34.9,7.1,0,0,0
28.69,7.1,1,0,0
56.02,37.9,1,0,0
32.95,30.5,2,0,0
2.0,12.4,0,0,0
174.49,18.5,4,0,0
8.82,18.0,2,0,0
70.93,19.8,6,0,0
78.83,2.1,0,0,0
40.5,19.1,2,0,0
34.05,17.2,2,1,0
50.47,19.2,1,0,0
10.76,17.9,1,0,0
47.01,23.7,1,0,0
44.06,13.3,1,0,0
48.17,0.0,0,0,0
6.07,10.0,3,0,0
72.85,9.6,1,0,0
28.06,8.1,4,0,0
7.69,21.1,1,0,0
46.6,18.2,3,0,0
22.93,17.9,0,0,0
17.36,17.1,0,0,0
46.73,13.6,2,0,0
58.41,0.0,3,0,0
142.13,11.5,2,0,0
5.44,4.3,1,0,0
18.9,4.9,2,0,0
70.48,11.1,0,0,0
2.0,4.4,1,0,0
4.79,9.5,3,0,0
9.77,16.6,1,0,0
51.75,14.6,0,0,0
256.15,12.9,0,0,0
180.7,3.1,2,0,0
14.72,10.9,0,0,0
81.44,0.0,0,0,0
96.63,5.4,1,0,0
40.14,1.8,2,0,0
4.21,14.2,4,0,0
136.46,2.0,1,0,0
51.13,31.8,3,0,0
16.16,18.3,2,0,0
9.99,12.3,1,0,0
3.31,16.7,5,0,0
12.24,6.6,2,1,0
97.84,10.5,4,0,0
49.58,5.5,0,0,0
98.96,10.4,2,0,0
152.49,4.1,2,0,0
12.85,7.0,2,0,0
67.13,8.0,2,0,0
208.54,11.6,0,0,0
125.83,14.1,1,0,0
60.73,0.0,4,0,0
65.1,22.4,1,0,0
135.62,0.0,0,1,0
48.48,9.3,3,0,0
40.81,0.1,1,0,0
624.97,100.9,5,0,1
11.97,12.8,1,0,0
9.34,18.0,3,0,0
24.63,25.3,2,0,0
47.11,0.0,1,0,0
2.0,20.7,0,0,0
141.25,0.0,1,0,0
37.3,0.0,0,0,0
93.43,34.2,2,0,0
27.76,16.9,1,0,0
28.34,14.9,1,0,0
81.91,16.0,0,0,0
264.02,91.1,5,0,1
30.06,13.7,1,0,0
77.17,17.8,2,0,0
2.0,16.0,2,0,0
31.4,23.9,3,0,0
26.53,0.0,0,0,0
73.56,2.8,0,0,0
95.33,18.9,2,0,0
19.93,0.0,0,0,0
23.46,0.0,0,0,0
851.41,42.1,6,1,1
31.24,18.6,1,0,0
20.55,14.4,2,0,0
51.64,6.2,1,0,0
40.82,7.5,0,0,0
21.54,27.6,3,0,0
8.72,7.2,1,0,0
21.81,10.1,2,0,0
93.96,8.3,1,0,0
296.2,14.5,1,0,0
58.93,6.9,4,0,0
59.14,16.2,0,0,0
60.83,0.0,1,0,0
50.57,18.2,1,0,0
10.26,10.1,3,0,0
32.46,8.9,1,0,0
73.54,23.1,2,0,0
29.93,16.5,2,0,0
31.12,12.9,0,0,0
105.48,17.0,0,0,0
45.05,18.9,0,0,0
16.98,13.5,2,0,0
39.85,13.3,1,0,0
107.4,15.3,3,0,0
27.99,0.0,1,0,0
27.25,15.7,2,0,0
17.94,13.4,1,0,0
46.59,4.6,0,0,0
61.45,0.0,1,0,0
28.5,7.3,1,0,0
2.0,8.9,2,0,0
89.35,12.0,0,0,0
75.42,2.3,1,0,0
320.84,3.7,2,0,0
20.02,3.3,3,0,0
97.13,25.9,1,0,0
23.91,17.3,0,0,0
51.43,12.9,1,0,0
114.51,25.3,1,0,0
29.11,32.8,2,0,0
98.38,1.4,3,0,0
160.61,18.0,2,0,0
72.51,28.8,2,0,0
133.1,17.2,1,0,0
202.52,4.3,0,0,0
30.25,22.6,1,0,0
85.26,19.7,2,1,0
12.97,16.4,5,0,0
2.99,0.0,2,0,0
7.15,0.0,4,0,0
10.71,19.8,1,0,0
74.73,14.5,2,0,0
4.44,0.0,0,0,0
33.76,19.2,2,0,0
111.92,8.9,2,0,0
113.17,10.6,1,0,0
227.54,0.0,2,0,0
31.3,0.0,0,0,0
114.69,17.1,2,0,0
112.36,17.2,1,0,0
336.22,11.1,3,0,0
103.54,12.0,1,0,0
40.73,4.4,0,0,0
2.0,11.3,0,0,0
4.03,2.3,2,0,0
29.01,12.1,1,0,0
172.42,1.0,1,0,0
308.6,19.3,3,0,0
49.28,20.8,2,0,0
72.29,8.4,0,0,0
5.52,4.7,0,0,0
50.56,11.2,3,0,0
2.49,24.8,1,0,0
14.12,21.7,1,0,0
191.24,0.0,1,0,0
119.49,26.4,1,0,0
13.97,17.0,0,0,0
2.0,21.3,0,0,0
28.24,13.2,0,0,0
68.4,0.0,3,0,0
32.91,1.0,2,0,0
104.57,0.0,1,0,0
38.59,9.3,0,0,0
37.57,19.1,0,0,0
43.69,4.1,0,0,0
80.1,12.5,1,0,0
18.35,4.9,2,0,0
74.09,12.2,1,0,0
7.05,8.1,1,0,0
101.22,24.8,0,0,0
24.95,22.7,4,0,0
26.95,4.1,6,0,0
29.86,7.7,1,0,0
109.84,10.0,0,0,0
2.0,9.1,1,0,0
4.8,12.2,3,0,0
131.69,27.3,4,1,0
13.49,20.8,1,0,0
79.63,12.4,0,0,0
12.61,7.6,3,0,0
34.81,28.9,2,0,0
172.06,20.6,1,0,0
96.67,20.3,1,1,0
11.78,26.5,1,0,0
90.75,18.1,0,0,0
37.0,2.0,2,0,0
300.05,15.0,0,0,0
267.49,8.9,4,0,0
2.43,11.6,0,0,0
2.0,12.1,2,0,0
153.26,5.4,3,0,0
36.93,0.0,3,0,0
161.49,18.1,0,0,0
8.04,5.5,0,1,0
4.52,5.9,1,0,0
47.04,11.6,1,0,0
6.95,0.0,3,0,0
62.19,9.3,2,0,0
167.85,3.9,2,1,0
40.24,11.6,1,0,0
18.49,11.8,1,0,0
45.49,13.7,3,0,0
48.31,18.1,2,1,0
9.75,14.1,2,0,0
4.37,2.9,1,0,0
72.4,15.5,4,0,0
33.55,12.7,1,0,0
211.57,15.8,0,0,0
31.72,6.2,1,0,0
6.81,16.0,0,0,0
96.32,11.7,2,0,0
144.15,14.3,0,0,0
45.46,24.1,0,0,0
73.48,12.3,2,0,0
126.96,10.5,1,0,0
29.8,6.2,0,0,0
27.11,13.0,2,0,0
24.62,9.8,0,0,0
77.62,12.0,3,0,0
17.16,15.5,3,1,0
136.03,14.5,0,0,0
38.44,0.0,3,0,0
15.69,27.6,0,0,0
33.37,10.3,1,0,0
59.81,7.6,0,0,0
28.55,14.1,0,0,0
35.12,31.1,2,0,0
11.34,12.9,1,0,0
16.66,0.0,0,0,0
15.97,1.2,1,0,0
91.97,10.6,0,0,0
2.0,6.9,4,0,0
63.73,17.0,1,0,0
26.16,9.0,2,0,0
69.11,14.3,0,0,0
32.97,2.7,2,0,0
2.0,18.3,0,0,0
137.46,0.0,0,0,0
45.77,0.0,1,0,0
11.17,12.0,2,0,0
10.07,10.0,1,0,0
18.46,24.7,2,0,0
143.48,13.8,4,0,0
12.94,13.6,2,0,0
11.03,10.9,1,0,0
73.17,2.2,3,0,0
21.07,22.6,2,1,0
213.89,17.8,1,0,0
22.05,14.8,1,0,0
52.29,3.5,0,0,0
47.73,20.0,1,0,0
11.9,7.2,0,0,0
153.87,15.9,1,0,0
70.71,2.5,0,0,0
2.0,15.7,0,0,0
32.9,12.2,3,0,0
19.46,3.9,0,0,0
62.82,34.5,2,0,0
15.79,0.0,2,0,0
15.8,11.5,0,0,0
21.5,7.9,3,0,0
48.12,21.2,2,0,0
5.43,2.8,5,0,0
2.0,15.9,0,0,0
6.15,4.3,2,0,0
20.49,4.6,2,0,0
117.92,14.3,2,0,0
44.85,14.0,0,0,0
112.55,14.1,0,0,0
134.1,16.7,1,1,0
17.29,19.2,1,0,0
22.4,8.6,1,0,0
66.61,16.5,3,0,0
79.79,5.2,3,0,0
93.07,14.2,3,0,0
127.86,20.7,2,0,0
11.67,20.4,2,0,0
135.01,19.1,1,1,0
368.06,18.0,2,1,0
21.65,1.4,8,0,0
16.84,4.0,3,0,0
104.54,10.8,2,0,0
28.33,13.3,2,0,0
141.2,7.2,4,0,0
108.14,5.0,2,0,0
118.79,7.6,0,0,0
51.79,0.0,3,0,0
20.88,19.9,0,0,0
24.83,22.0,4,0,0
56.48,27.0,1,0,0
10.86,8.3,0,0,0
70.85,0.4,4,0,0
164.06,21.9,0,0,0
156.48,26.3,2,0,0
48.45,1.5,1,0,0
63.62,7.4,0,0,0
121.82,13.1,1,0,0
121.79,33.1,2,0,0
61.37,19.0,0,0,0
91.75,6.2,0,0,0
52.46,19.9,2,0,0
85.17,13.2,0,0,0
31.48,0.0,3,0,0
89.8,0.0,3,0,0
178.96,8.7,2,0,0
74.16,17.2,0,0,0
69.88,22.4,2,0,0
127.63,10.9,1,0,0
114.24,28.8,0,0,0
26.32,12.3,1,0,0
79.25,6.9,1,0,0
73.03,15.8,0,0,0
71.37,7.4,3,0,0
53.03,21.6,1,0,0
40.26,21.5,1,0,0
39.99,22.7,2,0,0
58.53,19.8,1,0,0
46.65,13.5,0,0,0
2.34,27.8,2,0,0
8.29,20.3,0,0,0
87.04,10.8,1,0,0
67.12,7.7,3,0,0
20.53,33.1,3,0,0
3.87,12.2,3,0,0
26.06,16.2,2,0,0
102.76,9.3,1,0,0
127.39,22.0,1,0,0
56.91,1.2,3,0,0
9.18,10.6,2,0,0
21.23,6.8,2,0,0
54.41,15.5,4,0,0
6.48,8.7,1,0,0
89.68,1.1,2,0,0
34.75,0.9,1,0,0
16.21,19.1,2,0,0
34.26,3.7,0,0,0
47.91,13.2,0,0,0
5.97,25.3,2,0,0
61.31,8.0,1,0,0
50.71,5.5,3,0,0
39.95,10.4,3,0,0
20.73,0.3,2,0,0
8.28,31.9,2,0,0
25.59,10.4,2,0,0
91.73,16.1,1,0,0
15.08,0.0,3,0,0
24.67,4.7,2,0,0
65.03,13.7,1,0,0
172.14,17.9,1,0,0
77.34,9.4,2,0,0
98.61,30.0,2,0,0
17.62,10.5,0,0,0
9.38,14.1,1,0,0
170.76,99.1,2,1,1
62.35,18.8,0,0,0
65.58,18.6,0,0,0
31.56,7.8,1,0,0
94.27,2.1,5,0,0
8.32,15.0,1,0,0
70.45,7.8,1,0,0
99.14,5.7,3,0,0
23.46,1.6,2,0,0
63.52,8.7,4,0,0
28.86,8.8,1,0,0
25.41,10.0,1,0,0
70.32,21.6,2,0,0
54.13,13.6,1,0,0
18.61,15.5,2,0,0
141.99,10.8,1,0,0
34.18,12.1,1,0,0
2.0,9.1,1,0,0
10.6,11.4,0,1,0
230.47,11.8,3,0,0
7.17,24.4,0,1,0
111.82,14.0,1,0,0
111.55,22.1,2,0,0
23.17,22.1,2,1,0
25.82,0.0,2,0,0
45.86,12.7,1,0,0
18.58,13.3,2,0,0
188.25,9.3,0,0,0
44.57,3.0,2,0,0
2.0,4.8,2,0,0
64.59,4.0,3,0,0
223.45,16.1,3,0,0
23.86,3.8,0,0,0
94.37,1.3,3,0,0
5.53,0.0,0,1,0
50.86,13.0,1,0,0
58.22,2.6,0,0,0
6.35,8.8,1,0,0
114.7,0.0,3,0,0
136.32,12.2,2,0,0
31.78,24.3,2,0,0
141.85,9.1,2,0,0
51.11,10.7,2,0,0
7.76,11.2,0,0,0
153.21,25.5,2,0,0
39.12,24.5,5,0,0
242.07,14.0,2,0,0
14.18,18.9,0,0,0
57.87,12.0,0,0,0
27.14,3.5,1,0,0
33.36,5.4,5,0,0
2.0,5.5,0,0,0
60.83,20.5,2,0,0
68.83,21.5,2,0,0
238.98,14.3,1,0,0
33.04,2.6,4,0,0
1886.83,100.0,4,1,1
17.13,14.9,2,0,0
46.59,0.0,2,0,0
47.78,19.1,3,0,0
110.53,1.3,1,0,0
139.14,26.0,2,0,0
64.55,0.0,2,0,0
58.99,127.6,2,0,1
52.84,7.3,0,0,0
179.66,5.7,4,0,0
80.85,9.8,1,0,0
45.4,7.0,1,0,0
109.62,7.6,6,0,0
42.57,9.3,0,0,0
3.52,17.0,1,0,0
256.73,15.2,0,0,0
21.55,4.8,5,0,0
29.66,17.0,1,0,0
33.67,8.1,1,0,0
7.43,12.7,1,0,0
57.57,0.0,0,0,0
92.42,8.5,0,0,0
164.86,15.9,0,0,0
44.83,11.5,3,0,0
46.47,25.6,2,0,0
29.26,16.4,0,0,0
147.99,8.2,2,0,0
129.47,16.1,5,1,0
6.51,3.8,3,0,0
2.0,8.4,3,0,0
15.58,17.0,1,0,0
2.0,20.6,0,0,0
32.79,21.1,1,0,0
103.07,0.0,0,0,0
100.63,8.0,2,0,0
464.65,139.6,4,0,1
101.11,18.4,0,0,0
86.92,16.1,1,1,0
149.68,3.6,1,0,0
97.38,7.0,1,0,0
20.37,2.1,0,0,0
25.9,29.5,2,0,0
20.29,6.5,1,0,0
118.67,0.0,1,0,0
12.82,18.3,1,0,0
7.65,3.9,4,0,0
18.13,7.0,1,0,0
26.22,22.7,1,0,0
110.67,12.8,2,0,0
22.75,24.5,3,1,0
4.59,8.5,2,0,0
12.99,19.7,2,0,0
91.43,10.3,0,0,0
3.73,0.0,1,0,0
12.74,13.6,1,0,0
67.48,24.2,1,0,0
15.38,17.9,4,0,0
44.52,10.2,0,0,0
81.05,126.7,1,1,1
26.18,6.3,4,0,0
2.66,18.5,3,0,0
18.57,0.3,3,0,0
98.53,11.7,2,0,0
56.05,7.6,2,0,0
67.99,12.6,2,0,0
231.91,12.2,2,0,0
70.57,19.7,3,0,0
18.0,14.4,1,0,0
31.04,15.3,0,1,0
13.24,20.1,0,0,0
9.44,11.1,1,0,0
41.75,11.4,2,0,0
83.31,8.1,3,0,0
113.84,24.2,2,0,0
80.05,0.0,2,0,0
4.93,8.4,4,0,0
195.32,14.0,1,0,0
23.13,15.7,1,0,0
87.79,21.8,3,0,0
44.58,6.9,3,0,0
84.83,22.5,1,0,0
114.15,0.1,1,0,0
239.24,7.3,2,1,0
8.88,8.6,1,1,0
121.23,18.7,1,1,0
9.75,17.3,3,0,0
47.88,0.9,3,0,0
83.92,0.0,5,0,0
20.76,11.6,1,0,0
4.51,19.2,0,0,0
61.17,25.0,2,0,0
17.2,13.7,1,0,0
4.76,8.8,2,0,0
30.39,29.6,3,0,0
9.81,10.9,2,0,0
69.44,16.4,2,0,0
11.96,18.3,1,0,0
8.49,20.7,1,0,0
18.86,5.6,0,1,0
13.17,20.5,1,1,0
83.86,16.8,0,0,0
22.8,18.4,1,0,0
130.56,60.8,3,1,1
29.06,17.5,1,0,0
18.9,6.4,0,0,0
136.46,16.7,1,0,0
31.88,6.4,2,0,0
106.59,12.0,2,0,0
39.84,20.6,4,0,0
401.84,18.9,1,0,0
4.27,11.3,4,0,0
104.59,14.1,1,0,0
162.88,13.6,3,0,0
91.02,5.8,1,0,0
17.9,5.1,1,0,0
24.53,27.7,1,1,0
56.84,20.8,0,0,0
8.08,1.2,3,1,0
196.6,11.1,2,0,0
130.69,14.4,1,0,0
2.0,13.4,1,0,0
157.49,5.1,3,0,0
175.27,17.6,2,0,0
2.0,5.3,2,0,0
50.0,99.4,4,0,1
12.18,10.0,1,0,0
50.0,72.8,5,0,1
33.28,14.1,0,0,0
10.72,0.0,2,0,0
18.05,9.2,1,0,0
66.58,21.0,1,0,0
2.0,0.0,2,0,0
90.44,10.8,2,0,0
8.32,11.8,1,0,0
121.98,20.9,0,0,0
8.82,5.0,2,0,0
81.37,0.0,1,0,0
91.88,11.4,1,0,0
47.84,26.4,0,0,0
31.41,15.2,1,0,0
54.52,15.2,3,0,0
34.03,5.1,1,0,0
70.61,18.8,1,0,0
4.38,0.0,2,0,0
128.14,9.8,0,0,0
24.49,2.1,2,0,0
42.76,0.1,1,0,0
52.93,18.0,2,0,0
73.15,26.1,1,0,0
104.42,4.9,1,0,0
71.62,3.1,2,0,0
120.85,24.3,1,0,0
83.23,14.2,0,0,0
8.34,12.3,1,0,0
23.0,19.2,2,0,0
113.6,8.2,1,0,0
198.49,10.1,2,0,0
60.13,13.3,1,0,0
242.09,28.0,1,0,0
121.13,19.5,3,0,0
93.04,9.9,2,0,0
81.18,4.2,1,0,0
202.22,3.6,1,0,0
95.53,1.4,1,0,0
105.87,24.3,0,0,0
120.23,3.2,2,0,0
35.29,15.8,1,0,0
41.48,8.1,4,0,0
55.32,18.6,1,0,0
55.12,19.8,1,0,0
4.57,7.8,1,0,0
92.6,1.9,0,0,0
18.14,7.8,2,0,0
142.96,28.7,1,0,0
103.78,9.5,0,0,0
130.0,16.5,2,0,0
74.85,19.2,2,0,0
2.58,25.3,1,0,0
57.14,8.3,2,0,0
50.38,18.6,1,0,0
12.36,27.9,1,0,0
330.92,13.4,1,0,0
14.67,13.9,3,0,0
71.71,0.0,2,0,0
48.01,10.6,1,1,0
88.13,17.1,3,0,0
2.45,8.5,0,0,0
152.57,10.0,1,0,0
79.88,11.9,1,0,0
74.68,13.6,1,0,0
37.73,5.4,2,0,0
5.92,13.6,3,0,0
244.64,9.3,3,0,0
222.57,128.8,5,1,1
54.22,22.5,3,0,0
108.0,18.5,1,0,0
120.48,9.6,0,0,0
17.9,18.8,3,0,0
94.0,0.9,4,0,0
2.0,0.0,4,0,0
64.2,5.6,0,0,0
312.31,11.8,3,0,0
47.68,0.0,3,0,0
15.36,7.0,1,0,0
26.84,11.8,1,0,0
59.85,15.1,2,0,0
74.37,11.9,4,0,0
65.25,25.0,1,0,0
56.12,0.0,1,0,0
166.18,23.7,2,0,0
2.58,19.3,3,0,0
65.09,5.0,3,0,0
32.62,33.7,1,0,0
12.07,25.5,3,0,0
2.22,11.9,0,0,0
11.78,0.0,0,0,0
16.69,21.2,2,0,0
47.54,6.3,1,0,0
182.33,15.8,0,0,0
28.34,17.5,1,0,0
19.95,28.3,2,0,0
93.98,19.0,2,0,0
100.49,12.6,0,0,0
119.98,26.8,1,0,0
57.42,1.5,3,0,0
146.92,20.7,1,0,0
11.29,30.0,1,0,0
117.44,3.8,2,0,0
23.41,25.0,3,0,0
170.15,16.3,4,0,0
59.73,4.1,0,0,0
134.68,19.1,3,0,0
28.23,5.0,1,0,0
6.01,14.5,1,0,0
64.88,14.0,3,0,0
16.0,12.2,1,0,0
10.48,7.1,0,1,0
13.31,9.5,1,0,0
58.92,10.6,1,0,0
5.08,14.1,2,0,0
33.53,29.1,3,0,0
67.58,0.0,0,0,0
126.68,8.8,3,0,0
29.86,14.9,3,0,0
18.78,15.8,1,0,0
149.56,10.2,3,0,0
2.19,13.5,0,0,0
12.46,18.6,3,0,0
11.35,1.4,3,0,0
148.42,4.3,1,0,0
2.1,17.0,1,0,0
142.41,16.4,0,1,0
73.36,21.1,2,0,0
11.88,8.3,0,0,0
119.16,2.2,2,0,0
110.75,12.2,1,0,0
35.6,0.0,0,0,0
48.17,4.9,0,0,0
74.74,13.1,2,0,0
76.96,20.8,4,1,0
22.14,8.4,2,0,0
6.68,4.6,2,0,0
27.6,18.1,2,0,0
80.52,13.1,1,0,0
6.61,24.7,0,1,0
18.91,15.9,0,0,0
37.4,7.0,2,0,0
42.58,6.3,0,0,0
32.39,17.5,1,0,0
56.02,6.5,0,0,0
113.05,7.9,2,0,0
45.1,10.9,0,0,0
55.91,4.2,2,0,0
643.54,121.6,2,1,1
46.72,12.0,2,0,0
76.01,19.9,0,1,0
49.12,5.9,1,0,0
43.69,16.9,3,0,0
30.26,20.4,1,0,0
90.34,14.3,1,0,0
73.76,7.8,2,0,0
16.25,9.5,2,1,0
4.16,15.6,2,0,0
12.52,12.5,5,0,0
4.26,9.3,1,0,0
47.21,10.7,5,0,0
49.41,10.9,1,0,0
42.18,0.0,2,0,0
37.71,25.3,2,0,0
71.52,7.9,0,0,0
50.72,0.0,1,0,0
124.63,11.2,0,0,0
93.38,2.4,1,0,0
106.48,2.5,0,0,0
22.19,14.5,0,0,0
26.7,7.0,3,1,0
25.07,14.1,1,0,0
143.86,11.5,1,0,0
21.73,13.8,3,0,0
61.45,10.9,2,0,0
396.28,10.4,2,0,0
118.51,31.0,0,0,0
89.69,0.0,0,0,0
14.11,11.3,2,0,0
21.01,10.2,0,0,0
114.25,13.3,3,0,0
16.17,0.0,6,0,0
2.09,2.7,0,0,0
108.91,8.3,2,0,0
109.46,10.3,1,0,0
12.51,3.1,2,0,0
27.0,4.8,0,0,0
23.18,18.7,3,0,0
3.56,17.6,0,0,0
2.61,15.8,2,0,0
34.38,26.7,1,0,0
263.86,13.0,2,0,0
26.51,1.5,0,0,0
20.33,9.9,2,0,0
79.98,15.9,0,0,0
12.53,9.0,3,0,0
70.59,18.4,2,0,0
31.53,9.7,1,0,0
83.27,8.8,2,0,0
7.61,9.3,0,0,0
105.82,16.4,1,0,0
21.42,20.4,0,0,0
2.0,0.0,2,1,0
26.55,14.2,2,0,0
46.9,7.7,1,0,0
2.38,11.2,0,0,0
121.65,11.7,4,0,0
51.98,0.3,1,0,0
21.79,7.8,0,0,0
4.39,5.5,2,0,0
16.94,5.7,1,0,0
50.48,1.7,4,0,0
85.32,17.9,4,0,0
185.9,4.7,0,0,0
12.31,5.0,2,0,0
195.03,18.9,1,0,0
53.33,6.7,1,0,0
68.47,16.3,3,0,0
98.53,15.2,4,0,0
107.55,11.2,1,0,0
63.12,9.7,2,0,0
77.11,11.9,2,0,0
98.98,0.0,0,0,0
87.54,5.3,2,0,0
53.05,7.6,0,0,0
49.21,1.6,2,0,0
5.67,22.2,3,0,0
153.24,12.3,1,0,0
140.5,4.8,1,0,0
31.37,25.6,4,0,0
11.71,0.0,0,0,0
105.4,18.2,3,1,0
62.21,19.7,2,0,0
10.29,22.4,2,0,0
74.29,10.0,1,0,0
12.24,13.6,1,0,0
134.43,7.9,1,0,0
14.48,11.0,2,0,0
37.63,2.3,1,0,0
43.24,12.2,0,0,0
104.42,7.7,1,0,0
84.87,26.7,0,0,0
131.28,9.4,0,0,0
105.86,19.9,2,0,0
96.19,11.4,2,0,0
227.74,0.0,2,0,0
37.59,7.5,1,0,0
2.08,20.9,2,0,0
2.0,12.0,2,0,0
18.18,2.3,1,0,0
60.93,28.2,2,0,0
58.81,28.0,3,0,0
54.12,11.2,1,0,0
214.5,28.1,2,0,0
16.11,0.0,3,0,0
77.1,0.0,0,0,0
3.66,8.1,1,0,0
100.11,9.8,1,0,0
39.01,16.6,2,0,0
58.42,15.5,1,0,0
36.76,21.5,0,0,0
12.84,0.0,1,0,0
6.79,0.0,4,0,0
65.18,6.2,1,0,0
14.44,9.1,0,0,0
141.26,18.8,1,0,0
70.5,10.4,2,0,0
8.55,15.3,1,0,0
78.51,9.7,2,1,0
2.0,17.7,1,0,0
86.9,19.6,2,0,0
547.59,117.4,3,0,1
18.44,21.8,2,1,0
50.67,28.6,2,0,0
27.8,8.7,0,0,0
26.91,4.7,0,1,0
18.78,10.6,1,0,0
74.6,9.2,1,0,0
40.0,12.6,4,0,0
78.64,11.7,0,0,0
77.4,6.2,3,0,0
3.24,18.9,2,0,0
28.3,11.6,2,0,0
3.04,10.2,3,0,0
2.0,11.5,2,0,0
3.31,2.7,0,0,0
42.17,17.0,1,0,0
12.42,8.7,0,0,0
16.47,0.0,3,0,0
12.67,3.2,3,0,0
2.0,12.2,3,0,0
50.98,16.0,2,0,0
76.89,10.6,2,0,0
40.53,10.5,2,0,0
70.8,19.6,1,0,0
371.34,4.9,1,0,0
59.06,5.0,1,0,0
76.56,4.2,3,0,0
5.26,20.9,5,0,0
71.87,0.0,4,0,0
23.49,0.0,1,0,0
14.66,5.4,1,0,0
141.2,9.3,1,0,0
85.83,12.7,0,0,0
8.97,13.5,2,0,0
99.55,14.1,2,0,0
20.03,4.7,1,0,0
41.1,19.6,2,0,0
2.0,10.2,0,0,0
86.34,0.0,2,1,0
2.0,2.1,1,0,0
12.96,19.7,2,0,0
30.37,10.7,3,0,0
42.9,13.6,3,0,0
26.27,7.6,1,0,0
134.15,9.8,1,0,0
11.04,15.9,3,0,0
2.6,14.7,3,0,0
30.5,14.7,2,0,0
105.6,3.4,1,1,0
21.23,26.8,4,0,0
6.4,11.0,2,0,0
13.07,5.6,3,0,0
120.91,20.9,2,0,0
78.18,4.2,2,0,0
3.92,4.0,1,1,0
74.58,5.1,2,0,0
108.33,12.5,1,0,0
31.18,6.9,2,0,0
77.39,13.5,2,0,0
43.21,9.5,0,0,0
52.39,14.8,1,0,0
69.48,11.4,1,0,0
24.24,9.2,1,0,0
37.18,4.8,0,0,0
21.07,7.5,2,0,0
35.23,7.8,1,0,0
129.03,12.8,1,1,0
20.38,17.8,2,0,0
131.65,15.5,2,0,0
8.0,0.0,2,0,0
36.53,0.0,1,0,0
37.93,0.4,3,0,0
30.6,8.2,5,0,0
18.57,5.8,1,0,0
36.98,30.2,2,0,0
2.0,10.1,2,0,0
45.34,12.3,0,0,0
31.13,5.1,1,0,0
2.0,3.7,3,0,0
5.27,14.1,2,0,0
90.27,19.5,2,0,0
52.89,20.0,2,0,0
43.01,13.7,1,0,0
221.98,19.5,1,1,0
39.37,19.5,1,0,0
7.94,8.4,1,1,0
59.66,29.7,1,0,0
46.66,14.0,2,0,0
13.35,22.0,3,0,0
32.83,13.0,2,0,0
20.75,12.7,5,0,0
29.27,0.0,3,0,0
11.54,8.1,0,0,0
95.37,0.0,3,0,0
33.08,18.4,0,0,0
11.04,12.3,3,0,0
50.65,0.0,1,0,0
91.07,10.0,3,1,1
91.22,8.6,0,0,0
111.97,9.0,0,0,0
20.54,24.6,2,0,0
27.58,0.0,2,0,0
55.38,9.3,2,1,0
33.1,7.9,0,0,0
8.42,22.2,0,0,0
416.36,10.9,4,0,0
32.95,14.2,2,0,0
29.87,11.5,1,0,0
8.21,16.8,2,0,0
38.68,3.0,2,0,0
187.67,12.0,2,0,0
2.87,8.7,4,0,0
104.93,5.0,4,0,0
37.14,10.4,2,0,0
55.96,5.2,1,0,0
104.06,0.0,2,0,0
2.0,0.9,1,0,0
11.44,35.9,1,0,0
95.99,3.1,1,0,0
104.92,22.8,3,0,0
91.23,20.6,2,0,0
43.7,5.5,2,0,0
381.67,14.4,2,0,0
70.73,5.1,2,0,0
136.4,16.2,1,0,0
53.31,8.4,0,0,0
30.15,14.8,2,0,0
30.26,0.0,3,0,0
52.51,18.9,3,0,0
2.0,11.5,2,0,0
35.29,4.6,1,0,0
41.57,6.3,2,0,0
39.53,12.6,1,0,0
3.38,18.6,2,0,0
30.1,7.3,1,0,0
51.48,13.1,1,0,0
36.54,17.2,2,0,0
10.72,12.1,2,0,0
35.7,17.8,2,0,0
219.88,12.5,2,0,0
7.24,17.6,1,0,0
258.26,19.9,0,0,0
19.08,8.1,2,0,0
29.8,12.6,3,0,0
537.47,50.7,3,1,1
52.52,7.3,1,0,0
9.16,11.9,0,0,0
48.41,13.6,0,0,0
73.44,0.0,0,0,0
143.63,7.4,0,0,0
99.54,24.5,4,0,0
18.3,9.9,1,0,0
32.37,13.0,1,0,0
179.42,13.9,0,0,0
10.02,2.9,2,0,0
22.57,8.0,3,0,0
10.21,17.7,2,0,0
77.41,3.5,3,0,0
4.98,26.9,1,0,0
91.15,8.4,0,0,0
121.57,10.1,3,0,0
148.36,24.0,1,0,0
22.84,14.6,3,0,0
22.03,11.2,1,0,0
93.77,0.9,2,0,0
15.15,0.0,4,0,0
73.66,4.2,0,0,0
191.38,10.0,6,0,1
20.93,21.2,2,0,0
7.9,29.3,2,0,0
2.0,19.8,1,0,0
73.62,21.6,3,0,0
55.85,15.3,0,0,0
42.89,16.8,0,1,0
15.02,12.0,1,0,0
40.16,4.4,1,0,0
35.57,9.3,0,0,0
40.37,24.6,1,0,0
28.87,0.0,1,1,0
54.84,13.4,4,0,0
9.79,25.8,3,0,0
2.0,15.0,2,0,0
4.04,1.0,3,0,0
50.0,10.0,4,0,1
20.89,8.8,2,0,0
3.46,12.8,3,0,0
115.83,3.2,1,0,0
75.69,24.1,2,0,0
58.8,20.6,0,0,0
69.39,12.6,4,0,0
41.94,22.2,2,0,0
202.06,16.3,1,0,0
50.35,20.6,1,0,0
29.94,23.6,3,0,0
32.37,0.0,0,0,0
258.28,17.2,1,0,0
63.56,0.3,1,0,0
43.72,12.9,2,0,0
2.64,15.1,3,0,0
13.05,15.1,1,0,0
155.28,2.1,1,0,0
43.09,3.5,0,0,0
58.44,1.8,1,1,0
113.56,4.3,0,0,0
36.6,21.0,1,1,0
85.76,19.9,4,0,0
44.1,15.1,0,0,0
27.57,10.0,2,0,0
24.44,17.3,1,0,0
72.53,7.5,1,0,0
51.27,7.6,2,0,0
87.24,13.8,3,0,0
10.91,25.2,3,0,0
28.38,7.9,2,0,0
77.54,1.9,0,0,0
45.46,15.6,0,0,0
10.78,11.1,5,0,0
31.09,17.1,1,1,0
87.28,0.0,3,0,0
21.44,5.8,1,0,0
225.54,17.9,2,0,0
19.56,19.8,3,0,0
112.78,7.5,0,0,0
6.66,20.4,2,0,0
27.55,7.9,1,0,0
308.06,20.7,1,0,0
2.0,1.8,1,0,0
8.1,17.0,0,0,0
30.08,14.5,1,0,0
49.44,12.2,1,0,0
45.4,7.6,0,0,0
3.79,22.4,5,0,0
20.53,8.2,1,0,0
2.66,0.0,0,0,0
194.1,23.2,0,0,0
60.5,20.6,1,0,0
46.22,8.1,2,0,0
46.75,4.6,2,0,0
19.24,2.2,3,0,0
7.58,7.6,1,0,0
37.95,11.8,1,1,0
183.12,11.3,3,0,0
221.05,9.4,0,0,0
21.95,8.9,1,0,0
56.13,2.5,1,0,0
55.63,0.0,1,0,0
15.06,22.3,1,0,0
99.43,23.4,2,0,0
364.56,17.0,3,1,0
27.13,25.6,2,0,0
114.63,20.4,0,0,0
15.25,20.7,2,0,0
34.94,8.6,1,0,0
56.97,4.7,4,0,0
70.12,23.4,0,0,0
8.11,12.6,4,1,0
33.3,17.5,1,0,0
36.02,14.6,2,0,0
59.71,21.1,1,0,0
66.57,15.6,0,0,0
68.65,10.8,1,0,0
139.42,11.9,1,0,0
14.83,14.7,1,0,0
51.11,17.5,0,0,0
50.72,3.3,1,0,0
4.1,13.8,2,0,0
113.31,0.0,1,0,0
29.78,13.7,0,0,0
82.78,13.7,2,0,0
46.03,20.4,3,0,0
6.93,12.8,1,0,0
4.8,25.1,0,0,0
41.79,4.8,0,0,0
30.85,12.6,3,0,0
17.86,23.9,1,0,0
28.6,23.8,2,0,0
121.04,21.1,4,0,0
5.8,5.7,3,0,0
268.7,6.1,1,0,0
30.36,5.8,0,0,0
43.07,10.5,2,0,0
9.95,11.7,1,0,0
18.41,8.4,0,0,0
73.79,15.7,2,1,0
11.59,16.7,1,0,0
19.54,0.0,4,0,0
23.07,0.0,3,0,0
206.17,8.9,0,0,0
23.5,17.4,1,0,0
2.0,0.0,2,0,0
44.31,11.4,0,0,0
43.63,1.7,2,0,0
113.64,1.4,3,0,0
49.86,17.6,2,0,0
56.81,13.4,2,0,0
44.25,0.0,3,0,0
213.96,8.2,3,0,0
39.33,16.5,0,0,0
2.0,17.5,0,0,0
173.41,22.4,2,0,0
9.87,18.8,0,0,0
41.46,5.8,1,0,0
36.42,10.3,2,0,0
55.92,14.2,2,0,0
14.24,15.4,3,0,0
2.0,6.9,1,0,0
149.84,11.6,1,0,0
44.22,21.0,0,0,0
83.67,8.3,3,0,0
374.96,86.9,4,1,1
2.0,20.2,3,0,0
19.56,3.3,1,0,0
84.72,21.7,1,0,0
61.63,6.2,3,0,0
145.87,21.7,2,0,0
149.94,18.1,0,0,0
119.06,6.9,4,0,0
148.74,2.9,2,1,0
67.41,18.8,3,0,0
2.0,26.5,2,0,0
16.07,9.1,3,0,0
58.5,21.2,2,0,0
84.86,8.2,1,0,0
11.36,8.4,1,0,0
5.2,15.0,3,0,0
9.9,5.4,2,0,0
112.65,1.3,2,0,0
2.0,6.2,0,0,0
2.39,6.5,1,0,0
26.75,18.4,1,0,0
15.3,3.0,1,1,0
14.47,14.1,0,0,0
85.47,7.6,1,0,0
54.23,33.4,0,0,0
41.12,14.0,3,0,0
24.1,5.0,0,0,0
39.15,16.4,1,0,0
67.47,31.1,2,0,0
13.88,16.2,2,0,0
4.47,11.8,3,0,0
15.96,2.5,2,0,0
8.36,8.3,3,0,0
95.85,15.3,2,0,0
249.66,11.1,3,0,0
104.09,20.7,0,0,0
58.01,13.7,2,0,0
27.22,8.7,1,0,0
47.45,32.3,2,0,0
68.2,21.9,1,0,0
46.35,13.9,0,0,0
54.55,0.0,3,0,0
34.83,18.2,3,0,0
66.72,4.9,1,0,0
5.92,0.8,0,0,0
13.42,10.4,1,0,0
285.71,15.1,1,0,0
29.31,0.0,2,0,0
8.89,19.3,2,0,0
51.12,12.6,2,0,0
125.83,4.4,1,0,0
54.76,8.1,1,0,0
60.66,24.5,2,0,0
35.32,12.1,2,0,0
23.28,12.4,2,0,0
65.23,15.5,1,0,0
103.09,0.2,4,0,0
87.43,11.1,0,0,0
32.32,16.1,2,0,0
110.55,11.2,0,0,0
11.57,8.6,2,0,0
245.22,6.9,2,0,0
130.43,12.7,3,0,0
19.51,11.5,2,1,0
78.47,3.6,2,0,0
14.98,28.9,3,0,0
44.13,16.7,0,0,0
13.36,11.6,2,0,0
38.71,14.8,3,0,0
64.03,4.2,1,0,0
32.88,12.2,1,0,0
61.78,15.9,1,0,0
70.0,0.0,3,0,0
87.75,0.0,2,0,0
99.51,19.9,1,0,0
203.46,21.1,1,0,0
133.69,19.7,1,0,0
20.23,18.5,2,0,0
2.0,12.4,1,0,0
73.99,11.1,1,0,0
216.13,17.0,2,0,0
58.34,16.2,4,0,0
2.0,16.8,1,0,0
70.85,7.2,2,0,0
10.35,7.8,3,0,0
28.6,7.4,3,0,0
51.25,18.8,1,1,0
180.81,17.8,1,0,0
50.67,8.8,1,0,0
147.98,18.9,0,0,0
30.51,14.0,0,0,0
209.45,22.3,1,0,0
9.06,0.0,0,0,0
105.18,23.2,2,1,0
9.56,8.1,2,0,0
8.83,15.7,1,0,0
269.24,14.5,1,0,0
49.03,9.5,0,0,0
16.76,5.4,3,0,0
9.29,4.7,5,0,0
17.88,16.6,2,0,0
38.87,24.6,1,0,0
16.8,19.8,2,0,0
9.22,11.7,0,0,0
49.5,14.6,3,1,0
118.4,0.0,2,0,0
87.07,0.4,1,0,0
55.13,5.8,2,0,0
6.54,7.8,1,0,0
23.27,11.9,0,0,0
1264.53,129.0,4,1,1
17.19,8.5,1,0,0
112.41,0.0,1,0,0
109.47,29.7,0,0,0
30.13,12.1,1,0,0
38.39,0.0,0,0,0
72.86,12.7,1,0,0
145.81,7.2,1,0,0
53.5,0.0,1,1,0
78.81,0.7,1,0,0
76.58,13.8,1,0,0
69.62,8.1,1,0,0
7.33,9.8,0,0,0
9.53,1.8,2,0,0
9.18,1.1,1,0,0
154.52,15.8,3,0,0
32.87,18.4,4,0,0
27.34,2.3,3,0,0
141.37,0.0,2,0,0
49.07,8.1,1,0,0
104.06,9.3,2,0,0
21.87,3.2,1,0,0
4.87,20.0,4,0,0
50.0,69.4,9,0,1
93.04,12.5,1,0,0
36.97,1.9,0,0,0
41.69,19.2,1,0,0
126.89,28.8,1,0,0
158.9,7.9,0,0,0
226.79,17.6,1,0,0
35.02,11.9,0,0,0
135.85,9.6,3,0,0
153.94,0.0,2,0,0
83.38,5.8,3,0,0
55.14,14.5,1,0,0
16.04,24.0,1,0,0
35.31,16.5,0,0,0
4.3,5.3,1,0,0
5.49,5.0,2,0,0
70.16,6.6,5,0,0
101.93,6.0,2,0,0
35.61,11.7,1,0,0
182.69,15.3,4,0,0
174.31,2.8,4,0,0
7.24,22.7,1,0,0
12.17,2.2,1,0,0
58.79,13.6,3,0,0
63.01,8.8,1,0,0
9.03,10.4,3,0,0
34.23,9.5,1,0,0
69.54,13.7,2,0,0
39.8,4.6,2,0,0
9.46,7.7,1,0,0
8.63,1.4,1,0,0
110.88,17.5,2,0,0
4.12,4.2,3,0,0
123.93,24.9,5,0,0
34.09,10.0,2,0,0
25.72,18.9,2,0,0
88.55,22.5,3,0,0
24.88,11.8,1,0,0
17.63,15.1,1,0,0
52.2,4.9,2,1,0
40.12,15.1,2,0,0
2.0,15.5,2,0,0
177.1,24.3,0,0,0
10.33,38.2,1,0,0
82.56,0.0,1,0,0
3.99,19.2,3,0,0
2.0,3.0,2,0,0
45.96,13.6,2,0,0
10.03,14.9,3,0,0
9.85,3.8,2,1,0
21.58,23.2,2,0,0
77.18,11.6,4,0,0
119.87,13.8,1,0,0
31.99,20.1,1,0,0
69.51,7.8,2,0,0
26.75,17.6,0,0,0
22.64,13.2,1,0,0
103.94,16.8,1,0,0
11.67,8.0,1,0,0
56.4,0.0,1,0,0
128.75,10.0,2,0,0
32.32,16.4,2,0,0
13.26,17.4,2,0,0
139.84,10.2,0,0,0
44.43,12.4,5,0,0
17.6,5.8,2,0,0
46.18,32.0,0,0,0
29.25,2.6,1,0,0
77.56,16.4,0,0,0
93.95,19.0,3,0,0
33.55,3.9,3,0,0
47.45,26.9,1,0,0
45.5,2.1,2,1,0
2.0,22.8,1,0,0
89.64,17.1,1,0,0
12.91,5.7,2,0,0
24.1,25.0,2,0,0
4.39,0.0,1,0,0
65.63,0.0,0,0,0
56.14,9.8,0,0,0
11.87,6.9,5,0,0
145.94,8.9,4,0,0
100.28,14.3,6,0,0
22.39,18.7,1,0,0
12.02,6.2,3,0,0
5.61,23.3,1,0,0
144.69,17.2,1,0,0
63.39,11.2,1,0,0
42.67,3.6,2,0,0
76.32,23.0,0,0,0
132.56,9.6,0,0,0
67.47,14.1,3,0,0
29.59,21.0,3,0,0
9.89,5.0,1,0,0
99.36,14.8,2,0,0
23.27,10.3,2,0,0
197.12,0.0,1,0,0
84.31,13.8,1,0,0
61.87,20.9,1,0,0
59.18,8.0,1,0,0
13.42,11.8,2,0,0
49.49,21.5,2,0,0
99.93,7.2,2,0,0
90.82,13.0,4,0,0
2.0,11.3,0,0,0
65.71,13.5,2,0,0
4.48,9.8,2,0,0
69.92,5.5,3,0,0
28.44,8.9,1,0,0
100.69,13.7,0,0,0
221.8,18.7,1,0,0
27.5,14.7,2,1,0
3.87,19.8,1,0,0
13.34,5.4,0,0,0
171.31,18.0,0,0,0
180.17,73.6,10,0,1
114.24,13.5,4,0,0
155.02,14.0,0,0,0
79.48,8.6,0,0,0
27.1,13.5,2,0,0
47.9,15.1,3,0,0
37.41,8.8,0,0,0
29.2,7.1,3,0,0
35.27,20.2,1,0,0
58.54,0.0,0,0,0
108.8,14.8,2,1,0
391.73,141.5,2,0,1
26.76,6.5,3,0,0
62.11,17.7,1,0,0
20.63,18.3,5,0,0
24.77,6.9,3,0,0
73.35,15.0,1,0,0
89.76,13.9,1,0,0
3.92,11.0,0,0,0
34.29,4.4,1,0,0
65.74,36.7,0,0,0
56.82,5.0,0,0,0
14.2,5.4,5,0,0
37.06,18.6,3,0,0
31.78,0.0,2,0,0
63.72,9.0,1,0,0
18.96,5.2,0,0,0
43.02,17.2,1,0,0
72.75,31.7,6,1,1
107.92,10.6,3,0,0
14.98,26.9,3,0,0
128.44,10.9,0,0,0
23.82,0.0,3,0,0
71.91,15.7,2,0,0
61.7,7.6,1,0,0
112.41,7.2,0,1,0
89.45,6.1,2,0,0
22.14,13.5,2,0,0
118.85,26.6,1,0,0
10.72,3.7,3,0,0
78.79,8.4,0,0,0
33.29,0.0,1,0,0
126.19,27.5,2,0,0
2.0,5.2,1,0,0
89.66,3.7,3,0,0
23.55,15.1,2,0,0
2.0,12.3,4,0,0
111.9,1.9,4,0,0
32.46,19.7,0,0,0
106.98,12.4,3,0,0
14.44,17.2,1,0,0
7.03,5.3,1,0,0
3.66,32.0,0,0,0
119.71,27.7,3,0,0
200.21,5.9,1,0,0
9.68,16.4,4,0,0
116.12,24.1,1,0,0
19.45,22.6,2,0,0
160.23,22.2,0,0,0
150.83,6.3,0,0,0
58.1,29.6,4,0,0
55.25,23.8,5,0,0
53.46,23.2,3,0,0
65.76,12.7,5,0,0
70.44,4.4,1,0,0
137.27,10.4,1,0,0
109.66,22.1,2,0,0
19.39,0.0,1,0,0
111.05,35.1,1,0,0
21.79,8.8,1,0,0
122.92,7.3,2,0,0
19.37,0.0,2,0,0
69.56,5.1,1,1,0
46.68,12.2,5,0,0
23.7,18.9,0,0,0
44.13,31.5,1,0,0
285.61,5.8,2,0,0
36.86,9.4,4,0,0
67.36,11.4,3,0,0
111.01,10.1,1,0,0
2.0,5.7,0,0,0
70.18,15.6,1,0,0
69.5,8.8,2,0,0
10.67,22.2,2,0,0
166.24,17.9,0,0,0
57.99,22.1,0,0,0
17.87,20.0,1,0,0
60.48,0.0,2,0,0
161.99,11.8,8,0,0
173.74,4.3,3,0,0
9.81,14.5,2,0,0
112.25,19.0,2,0,0
64.64,22.2,4,0,0
109.53,6.6,0,0,0
2.58,14.3,0,0,0
11.51,0.0,1,0,0
73.57,5.8,2,0,0
19.51,12.0,2,0,0
42.05,20.3,2,0,0
34.98,12.8,2,0,0
114.23,0.6,1,0,0
55.16,25.7,1,0,0
11.33,6.0,2,0,0
95.79,15.3,0,1,0
228.49,18.4,2,0,0
78.69,10.0,0,0,0
31.92,19.9,1,0,0
39.38,23.9,2,0,0
196.57,19.3,2,0,0
77.86,16.6,2,0,0
116.0,0.0,0,0,0
54.28,13.4,2,0,0
6.71,14.8,1,0,0
2.0,4.3,2,0,0
169.58,25.8,1,0,0
39.07,8.6,0,0,0
57.06,15.2,2,0,0
46.7,6.6,1,0,0
84.91,16.0,1,0,0
10.56,10.6,2,0,0
29.92,9.6,2,0,0
59.82,8.7,0,0,0
58.79,16.5,2,0,0
36.6,28.3,4,0,0
22.58,4.5,1,0,0
42.91,2.9,0,0,0
67.43,0.0,1,0,0
13.28,6.6,2,0,0
79.95,5.4,1,0,0
44.57,2.7,1,1,0
2.0,5.2,0,0,0
86.68,5.7,2,0,0
271.57,16.5,2,0,0
14.16,10.7,0,0,0
5.95,16.6,0,0,0
66.01,14.8,2,0,0
2.0,18.4,1,0,0
4.55,0.0,1,0,0
11.44,17.3,1,0,0
235.7,23.6,2,0,0
2.16,19.1,1,0,0
103.91,20.0,1,1,0
57.08,15.3,2,0,0
38.92,4.1,1,0,0
162.76,19.9,0,0,0
2.0,21.4,1,0,0
101.32,6.6,1,1,0
49.37,7.3,2,0,0
15.2,15.7,3,0,0
351.84,65.5,1,1,1
11.87,22.3,2,0,0
31.05,6.5,3,0,0
37.99,6.5,2,0,0
21.07,14.3,1,0,0
29.99,0.0,0,0,0
71.58,10.6,3,0,0
88.06,0.0,0,0,0
128.47,9.1,1,0,0
132.66,15.4,2,0,0
92.71,21.5,2,0,0
49.85,14.0,2,0,0
123.84,0.0,1,0,0
50.29,13.1,1,0,0
255.49,12.1,0,0,0
6.95,8.7,1,0,0
3.35,19.7,2,0,0
115.26,22.9,1,0,0
107.61,4.9,1,0,0
65.76,24.1,0,0,0
4.88,8.1,0,0,0
68.17,17.4,0,0,0
13.71,11.2,3,0,0
74.0,0.7,1,0,0
10.03,24.3,2,0,0
60.12,9.2,2,1,0
35.16,2.2,3,0,0
30.24,11.2,0,0,0
2.0,3.8,1,0,0
146.22,6.0,1,0,0
106.4,16.2,4,0,0
47.51,16.7,1,0,0
10.69,0.4,0,0,0
16.22,3.5,2,0,0
84.85,18.0,0,0,0
334.07,16.2,1,0,0
128.59,8.8,2,0,0
123.81,13.0,3,0,0
67.42,0.0,2,0,0
58.76,12.9,2,0,0
7.72,14.2,3,0,0
112.85,0.2,2,1,0
56.06,13.8,2,0,0
23.58,21.2,2,0,0
249.14,14.8,0,0,0
78.39,12.5,3,0,0
40.86,19.5,5,0,0
210.25,15.7,2,0,0
49.29,2.9,5,0,0
44.09,3.3,2,0,0
161.33,17.4,3,0,0
123.58,11.0,1,0,0
176.98,27.1,1,1,0
45.37,3.6,0,0,0
25.86,22.4,2,0,0
81.83,3.0,2,0,0
51.74,19.3,2,1,0
209.0,16.3,2,0,0
19.16,0.0,2,0,0
162.63,25.9,1,0,0
36.39,3.1,4,0,0
118.77,11.7,2,0,0
5.85,12.3,1,0,0
24.39,7.8,2,0,0
80.31,16.3,1,0,0
29.32,12.7,1,0,0
4.68,7.7,2,0,0
151.25,23.4,1,0,0
63.69,18.9,6,0,0
2.0,13.7,1,0,0
17.83,13.2,1,0,0
107.35,0.0,2,0,0
69.51,7.8,0,0,0
123.56,8.9,1,0,0
50.9,7.4,3,0,0
54.35,22.4,2,0,0
9.11,25.0,4,0,0
45.25,11.7,0,0,0
15.49,6.6,1,0,0
32.07,12.8,4,1,0
104.8,2.2,0,0,0
17.97,19.0,0,0,0
33.59,16.3,0,0,0
14.77,21.5,1,0,0
20.34,5.1,3,0,0
2.0,0.0,0,0,0
12.85,6.2,3,0,0
59.14,14.7,1,0,0
39.95,5.0,5,0,0
50.85,7.2,3,0,0
68.42,7.5,3,0,0
4.64,4.6,0,0,0
131.58,23.1,1,1,0
3.02,15.2,1,0,0
5.82,19.7,3,0,0
80.32,0.0,3,1,0
104.22,4.8,1,0,0
183.73,8.6,2,0,0
10.97,7.6,1,0,0
95.39,12.0,1,0,0
19.46,24.8,0,0,0
158.75,0.0,1,0,0
3.81,14.9,1,0,0
106.73,10.7,1,0,0
16.97,3.8,2,0,0
17.11,19.5,0,1,0
76.56,1.9,0,0,0
7.33,21.8,2,0,0
156.25,19.1,2,0,0
35.15,4.8,3,0,0
46.91,4.2,0,0,0
30.29,7.1,3,1,0
36.64,15.7,5,0,0
51.94,16.7,0,0,0
73.22,5.1,2,0,0
2.82,15.0,1,1,0
10.0,1.9,1,0,0
128.46,17.3,1,1,0
108.25,8.1,2,1,0
177.46,0.0,2,0,0
9.29,2.7,1,1,0
70.83,14.4,2,0,0
96.42,20.4,1,0,0
63.25,0.0,0,0,0
17.15,13.7,1,0,0
143.7,4.7,3,0,0
29.44,25.0,1,0,0
7.62,16.6,1,0,0
181.1,22.8,1,0,0
113.87,23.8,2,0,0
134.8,4.3,3,0,0
3.45,12.1,2,0,0
2.0,15.3,2,0,0
21.94,1.6,1,0,0
181.06,6.5,1,0,0
74.85,14.3,4,0,0
137.77,15.8,3,0,0
80.94,11.8,1,0,0
53.55,14.8,3,0,0
40.37,21.8,1,0,0
24.23,15.4,0,1,0
175.81,5.3,0,0,0
22.01,10.6,0,0,0
6.04,11.9,0,0,0
24.96,8.9,1,0,0
36.77,16.4,1,0,0
215.39,1.8,0,0,0
21.58,11.3,2,0,0
62.6,16.0,1,0,0
10.85,17.6,2,0,0
18.78,8.0,2,0,0
214.69,14.5,1,0,0
76.47,1.6,0,0,0
150.3,21.5,2,0,0
25.35,19.5,2,0,0
170.23,7.7,3,0,0
155.1,8.6,2,0,0
2.0,22.0,1,0,0
65.36,6.3,3,0,0
32.97,18.3,1,0,0
117.69,8.2,0,0,0
17.68,3.8,2,0,0
33.58,18.8,1,0,0
95.37,13.6,1,0,0
3.82,11.0,3,0,0
3.47,0.0,0,0,0
278.45,7.1,1,0,0
79.65,16.0,3,0,0
18.01,4.4,2,0,0
59.05,22.0,2,0,0
17.73,29.2,1,0,0
2.0,0.0,2,0,0
41.75,11.3,3,0,0
17.31,8.1,1,0,0
307.41,24.2,1,0,0
106.57,4.6,0,0,0
58.86,10.0,2,0,0
14.97,0.0,1,0,0
7.03,0.0,1,0,0
14.53,27.5,2,0,0
115.01,10.1,3,0,0
7.66,18.9,0,0,0
223.25,15.0,2,0,0
72.4,12.9,0,0,0
63.05,18.7,2,0,0
195.73,0.0,0,0,0
20.06,8.7,2,0,0
155.25,0.0,0,0,0
417.68,138.7,5,1,1
101.01,14.3,2,0,0
53.39,9.0,0,0,0
25.0,10.9,2,0,0
2.87,9.4,3,0,0
74.51,7.7,3,0,0
90.42,3.3,3,0,0
8.63,0.0,2,0,0
13.47,2.1,0,0,0
56.73,3.2,1,0,0
38.75,11.2,1,0,0
63.37,7.6,0,0,0
1615.81,70.9,6,1,1
65.03,19.8,2,0,0
104.18,14.6,3,0,0
60.58,20.4,1,0,0
50.0,131.5,4,0,1
442.37,12.7,4,0,0
4.75,10.3,0,0,0
60.57,9.0,0,0,0
155.4,11.3,2,0,0
102.12,18.9,0,0,0
76.39,0.0,1,0,0
6.95,10.8,2,0,0
15.35,24.3,2,0,0
52.69,13.8,0,0,0
3.89,14.4,3,0,0
51.39,2.0,3,0,0
84.4,7.6,2,0,0
184.73,16.0,0,0,0
92.18,9.9,1,0,0
87.03,12.4,1,0,0
19.53,0.0,3,0,0
84.95,17.7,1,0,0
299.69,12.8,2,0,0
27.92,7.4,2,0,0
9.71,17.1,2,0,0
18.01,16.2,3,0,0
66.85,3.0,2,0,0
32.83,20.8,2,0,0
175.46,2.4,2,0,0
69.04,12.8,3,0,0
2.19,18.0,3,1,0
5.54,27.9,2,0,0
5.67,10.9,1,0,0
29.88,2.3,0,0,0
54.26,0.0,2,0,0
147.88,5.9,4,0,0
128.79,13.2,0,1,0
204.1,5.7,3,0,0
9.75,8.1,0,0,0
16.99,13.3,1,0,0
57.47,25.7,0,0,0
36.77,2.5,4,0,0
16.87,9.4,5,0,0
27.09,3.9,2,0,0
37.78,7.0,2,0,0
283.99,12.6,2,0,0
191.28,2.7,2,0,0
149.68,10.4,3,0,0
55.1,13.8,2,0,0
5.38,24.7,2,0,0
66.76,4.4,0,0,0
194.8,21.6,1,0,0
80.34,9.4,1,0,0
4.94,0.0,1,0,0
10.51,11.3,6,0,0
18.01,13.2,1,0,0
4.8,23.1,1,0,0
4.65,17.3,4,0,0
7.56,16.9,0,0,0
18.8,23.7,1,0,0
114.76,6.7,2,0,0
26.12,16.7,0,1,0
2.0,10.5,3,0,0
11.92,27.9,2,0,0
20.78,9.8,1,0,0
43.54,8.2,0,0,0
6.98,20.3,3,0,0
41.74,11.9,4,0,0
131.02,0.9,2,0,0
72.26,8.3,1,0,0
23.62,0.0,1,0,0
14.62,5.3,1,0,0
24.58,21.6,0,0,0
8.35,0.4,1,0,0
27.57,1.1,4,0,0
19.55,10.5,1,1,0
54.46,16.9,0,0,0
32.44,9.3,3,0,0
8.97,21.9,2,0,0
13.53,10.3,1,0,0
36.09,9.4,2,0,0
276.18,45.1,6,1,1
59.06,16.4,0,0,0
189.86,28.2,1,0,0
13.38,4.9,1,0,0
101.35,0.0,1,0,0
178.83,25.6,1,0,0
178.89,12.1,2,0,0
75.94,14.7,1,0,0
95.79,18.5,0,0,0
33.92,22.6,0,0,0
82.45,2.9,1,0,0
59.33,3.1,1,0,0
4.91,13.0,0,0,0
58.77,13.8,0,0,0
120.99,4.3,1,0,0
4.18,18.0,0,0,0
52.65,0.0,1,0,0
128.83,8.1,0,0,0
9.26,2.6,1,0,0
11.61,19.0,2,0,0
12.38,13.9,1,0,0
137.08,22.3,2,0,0
16.71,12.7,2,0,0
34.16,9.0,4,0,0
20.63,25.2,0,0,0
40.03,1.8,2,0,0
280.5,18.1,2,0,0
21.36,3.4,1,0,0
60.68,8.3,2,0,0
125.85,28.4,1,0,0
4.19,25.6,2,0,0
27.07,11.4,1,0,0
258.11,15.9,0,0,0
15.42,12.3,0,0,0
82.36,13.4,2,0,0
275.86,13.7,1,0,0
11.82,5.3,4,0,0
109.37,12.9,2,0,0
122.01,1.9,0,0,0
77.7,6.5,0,0,0
13.03,4.7,0,0,0
3.36,6.1,1,1,0
203.1,15.5,0,0,0
42.63,9.9,1,0,0
44.04,3.5,4,0,0
206.24,9.2,0,0,0
38.18,0.0,1,0,0
114.24,9.6,0,0,0
84.08,21.8,2,0,0
2.0,11.5,1,1,0
66.83,10.6,2,0,0
32.68,9.6,2,0,0
80.25,12.5,0,0,0
48.16,7.2,2,0,0
75.36,18.6,0,0,0
27.59,14.1,3,0,0
11.62,26.7,0,0,0
5.76,17.3,3,0,0
18.98,7.5,1,1,0
44.43,0.0,2,0,0
51.46,0.0,3,0,0
40.53,2.1,5,0,0
154.97,27.8,1,0,0
39.33,17.1,0,0,0
2.27,12.5,0,0,0
66.91,0.0,2,0,0
14.42,25.5,2,0,0
47.13,16.3,1,0,0
33.4,17.7,0,0,0
97.42,13.0,0,0,0
295.86,12.2,1,0,0
13.77,1.7,2,0,0
139.72,11.7,1,0,0
63.7,7.4,0,0,0
2.0,15.5,0,0,0
49.93,10.8,2,0,0
61.78,14.6,3,0,0
46.44,26.2,1,1,0
77.28,4.7,1,0,0
52.89,5.3,2,0,0
26.37,22.3,1,0,0
46.93,7.4,0,0,0
205.73,0.0,4,1,0
17.18,8.6,0,0,0
86.78,15.3,3,0,0
71.91,23.2,1,0,0
27.88,0.0,0,0,0
21.02,6.6,6,0,0
34.34,23.6,0,0,0
5.37,18.3,2,0,0
54.22,7.4,1,0,0
4.65,6.8,0,0,0
9.83,5.9,0,0,0
2.0,17.3,1,0,0
67.13,16.7,3,0,0
23.9,16.2,1,0,0
30.79,8.7,2,0,0
11.48,8.6,1,0,0
87.21,16.9,2,0,0
32.04,13.2,1,0,0
60.26,13.5,1,0,0
14.3,9.9,0,0,0
81.38,4.9,1,0,0
31.17,8.2,3,0,0
39.47,3.9,1,0,0
21.86,0.0,0,0,0
6.34,0.0,5,0,0
146.38,14.0,1,0,0
4.36,15.5,0,0,0
22.81,0.0,2,0,0
132.99,19.3,2,0,0
14.39,0.0,4,0,0
79.32,9.6,1,1,0
39.82,10.0,2,0,0
22.0,1.3,2,0,0
91.3,12.4,2,0,0
91.49,17.4,3,0,0
103.74,14.3,4,0,0
35.12,17.7,1,0,0
20.78,14.5,1,0,0
22.03,4.2,2,0,0
3.45,4.2,2,0,0
16.51,10.7,2,0,0
6.03,13.8,4,0,0
100.64,20.9,1,0,0
6.92,19.6,1,0,0
8.09,4.9,1,0,0
77.71,7.6,2,0,0
219.09,14.4,2,0,0
65.23,2.8,1,0,0
113.69,1.9,1,0,0
37.98,9.8,4,0,0
92.49,0.0,3,0,0
145.94,21.6,2,0,0
160.13,3.3,0,0,0
224.83,6.3,1,1,0
14.26,11.0,1,0,0
35.37,9.1,1,0,0
44.33,6.3,2,0,0
10.58,8.9,0,0,0
30.75,15.3,1,0,0
103.82,0.0,2,0,0
94.55,21.5,1,0,0
32.77,21.8,5,0,0
27.81,9.5,1,0,0
23.48,21.8,1,1,0
63.3,0.0,0,0,0
16.66,31.8,1,0,0
26.93,4.2,2,0,0
2.0,0.0,1,0,0
51.7,18.5,1,0,0
21.45,4.9,1,0,0
45.82,11.6,1,0,0
57.69,17.2,3,0,0
62.26,7.2,0,0,0
71.96,16.8,2,0,0
74.93,11.1,1,1,0
72.28,29.7,0,0,0
101.45,17.2,0,0,0
109.97,7.6,1,0,0
30.05,28.9,1,0,0
82.31,23.5,0,0,0
66.56,8.2,2,0,0
89.45,15.6,4,0,0
144.72,9.4,1,0,0
129.2,8.7,1,1,0
9.78,18.1,3,0,0
4.61,17.6,1,0,0
28.85,17.0,0,0,0
98.15,5.6,1,0,0
56.96,15.4,3,0,0
45.13,31.5,0,0,0
20.82,10.6,3,0,0
34.43,0.0,3,0,0
50.51,12.3,3,0,0
36.1,19.7,0,0,0
21.87,7.2,2,0,0
21.69,13.0,0,0,0
13.46,18.9,2,0,0
20.92,10.2,3,0,0
6.23,7.3,0,0,0
32.81,6.7,2,0,0
72.67,4.0,3,0,0
5.98,8.6,0,0,0
15.39,24.2,2,0,0
5.11,16.7,1,1,0
146.0,7.3,0,0,0
73.19,8.4,2,0,0
34.37,18.2,0,0,0
99.73,29.3,1,0,0
8.41,1.0,0,0,0
39.36,0.1,2,0,0
70.06,0.0,1,0,0
39.42,8.9,2,0,0
5.5,6.5,0,0,0
46.54,9.1,1,0,0
188.21,20.2,3,0,0
8.22,30.2,2,0,0
27.75,25.4,2,0,0
15.27,0.0,3,0,0
10.9,10.0,0,0,0
26.44,8.7,3,0,0
68.01,8.0,1,0,0
43.62,28.1,1,0,0
10.88,5.7,1,0,0
30.21,24.4,2,0,0
13.0,11.1,1,0,0
8.53,17.3,2,0,0
87.04,10.1,3,0,0
16.81,16.8,0,0,0
154.02,17.4,3,0,0
89.2,18.1,0,0,0
13.42,11.0,1,0,0
280.46,21.0,3,0,0
2.88,13.7,0,0,0
5.67,13.3,2,0,0
59.39,0.0,2,0,0
65.68,11.7,2,0,0
131.93,14.5,3,0,0
15.07,0.0,3,0,0
3.21,16.0,1,0,0
86.48,0.0,3,0,0
412.29,76.1,5,0,1
28.49,26.7,1,0,0
19.56,22.6,2,0,0
116.09,5.5,1,0,0
44.26,16.5,0,0,0
35.27,12.4,1,1,0
81.35,9.3,2,0,0
136.76,21.4,2,0,0
71.58,12.6,2,0,0
2.0,12.4,0,0,0
28.5,26.3,3,0,0
84.74,17.1,0,0,0
87.97,13.3,0,0,0
74.09,21.2,1,0,0
100.96,26.1,3,0,0
40.15,9.0,1,0,0
37.62,30.8,1,0,0
136.65,10.4,1,0,0
6.9,12.6,0,0,0
58.67,17.4,1,0,0
20.24,21.7,3,1,0
25.5,3.0,2,0,0
153.79,13.1,1,0,0
12.41,19.7,1,0,0
15.24,5.8,1,0,0
14.61,19.4,1,0,0
195.26,8.0,2,1,0
50.36,15.0,1,0,0
63.48,9.8,1,0,0
5.78,3.2,1,0,0
77.12,13.2,0,1,0
8.04,7.4,3,0,0
41.55,4.8,1,0,0
27.27,16.3,1,0,0
76.19,26.3,4,0,0
116.27,2.0,1,0,0
96.86,0.0,0,0,0
170.28,14.4,1,0,0
180.1,3.7,1,0,0
23.41,18.5,0,0,0
21.89,13.0,1,0,0
41.41,18.3,1,0,0
40.8,21.2,4,0,0
76.85,13.8,2,0,0
40.36,14.3,1,0,0
5.59,24.7,1,0,0
49.44,22.9,1,0,0
3.01,22.6,2,0,0
22.75,5.7,1,1,0
71.78,0.0,0,0,0
2.0,3.9,2,0,0
47.73,14.4,2,0,0
25.42,8.8,1,0,0
85.32,12.1,0,0,0
21.41,12.9,0,0,0
12.67,17.0,2,0,0
246.07,11.3,2,0,0
113.93,14.3,3,0,0
3.86,15.2,4,0,0
83.55,15.8,1,0,0
9.86,16.8,7,0,0
8.19,26.9,0,0,0
63.46,19.0,1,0,0
204.22,8.4,1,0,0
322.19,15.6,2,0,0
89.01,0.0,1,0,0
298.78,10.0,5,1,1
23.77,12.2,3,0,0
27.41,6.7,3,0,0
51.09,19.8,0,0,0
50.86,11.3,1,0,0
65.17,21.0,1,0,0
14.35,0.0,2,0,0
2.0,1.0,0,1,0
43.49,0.0,3,1,0
212.86,2.8,1,0,0
26.67,2.5,0,0,0
97.1,6.4,1,0,0
22.84,9.1,1,0,0
45.68,9.5,3,0,0
35.35,17.9,2,0,0
98.37,10.4,1,0,0
155.82,5.0,4,0,0
32.68,11.9,0,0,0
54.79,8.8,1,0,0
28.82,14.1,3,0,0
18.0,18.5,2,0,0
91.01,19.7,2,0,0
69.5,21.3,1,0,0
197.9,12.0,1,0,0
2.0,6.6,0,0,0
24.47,3.4,2,0,0
70.7,8.8,3,0,0
174.76,19.7,1,0,0
90.42,18.5,0,0,0
5.0,12.0,5,0,0
122.5,4.5,2,0,0
187.41,0.0,2,0,0
18.59,11.3,2,0,0
36.28,12.0,1,0,0
58.96,15.0,4,0,0
22.07,17.4,4,0,0
60.13,13.6,2,0,0
5.21,0.0,3,0,0
113.79,10.8,0,0,0
60.96,0.0,1,0,0
33.7,9.6,0,0,0
146.62,15.0,0,0,0
33.67,16.1,0,0,0
11.88,6.7,3,0,0
5.54,16.3,0,0,0
63.83,0.0,2,0,0
34.51,4.1,1,0,0
68.12,7.1,2,0,0
79.45,9.7,0,0,0
2.0,25.8,4,0,0
6.3,9.0,1,0,0
100.32,29.6,1,0,0
67.06,20.7,1,0,0
69.08,24.3,3,0,0
63.54,31.4,1,0,0
123.81,2.8,4,0,0
66.49,2.0,3,0,0
139.46,10.9,1,1,0
129.85,8.0,3,0,0
69.83,21.8,1,0,0
398.37,12.7,2,0,0
23.63,24.6,0,0,0
220.59,8.2,0,0,0
32.07,6.5,3,0,0
19.39,8.0,0,0,0
8.06,6.7,2,0,0
56.64,6.4,1,0,0
34.13,1.1,2,0,0
15.54,1.3,2,0,0
112.38,19.6,0,0,0
20.58,16.9,1,0,0
8.35,22.3,0,0,0
14.17,12.0,5,0,0
64.95,16.1,0,0,0
30.54,5.2,0,0,0
110.73,0.0,0,0,0
219.47,17.2,3,0,0
26.73,6.4,1,0,0
354.72,17.0,1,0,0
59.27,24.5,3,0,0
21.74,9.7,2,0,0
7.63,16.3,3,0,0
132.99,9.5,1,0,0
202.52,15.8,0,0,0
14.87,12.5,0,0,0
125.24,5.6,2,0,0
10.37,14.1,4,0,0
61.86,0.0,2,0,0
12.39,2.0,1,0,0
106.82,12.8,1,0,0
7.34,19.8,2,0,0
17.41,11.0,0,0,0
71.08,34.3,0,0,0
50.52,18.4,2,0,0
71.07,17.9,2,0,0
84.67,3.6,1,0,0
95.31,3.0,1,0,0
2.0,8.0,0,0,0
14.91,17.9,1,0,0
165.24,21.7,2,0,0
16.7,7.4,5,0,0
111.12,2.6,1,0,0
46.43,24.5,2,0,0
45.25,20.5,0,0,0
71.65,2.1,0,1,0
76.14,23.0,1,0,0
145.0,14.3,0,0,0
70.03,12.7,2,0,0
21.49,6.7,1,0,0
19.42,17.0,1,0,0
2.0,26.8,1,0,0
127.11,10.7,1,0,0
126.52,17.5,2,0,0
176.55,3.4,2,0,0
132.6,0.0,3,0,0
120.83,14.9,1,0,0
42.11,0.0,2,0,0
28.54,0.0,1,0,0
31.93,14.8,3,0,0
11.04,6.7,2,0,0
188.22,12.2,2,0,0
85.49,0.0,2,0,0
48.76,27.1,0,0,0
113.45,19.7,0,0,0
43.97,9.3,3,0,0
141.68,0.0,2,0,0
37.09,6.3,3,0,0
75.2,14.0,4,0,0
8.75,6.2,2,0,0
82.38,15.5,1,0,0
99.88,1.7,0,0,0
53.87,9.9,0,0,0
15.88,0.0,1,0,0
35.26,13.1,1,0,0
45.11,13.6,2,0,0
186.91,13.8,2,0,0
69.88,10.2,3,0,0
20.97,7.2,1,0,0
2.43,9.1,2,0,0
72.44,1.9,2,0,0
9.74,0.0,1,0,0
83.24,3.7,1,0,0
14.64,2.7,1,0,0
15.75,2.5,2,0,0
53.69,4.2,0,0,0
52.53,10.4,1,0,0
7.84,11.0,1,0,0
17.5,5.5,0,1,0
17.29,9.8,1,0,0
56.41,0.0,1,0,0
85.47,26.4,2,0,0
56.66,17.5,1,0,0
281.76,1.8,0,0,0
25.21,0.0,2,0,0
23.55,0.0,2,0,0
62.04,9.7,1,0,0
35.99,11.2,2,0,0
127.85,5.4,1,0,0
77.38,26.5,1,0,0
72.37,19.7,3,0,0
26.05,26.3,3,0,0
45.09,13.8,1,0,0
4.92,0.8,0,0,0
8.72,2.8,1,0,0
119.47,16.5,4,0,0
2.78,9.2,2,0,0
76.9,5.8,2,0,0
18.74,18.8,2,0,0
51.88,15.0,2,0,0
4.2,21.7,4,0,0
60.83,23.2,4,0,0
106.48,19.7,2,0,0
72.82,22.5,0,0,0
56.28,15.3,2,0,0
9.53,21.1,2,0,0
20.6,11.6,2,0,0
165.58,98.5,6,0,1
115.54,12.1,1,0,0
11.23,12.3,4,0,0
143.63,15.5,1,0,0
245.69,9.6,0,0,0
175.42,6.3,1,0,0
64.44,6.0,0,1,0
26.44,6.6,2,0,0
27.13,1.6,4,0,0
143.19,21.3,0,0,0
182.41,14.5,2,0,0
76.62,27.8,2,0,0
103.4,0.0,1,0,0
11.57,20.4,0,0,0
42.11,4.6,2,0,0
73.88,11.1,0,0,0
24.98,21.7,1,0,0
116.31,0.8,1,0,0
4.47,17.5,1,0,0
18.44,9.4,6,0,0
105.53,12.3,4,0,0
83.76,0.0,1,0,0
50.24,1.0,2,0,0
28.96,22.7,1,0,0
25.51,17.0,3,0,0
77.0,0.0,5,0,0
123.46,3.9,0,0,0
104.2,21.4,1,0,0
51.61,15.2,2,0,0
210.74,10.8,1,0,0
134.06,9.2,1,0,0
156.96,1.1,0,0,0
102.3,0.0,1,0,0
102.95,10.7,1,1,0
31.65,18.9,1,0,0
51.42,3.0,0,0,0
95.89,2.7,2,0,0
18.39,0.0,2,0,0
73.42,23.9,2,1,0
47.21,18.9,2,0,0
41.89,15.7,3,0,0
112.92,18.2,2,0,0
138.35,21.7,2,0,0
101.6,18.6,5,0,0
5.19,20.2,1,0,0
28.71,0.0,1,0,0
161.38,8.9,2,0,0
27.52,10.9,2,0,0
7.93,9.7,2,0,0
32.4,9.4,1,0,0
92.92,15.2,1,0,0
84.26,2.0,1,1,0
18.41,15.0,2,0,0
2.86,23.3,0,0,0
152.43,12.8,4,0,0
40.47,9.7,1,0,0
13.51,11.1,1,0,0
43.28,3.3,2,1,0
29.12,11.5,0,0,0
14.21,19.5,2,0,0
2.0,24.4,2,0,0
92.82,26.2,5,0,0
13.85,15.1,3,0,0
12.37,16.5,0,0,0
2.24,10.6,0,0,0
8.3,11.2,1,0,0
79.85,19.5,2,0,0
39.86,16.1,1,0,0
171.75,15.3,2,0,0
38.83,12.8,1,0,0
61.26,1.6,1,0,0
105.91,19.9,2,0,0
136.26,0.0,2,0,0
4.84,8.4,0,0,0
77.61,14.0,0,0,0
2.92,17.0,0,0,0
364.57,0.7,1,0,0
119.93,9.7,1,0,0
16.51,12.7,1,0,0
2.31,4.4,3,0,0
23.18,32.3,2,0,0
269.13,5.1,4,0,0
18.56,6.0,2,0,0
10.86,0.0,0,0,0
90.35,0.0,4,0,0
6.02,0.0,1,0,0
2.61,7.0,1,0,0
62.81,7.0,1,0,0
32.05,4.9,2,0,0
36.33,10.8,0,1,0
53.46,1.9,1,1,0
106.66,3.8,0,0,0
9.38,9.6,0,0,0
68.17,10.6,1,0,0
28.54,27.7,1,0,0
10.47,27.2,1,0,0
5.62,14.0,2,0,0
28.82,5.6,5,0,0
86.94,11.3,2,0,0
81.46,0.0,1,0,0
11.06,0.0,1,0,0
53.7,0.7,2,0,0
4.78,18.9,0,0,0
91.12,12.9,8,0,0
57.45,3.3,1,0,0
49.26,19.9,0,0,0
11.54,14.7,1,0,0
52.86,4.4,2,0,0
267.81,113.1,3,0,1
3.46,21.7,1,0,0
21.07,11.6,2,0,0
10.11,17.0,1,0,0
31.17,8.3,2,0,0
154.41,9.3,4,0,0
86.3,4.4,2,0,0
22.16,21.5,1,0,0
17.57,11.6,1,0,0
2.71,19.4,0,0,0
8.13,9.9,7,0,0
28.89,2.0,3,0,0
28.05,19.4,2,0,0
52.25,3.1,1,0,0
118.44,11.2,1,0,0
160.11,13.0,0,0,0
92.04,13.3,2,0,0
16.75,9.2,0,0,0
65.76,28.5,0,1,0
85.77,9.7,0,0,0
2.0,21.5,1,0,0
11.94,9.5,2,0,0
251.82,134.6,8,0,1
83.27,10.9,2,0,0
2.66,3.4,3,0,0
3.04,9.2,6,0,0
19.1,21.8,2,0,0
59.56,6.8,0,0,0
105.76,12.3,1,1,0
95.23,22.9,4,0,0
85.16,12.0,2,0,0
23.14,26.6,2,0,0
131.17,0.0,1,0,0
2.93,15.2,2,0,0
56.2,8.6,4,0,0
28.72,9.3,2,0,0
36.0,12.6,1,0,0
25.67,16.3,1,0,0
122.97,5.6,2,0,0
73.87,0.0,2,0,0
45.83,28.2,4,0,0
169.76,16.2,0,0,0
20.07,28.3,0,0,0
157.19,4.8,0,0,0
32.51,0.8,3,0,0
21.29,22.4,3,0,0
127.25,16.5,0,0,0
2.0,15.8,1,0,0
6.42,12.9,3,1,0
52.97,6.4,0,0,0
201.74,10.8,2,0,0
35.95,6.1,2,0,0
86.23,18.2,1,0,0
194.46,0.8,2,0,0
126.5,2.7,1,0,0
8.99,19.4,1,0,0
95.8,23.7,0,0,0
147.33,17.1,4,0,0
96.52,7.6,4,0,0
14.94,16.6,2,0,0
13.71,18.9,1,0,0
2.0,6.1,2,0,0
114.91,2.1,1,0,0
90.1,25.9,3,0,0
2.0,6.7,1,0,0
22.72,26.1,1,0,0
193.41,12.9,0,0,0
63.87,14.0,4,0,0
52.44,17.5,1,0,0
10.64,28.4,0,0,0
155.96,8.6,1,0,0
137.43,13.1,0,0,0
7.43,17.7,1,0,0
30.47,19.5,4,0,0
36.43,6.7,1,0,0
5.43,0.0,2,0,0
227.74,9.0,2,0,0
89.09,12.1,1,0,0
44.64,10.9,2,0,0
148.4,12.2,0,0,0
81.89,0.0,1,0,0
107.73,11.0,3,0,0
14.1,12.8,0,1,0
37.66,19.2,2,0,0
30.01,10.2,1,0,0
14.89,12.7,1,0,0
62.57,20.0,0,0,0
96.17,9.4,1,0,0
193.29,15.9,2,0,0
79.06,10.9,3,0,0
65.68,0.0,1,0,0
4.21,13.5,1,0,0
63.87,15.6,3,0,0
254.39,9.3,1,0,0
50.2,13.3,2,0,0
9.15,17.6,2,0,0
19.69,15.0,2,1,0
15.33,16.9,2,0,0
6.41,9.2,1,0,0
43.47,0.0,1,0,0
45.06,28.3,1,0,0
47.25,19.1,3,0,0
33.95,29.7,3,0,0
126.21,26.1,0,0,0
90.31,0.0,0,0,0
47.34,17.4,1,1,0
17.63,22.2,2,0,0
22.59,14.9,2,0,0
132.9,8.8,1,0,0
71.4,15.8,0,0,0
248.74,13.5,0,1,0
36.26,8.0,2,0,0
79.62,0.0,0,1,0
39.6,8.0,1,0,0
23.02,11.3,0,0,0
50.65,6.4,3,0,0
94.08,11.7,0,0,0
4.67,15.7,0,0,0
36.85,5.5,1,0,0
59.4,4.8,1,0,0
19.26,13.7,4,0,0
117.56,8.3,1,0,0
7.37,7.4,1,0,0
80.95,12.6,2,0,0
47.36,19.6,1,0,0
29.5,14.0,1,0,0
126.66,9.7,3,0,0
91.89,28.7,2,0,0
171.1,7.3,2,0,0
5.04,12.8,0,0,0
172.06,27.4,2,0,0
77.46,8.4,1,0,0
26.81,22.1,4,0,0
133.51,19.9,2,0,0
37.0,14.1,0,0,0
102.42,11.3,1,0,0
67.91,17.8,2,0,0
6.28,6.2,3,0,0
170.8,18.6,1,0,0
41.16,24.0,3,0,0
69.22,26.9,1,0,0
318.75,13.3,1,0,0
4.69,19.8,2,1,0
21.87,21.5,2,0,0
27.19,0.0,1,0,0
267.05,21.2,0,0,0
15.52,23.5,1,0,0
73.54,18.4,1,0,0
60.27,11.5,1,0,0
4.12,5.6,1,0,0
141.14,12.9,1,0,0
76.62,0.0,4,0,0
78.51,16.0,3,0,0
2.0,21.1,3,0,0
97.0,21.7,2,0,0
46.0,22.9,1,1,0
134.59,0.0,2,0,0
11.43,5.4,4,0,0
68.75,10.4,1,0,0
28.66,0.0,3,0,0
30.15,3.0,0,0,0
90.74,7.7,2,0,0
22.52,28.0,0,0,0
135.64,9.6,1,0,0
11.82,19.2,1,0,0
36.03,12.5,2,0,0
103.81,15.0,1,0,0
3.79,5.1,2,0,0
17.62,12.2,0,0,0
140.14,9.7,0,0,0
16.93,14.9,0,0,0
10.45,18.4,0,0,0
50.79,17.7,0,0,0
72.56,8.9,1,0,0
68.6,12.6,2,0,0
107.36,18.6,3,0,0
61.15,2.0,0,1,0
30.74,11.3,1,1,0
50.25,6.2,1,0,0
144.85,16.1,1,1,0
226.67,14.5,2,0,0
202.33,9.1,3,0,0
133.39,14.3,5,0,0
61.81,10.8,1,0,0
91.31,8.8,4,0,0
105.11,8.4,3,1,0
30.5,13.2,1,0,0
118.36,6.7,2,0,0
13.29,2.5,2,0,0
12.67,12.5,0,0,0
53.04,1.0,0,0,0
18.04,5.2,3,0,0
143.72,32.1,3,0,0
4.65,4.7,2,0,0
72.79,17.4,3,0,0
105.6,6.4,5,0,0
111.49,0.0,2,0,0
130.92,79.4,5,0,1
58.06,20.9,2,0,0
57.64,16.3,2,0,0
137.86,17.0,5,0,0
60.72,4.0,3,0,0
34.5,16.4,2,0,0
129.95,18.6,1,0,0
139.61,10.6,3,0,0
169.65,3.9,2,0,0
216.11,17.3,3,0,0
50.4,4.8,2,0,0
149.39,7.3,1,0,0
61.13,11.5,0,0,0
102.46,11.1,0,0,0
41.78,9.3,1,0,0
2.63,17.3,1,0,0
97.45,3.9,2,0,0
226.47,5.5,1,0,0
15.82,3.0,3,0,0
20.51,21.3,3,0,0
123.07,6.3,2,0,0
163.31,14.9,0,0,0
570.49,25.8,3,1,1
187.43,8.3,3,0,0
38.47,19.1,3,0,0
57.26,15.4,1,0,0
218.47,7.8,0,0,0
128.63,28.0,1,0,0
71.09,22.3,0,0,0
133.33,12.2,2,0,0
70.45,27.9,0,0,0
58.73,12.8,3,0,0
73.01,6.0,2,0,0
7.24,0.0,3,1,0
97.58,15.4,2,0,0
122.63,5.4,2,0,0
142.78,51.9,5,0,1
16.31,7.3,2,0,0
6.49,1.5,0,0,0
124.27,16.2,2,0,0
37.42,11.4,0,0,0
63.97,21.0,2,0,0
5.53,18.4,1,0,0
164.89,0.0,2,0,0
2.06,9.8,2,0,0
12.7,0.0,1,0,0
114.66,12.1,3,0,0
12.99,15.7,2,0,0
59.74,7.4,1,0,0
179.29,3.3,1,0,0
90.59,21.2,1,0,0
153.77,9.4,2,0,0
8.34,4.5,2,0,0
231.33,8.5,5,0,0
52.64,0.0,1,0,0
24.7,26.9,2,0,0
123.3,26.5,3,0,0
20.81,23.6,1,0,0
156.03,19.6,1,0,0
76.03,11.4,0,0,0
41.27,13.9,0,0,0
86.19,26.6,1,0,0
48.32,19.0,0,0,0
159.31,13.9,0,0,0
116.18,23.5,2,0,0
55.88,15.2,3,1,0
11.92,2.8,2,0,0
27.19,28.5,4,0,0
93.2,20.1,2,0,0
80.03,0.0,1,0,0
39.81,0.4,3,0,0
2.0,7.5,1,0,0
51.1,10.0,3,1,1
81.54,6.2,0,0,0
42.7,18.4,1,0,0
45.64,17.2,1,0,0
139.9,9.4,3,0,0
76.64,0.7,1,0,0
8.2,10.7,2,0,0
50.47,5.7,1,0,0
131.85,29.2,4,0,0
69.76,10.9,4,0,0
138.87,3.8,0,0,0
3.72,6.6,0,0,0
58.56,12.6,2,0,0
76.96,3.4,0,0,0
49.88,11.1,1,1,0
18.66,26.1,2,0,0
77.66,8.3,3,0,0
130.73,11.2,4,0,0
87.84,9.5,1,0,0
38.66,12.0,1,0,0
49.26,17.6,0,0,0
8.02,15.4,1,0,0
10.6,0.4,0,0,0
23.13,5.0,2,0,0
18.72,9.0,3,0,0
76.31,3.4,1,0,0
23.78,14.2,2,0,0
7.81,6.0,0,0,0
61.3,20.5,1,0,0
34.68,10.9,2,0,0
42.88,24.6,0,0,0
226.01,8.9,1,0,0
75.65,6.7,0,0,0
37.34,0.0,1,0,0
4.48,10.1,2,0,0
199.63,13.7,2,0,0
90.73,6.6,0,0,0
15.73,19.0,1,0,0
3.36,16.6,1,0,0
31.9,17.8,0,0,0
143.79,23.7,1,0,0
15.41,5.7,2,0,0
34.23,8.0,1,0,0
75.18,5.3,2,0,0
68.67,15.1,0,0,0
55.46,20.7,0,0,0
40.1,18.1,0,0,0
8.87,13.1,2,0,0
37.53,12.2,1,0,0
24.36,11.0,2,0,0
15.38,8.2,1,0,0
7.72,15.0,3,0,0
85.85,7.9,1,0,0
62.08,14.6,2,0,0
6.87,17.8,1,0,0
29.9,20.6,3,0,0
22.93,10.5,2,0,0
9.97,29.5,3,0,0
85.69,24.9,0,0,0
39.02,11.6,2,0,0
7.86,6.2,1,0,0
10.85,10.4,1,0,0
28.43,22.7,1,0,0
28.79,10.2,2,0,0
4.63,3.2,2,0,0
22.31,15.3,1,0,0
13.75,9.3,2,0,0
31.28,6.1,4,0,0
2.38,23.3,3,0,0
168.1,13.8,1,0,0
56.58,21.3,4,0,0
231.02,17.4,2,0,0
6.98,13.1,1,0,0
224.73,12.2,0,0,0
64.35,10.6,0,0,0
2.0,8.5,4,0,0
123.57,10.6,0,0,0
5.48,1.3,1,0,0
8.93,10.8,2,0,0
18.97,9.5,2,0,0
113.1,7.0,6,0,0
2.0,11.2,3,0,0
77.49,12.5,3,0,0
303.91,9.4,1,0,0
183.42,1.2,1,0,0
3.03,7.6,0,0,0
13.75,11.1,1,0,0
2.0,17.6,2,0,0
61.22,18.4,5,0,0
20.94,5.3,2,0,0
35.2,5.4,4,0,0
46.88,14.1,1,0,0
2.0,8.9,1,0,0
90.56,20.5,0,0,0
2.0,9.1,0,0,0
22.24,11.0,1,1,0
53.54,12.7,1,0,0
43.44,26.7,4,0,0
41.95,14.4,0,0,0
324.93,21.7,3,0,0
34.41,5.8,0,0,0
2.0,4.0,0,0,0
127.06,1.4,0,0,0
87.48,126.9,6,1,1
5.21,16.1,1,0,0
52.8,16.8,2,0,0
62.09,26.1,1,0,0
2.29,0.0,2,0,0
76.13,13.2,0,0,0
210.99,16.1,1,0,0
226.43,25.7,1,0,0
32.05,4.4,5,0,0
64.22,0.0,1,0,0
81.53,20.8,3,0,0
51.07,5.0,2,0,0
25.71,13.7,3,0,0
4.75,10.4,1,0,0
17.02,4.4,0,0,0
86.17,18.3,0,0,0
54.9,26.0,4,0,0
103.88,9.6,0,0,0
11.74,19.9,2,0,0
37.74,5.5,2,0,0
14.07,18.1,1,0,0
59.45,12.9,1,0,0
44.06,8.3,2,0,0
272.94,19.8,6,0,0
60.18,24.6,1,0,0
15.61,14.7,0,0,0
3.58,9.9,2,1,0
106.78,6.0,0,0,0
44.1,0.0,0,1,0
47.58,15.1,3,0,0
30.61,0.0,1,1,0
2.79,2.5,1,0,0
19.45,13.5,1,0,0
69.87,22.3,1,0,0
33.58,0.0,1,0,0
31.05,15.0,2,0,0
9.12,23.9,0,0,0
10.02,10.2,1,0,0
31.36,10.8,0,0,0
7.26,11.9,2,0,0
153.99,0.9,2,0,0
90.72,111.3,4,0,1
32.33,19.1,1,0,0
136.73,12.9,3,0,0
105.33,9.0,2,0,0
2.0,9.2,0,0,0
103.26,14.6,4,1,0
114.59,3.7,1,0,0
35.71,8.8,0,0,0
68.89,62.1,4,1,1
50.66,6.6,1,0,0
73.29,16.7,2,0,0
115.76,10.3,1,0,0
54.08,12.2,3,0,0
122.98,13.3,1,0,0
108.98,11.1,0,0,0
199.3,13.9,1,0,0
20.33,16.5,0,0,0
3.77,14.6,3,0,0
9.17,25.3,0,0,0
14.19,9.0,1,0,0
86.96,10.0,2,0,0
66.52,12.7,1,0,0
56.18,17.1,1,0,0
46.96,27.4,2,0,0
33.96,9.6,2,0,0
65.24,24.7,2,0,0
5.43,23.4,3,0,0
187.01,22.5,2,0,0
7.42,15.0,2,0,0
65.81,11.1,1,0,0
37.71,5.8,2,0,0
72.56,0.0,3,0,0
2.76,18.6,0,0,0
148.34,12.3,3,1,0
32.29,17.4,0,0,0
26.38,11.3,2,1,0
5.13,26.9,3,0,0
34.65,24.6,0,0,0
62.41,5.9,1,0,0
10.0,14.9,2,0,0
26.16,17.1,2,0,0
10.57,13.6,4,0,0
241.38,0.0,3,0,0
47.49,19.0,1,0,0
150.13,8.8,0,0,0
146.57,9.6,0,0,0
33.46,3.3,0,0,0
56.39,12.0,2,0,0
28.07,18.5,1,0,0
35.69,17.3,2,0,0
17.77,24.0,2,0,0
72.6,5.9,2,1,0
84.94,16.8,3,0,0
160.28,11.0,2,0,0
44.77,6.8,3,0,0
11.12,5.7,0,0,0
58.16,15.5,2,0,0
42.93,19.3,1,1,0
24.53,10.0,1,0,0
22.48,13.1,5,0,0
35.64,3.0,0,0,0
14.01,0.0,2,0,0
201.38,5.6,2,0,0
27.61,25.6,2,0,0
2.0,7.0,0,0,0
56.69,11.9,1,0,0
94.44,10.9,3,0,0
18.47,0.0,0,0,0
99.0,6.9,3,0,0
14.69,18.1,1,0,0
134.45,9.9,2,0,0
129.25,15.3,1,0,0
258.64,14.5,4,0,0
22.86,18.0,3,0,0
80.19,9.7,3,0,0
13.04,13.2,1,0,0
14.69,6.0,2,0,0
32.8,20.3,0,0,0
72.36,11.6,1,0,0
162.16,24.1,0,0,0
88.04,25.4,0,0,0
37.67,5.9,1,1,0
104.64,4.8,3,0,0
110.41,25.0,1,0,0
52.71,21.6,0,0,0
21.23,9.0,1,0,0
160.3,5.8,0,0,0
67.0,22.9,2,0,0
22.17,16.4,3,0,0
40.95,8.8,4,0,0
21.35,0.0,4,1,0
43.07,15.3,2,0,0
112.38,0.0,3,0,0
32.23,18.1,2,0,0
2.06,4.0,0,0,0
31.48,25.3,1,0,0
41.96,20.1,3,0,0
4.04,17.3,1,0,0
29.03,8.1,1,0,0
48.58,24.4,1,0,0
343.2,13.8,2,0,0
34.44,10.9,2,0,0
42.32,14.4,2,0,0
15.44,27.8,0,0,0
27.32,15.0,1,0,0
172.28,6.5,1,0,0
108.56,17.0,2,0,0
17.74,21.9,1,0,0
54.32,5.5,1,0,0
24.06,9.0,0,0,0
67.77,15.6,2,0,0
63.58,0.0,2,1,0
93.43,11.0,0,0,0
128.9,18.0,1,0,0
4.15,13.0,0,0,0
28.93,1.4,5,0,0
146.71,20.0,1,0,0
52.41,1.9,1,0,0
26.19,6.5,1,0,0
125.05,22.1,2,0,0
4.86,12.1,3,0,0
54.22,5.4,0,0,0
82.45,15.9,2,0,0
12.45,12.3,0,0,0
201.66,20.2,2,0,0
39.13,0.0,4,0,0
56.89,29.5,2,0,0
137.02,6.0,0,0,0
223.89,11.7,2,0,0
85.59,18.0,0,0,0
8.14,9.2,1,0,0
28.46,19.8,0,0,0
14.58,21.7,2,0,0
41.79,6.7,2,0,0
24.49,14.5,1,0,0
59.45,31.1,3,0,0
14.86,13.4,4,0,0
58.85,8.3,2,0,0
33.24,18.5,6,0,0
99.97,20.7,3,0,0
25.18,17.6,3,0,0
164.99,25.5,1,0,0
11.45,15.0,1,0,0
17.8,0.0,1,0,0
219.45,8.4,4,0,0
22.41,16.9,2,0,0
185.14,20.8,0,0,0
63.51,18.9,0,0,0
2.0,0.4,1,0,0
2.22,19.9,2,0,0
73.57,11.7,0,0,0
73.89,14.4,0,0,0
59.66,8.9,0,0,0
19.52,0.0,1,0,0
22.85,0.0,2,0,0
93.39,15.8,3,0,0
13.69,0.0,0,0,0
181.25,13.1,0,0,0
11.25,19.7,2,0,0
184.49,3.5,2,0,0
4.8,5.6,6,0,0
2.58,9.8,2,0,0
17.6,5.1,1,0,0
157.08,22.2,3,0,0
49.63,20.2,0,0,0
11.78,11.1,1,0,0
14.16,10.6,0,0,0
20.04,0.0,4,0,0
24.78,0.5,2,0,0
108.95,6.0,1,0,0
179.52,21.5,3,0,0
5.54,15.7,1,0,0
3.82,14.7,1,0,0
8.3,9.4,2,0,0
45.4,12.6,3,0,0
16.04,25.1,0,0,0
7.61,19.2,7,0,0
2.44,0.0,3,0,0
12.98,9.8,1,0,0
24.15,18.0,2,0,0
7.83,17.7,1,0,0
69.94,25.4,1,0,0
263.04,25.5,1,0,0
56.76,7.7,1,1,0
8.86,10.7,3,0,0
64.16,17.0,2,0,0
150.43,0.0,2,0,0
110.47,14.6,0,0,0
108.62,7.0,1,0,0
2.23,10.5,1,0,0
2.0,14.7,1,0,0
2.0,23.3,1,0,0
60.07,21.2,2,0,0
62.32,20.5,0,0,0
101.13,3.6,1,0,0
21.12,13.2,1,0,0
6.53,0.0,2,0,0
12.1,13.6,0,0,0
103.15,12.5,2,0,0
51.19,9.0,1,0,0
8.77,13.2,0,1,0
45.83,16.7,1,1,0
18.89,14.6,0,0,0
314.95,17.7,0,1,0
50.0,29.0,2,1,1
48.05,13.9,1,0,0
125.04,15.8,0,0,0
24.7,14.2,2,0,0
33.42,30.7,3,0,0
166.45,23.6,0,0,0
86.94,17.8,3,0,0
45.07,28.0,4,0,0
43.72,16.8,1,0,0
136.09,7.3,1,0,0
11.4,12.4,1,0,0
4.42,16.5,3,0,0
53.13,24.5,1,0,0
19.27,28.7,0,0,0
19.77,10.1,1,0,0
25.14,19.0,2,0,0
120.0,6.8,1,0,0
90.18,18.6,0,0,0
5.22,6.0,4,0,0
97.37,0.0,4,0,0
17.58,7.9,1,0,0
3.65,15.3,2,0,0
7.21,13.1,0,0,0
16.2,10.3,3,0,0
16.37,5.3,2,0,0
2.0,15.1,1,0,0
45.41,12.1,0,0,0
3.5,12.5,2,0,0
174.26,161.1,4,1,1
34.22,11.8,2,0,0
24.63,22.5,3,0,0
32.48,17.4,0,0,0
58.81,12.1,1,0,0
60.72,8.7,1,0,0
10.33,27.0,4,0,0
25.36,11.9,1,0,0
119.4,8.9,2,0,0
68.09,11.3,2,0,0
60.07,24.8,1,0,0
20.09,11.7,1,0,0
11.46,2.6,1,0,0
63.31,13.1,2,0,0
41.43,7.1,2,0,0
131.76,12.8,0,0,0
13.43,22.2,0,0,0
12.48,5.2,0,0,0
41.84,17.9,1,0,0
59.47,25.8,0,0,0
39.87,8.5,5,0,0
179.52,15.1,1,0,0
16.53,15.9,4,0,0
97.84,17.2,1,0,0
107.21,10.0,2,0,0
4.55,8.8,1,0,0
68.55,15.6,0,0,0
43.54,16.7,1,0,0
116.78,16.3,1,0,0
368.44,55.5,5,1,1
5.51,14.4,1,0,0
31.48,14.3,5,0,0
73.26,0.0,3,0,0
66.78,11.3,2,0,0
18.01,9.4,3,0,0
94.85,15.9,1,0,0
2.68,11.7,0,0,0
81.86,29.4,0,0,0
36.73,10.5,4,0,0
22.1,7.3,2,0,0
12.43,22.3,1,0,0
36.85,16.6,0,0,0
23.49,25.2,0,0,0
110.31,10.0,1,0,0
61.81,16.4,3,0,0
13.17,12.7,1,1,0
17.3,0.0,1,0,0
22.69,10.8,2,0,0
62.59,12.8,4,0,0
85.3,0.0,0,0,0
95.04,8.0,1,0,0
90.02,13.0,1,1,0
13.25,15.4,5,0,0
8.13,0.0,1,0,0
2.02,31.5,0,0,0
28.12,0.0,3,0,0
48.06,7.0,0,0,0
66.14,8.6,2,0,0
147.74,20.7,1,0,0
27.88,10.3,4,0,0
102.33,10.3,2,0,0
32.88,24.2,1,0,0
41.52,14.9,2,0,0
38.04,14.2,0,0,0
57.75,17.0,1,0,0
119.04,25.2,1,0,0
10.02,9.1,3,0,0
30.52,18.3,1,0,0
90.66,0.0,3,0,0
194.67,22.3,1,0,0
99.4,5.4,2,0,0
17.85,15.7,2,0,0
79.28,14.1,1,0,0
32.77,20.5,1,0,0
34.59,12.4,0,0,0
56.4,0.0,0,0,0
18.59,14.3,1,0,0
193.78,17.8,2,0,0
46.15,9.3,0,0,0
217.94,27.2,1,0,0
106.4,12.5,2,0,0
12.87,29.7,1,0,0
28.55,0.0,1,0,0
125.72,9.4,2,0,0
60.39,19.3,0,0,0
3.41,19.8,3,0,0
5.78,16.8,0,0,0
13.27,11.9,1,0,0
32.69,10.2,3,0,0
12.65,11.5,1,0,0
65.28,17.3,1,0,0
208.89,32.8,2,1,0
2.0,14.9,1,0,0
258.23,12.9,1,0,0
4.02,18.3,1,0,0
31.61,0.0,2,0,0
22.92,23.2,1,0,0
23.57,14.3,3,0,0
8.53,17.3,4,0,0
50.98,8.7,2,0,0
100.3,14.2,0,0,0
20.44,27.3,1,0,0
38.53,0.9,0,0,0
50.11,8.8,1,0,0
3.41,9.8,5,0,0
22.37,7.6,1,0,0
2.59,10.2,2,0,0
8.46,4.9,2,0,0
13.05,19.2,0,0,0
2.0,10.6,0,0,0
171.59,16.0,0,0,0
3.63,18.0,0,0,0
38.7,0.0,3,0,0
16.51,12.5,1,0,0
56.46,13.1,1,0,0
5.34,6.8,2,0,0
2.67,19.9,4,0,0
65.33,13.9,0,0,0
73.99,8.1,5,1,0
44.84,8.3,3,0,0
90.47,10.7,1,0,0
70.03,10.5,2,0,0
17.97,18.0,2,0,0
251.58,8.6,1,0,0
24.31,7.0,1,0,0
38.08,26.5,1,0,0
5.92,12.7,2,0,0
142.37,4.5,3,0,0
165.71,17.3,1,0,0
35.41,10.2,0,0,0
44.63,15.1,3,0,0
74.11,11.9,2,0,0
21.52,4.8,2,0,0
138.3,3.8,0,0,0
93.17,12.3,0,0,0
118.71,0.0,5,0,0
14.4,14.9,2,0,0
142.74,4.6,1,1,0
106.06,10.8,1,0,0
30.21,8.9,3,0,0
27.78,1.1,0,1,0
6.22,25.2,4,0,0
6.08,12.4,2,0,0
62.79,17.9,2,0,0
39.58,9.3,3,0,0
53.94,13.7,1,1,0
2.0,2.2,1,0,0
88.44,10.3,1,0,0
65.05,10.1,1,0,0
12.66,18.9,0,0,0
25.73,6.3,1,0,0
3.65,6.3,3,0,0
117.96,10.7,0,0,0
195.52,8.5,3,0,0
130.69,25.7,2,0,0
107.4,25.0,3,0,0
6.11,18.2,1,0,0
184.1,20.0,0,0,0
86.7,24.7,1,0,0
44.91,2.0,0,0,0
2.0,7.4,0,0,0
24.33,6.5,0,0,0
177.4,10.4,2,0,0
18.43,14.6,0,0,0
234.96,25.7,3,0,0
91.57,12.7,3,0,0
110.68,14.1,1,0,0
14.12,8.3,3,0,0
173.56,7.3,0,0,0
2.0,14.5,3,0,0
38.33,17.3,1,0,0
69.02,11.7,4,0,0
10.93,3.4,3,0,0
136.41,12.5,0,0,0
31.98,15.3,3,0,0
25.56,17.8,2,0,0
41.11,6.9,0,0,0
50.15,42.4,3,0,1
7.08,8.7,1,0,0
11.06,18.9,1,0,0
19.6,24.3,0,0,0
141.25,17.1,1,0,0
116.59,8.0,3,0,0
33.79,3.9,3,0,0
18.7,6.0,3,0,0
141.77,16.5,4,0,0
53.16,8.4,2,0,0
27.54,11.3,0,0,0
286.0,15.1,1,0,0
21.99,1.9,1,0,0
115.7,15.1,2,0,0
191.05,11.9,5,0,0
25.52,11.1,0,0,0
20.48,0.6,1,0,0
22.67,2.7,1,0,0
75.5,13.7,0,0,0
22.94,14.0,2,0,0
111.71,8.6,1,0,0
251.44,3.8,0,0,0
49.55,11.1,1,0,0
44.82,23.5,2,1,0
9.6,18.8,1,0,0
71.69,12.2,1,0,0
22.01,15.8,3,0,0
15.46,11.8,1,0,0
58.99,18.5,0,0,0
155.98,20.0,1,0,0
55.54,19.4,0,0,0
72.88,0.0,1,0,0
6.09,21.6,0,1,0
7.56,13.3,0,0,0
65.97,13.5,3,0,0
15.18,11.9,0,0,0
71.45,16.5,2,0,0
79.81,23.3,0,0,0
24.49,0.8,3,0,0
59.22,24.1,1,0,0
22.21,18.1,1,0,0
110.25,20.3,0,0,0
232.42,3.2,1,0,0
58.34,7.6,1,0,0
98.64,14.4,2,0,0
85.64,16.9,2,0,0
33.13,17.5,2,0,0
42.01,18.6,0,0,0
2.43,25.7,3,0,0
81.5,16.8,0,0,0
69.91,6.4,2,0,0
96.85,23.4,1,0,0
3.85,7.3,1,0,0
142.54,7.6,1,0,0
28.48,15.7,2,0,0
29.15,18.5,4,1,0
25.39,18.6,2,0,0
3.01,11.7,1,0,0
8.25,24.9,2,0,0
149.72,6.6,3,0,0
59.71,9.1,1,0,0
29.05,17.2,3,0,0
29.82,13.5,1,0,0
8.41,10.1,0,0,0
22.97,4.2,1,0,0
91.46,21.3,1,0,0
39.92,27.6,5,0,0
18.85,6.6,0,0,0
30.98,9.3,2,0,0
43.28,9.0,2,0,0
243.97,12.4,2,0,0
38.78,2.9,2,0,0
17.91,13.5,1,0,0
151.28,20.4,1,0,0
77.43,1.0,2,0,0
187.88,0.0,0,0,0
3.76,16.7,2,0,0
2.0,12.3,1,0,0
62.75,16.4,1,0,0
17.24,8.6,2,0,0
19.86,0.0,2,0,0
35.25,0.0,1,0,0
15.8,0.0,0,0,0
242.03,27.5,2,0,0
2.0,2.4,2,0,0
211.7,11.9,0,0,0
62.07,10.9,3,0,0
93.25,0.0,1,0,0
5.81,9.4,2,0,0
104.34,11.1,1,0,0
342.08,11.3,0,0,0
69.01,7.4,2,0,0
5.38,0.0,1,0,0
67.29,3.2,1,0,0
18.64,14.8,3,0,0
68.3,9.2,1,0,0
25.58,13.6,1,0,0
32.99,16.2,2,0,0
2.0,17.6,0,0,0
17.62,13.1,1,0,0
30.31,36.1,1,0,0
8.38,0.0,2,0,0
92.99,15.2,2,0,0
33.15,17.7,0,0,0
68.45,6.2,3,0,0
268.84,13.0,2,0,0
26.46,7.2,2,0,0
4.55,15.3,1,0,0
109.49,0.0,2,0,0
27.7,16.7,0,0,0
44.81,0.1,4,0,0
90.1,24.7,2,0,0
32.46,18.2,1,0,0
155.41,28.9,1,0,0
113.2,6.0,0,0,0
92.23,4.0,5,0,0
78.03,14.3,0,0,0
34.83,12.8,2,0,0
89.49,10.1,2,1,0
16.89,7.8,0,0,0
195.42,22.6,2,0,0
82.19,20.1,1,0,0
37.9,3.6,3,0,0
19.72,1.1,1,0,0
205.41,1.7,1,0,0
78.72,26.2,1,0,0
31.99,7.1,1,0,0
11.39,0.0,1,0,0
2.67,17.2,0,0,0
143.56,2.9,2,0,0
15.71,12.1,0,0,0
68.11,12.0,1,0,0
43.58,12.7,0,0,0
139.22,12.6,1,0,0
71.45,23.0,3,0,0
5.57,10.8,2,0,0
189.36,16.9,2,0,0
62.4,7.1,2,0,0
17.68,16.5,2,0,0
200.04,23.3,4,0,0
93.04,25.6,1,0,0
23.4,29.6,2,0,0
7.15,5.1,2,0,0
49.9,5.8,2,0,0
103.3,22.3,2,0,0
57.42,8.5,1,0,0
55.05,3.9,0,0,0
92.76,14.2,1,1,0
9.8,12.2,2,0,0
81.62,11.5,0,0,0
15.97,19.2,0,0,0
2.91,16.5,1,0,0
71.59,19.3,2,0,0
110.38,9.7,2,0,0
7.24,21.4,1,0,0
14.92,13.1,1,0,0
18.7,25.1,4,0,0
144.98,12.3,2,0,0
2.0,9.5,2,0,0
25.85,12.0,1,0,0
118.27,18.2,2,0,0
46.52,13.0,2,0,0
78.72,30.6,3,0,0
65.49,11.5,3,0,0
16.99,1.0,0,0,0
49.89,0.0,2,0,0
8.72,8.9,0,0,0
47.9,15.6,3,0,0
11.91,11.7,1,0,0
65.72,6.8,1,0,0
5.96,6.7,4,0,0
73.99,7.2,0,0,0
68.5,4.5,0,0,0
54.6,15.3,1,0,0
8.69,3.8,1,0,0
67.16,21.3,3,1,0
42.62,11.4,1,0,0
77.79,7.5,0,0,0
117.69,71.5,2,0,1
227.03,13.5,2,0,0
30.29,7.2,1,0,0
52.48,17.1,2,0,0
35.36,0.0,1,0,0
174.5,4.6,3,0,0
79.68,5.3,0,0,0
172.57,5.9,4,0,0
29.02,0.0,1,0,0
3.6,4.1,0,0,0
106.29,14.4,1,0,0
84.15,3.1,0,0,0
370.17,11.5,1,0,0
16.65,7.8,4,0,0
289.81,0.0,1,0,0
121.09,7.2,0,0,0
18.3,10.4,1,0,0
77.4,6.6,2,1,0
45.78,14.0,1,0,0
51.56,22.9,2,0,0
60.86,7.9,0,0,0
49.24,20.9,3,0,0
138.74,32.5,4,0,0
141.5,7.1,1,0,0
93.03,6.2,1,0,0
30.53,21.2,0,0,0
127.03,22.4,2,0,0
48.72,3.8,1,0,0
18.67,7.7,2,0,0
20.63,14.4,2,0,0
31.07,21.3,3,0,0
4.72,17.7,2,0,0
37.04,6.8,0,0,0
111.14,9.5,0,0,0
2.0,16.1,1,0,0
7.62,10.1,1,1,0
45.22,26.3,0,0,0
71.63,13.4,2,0,0
2.0,13.5,1,0,0
137.59,9.7,2,0,0
72.74,10.6,1,0,0
15.51,15.2,1,0,0
234.96,21.6,1,0,0
45.79,0.0,2,0,0
11.39,18.8,0,0,0
11.46,2.5,3,0,0
162.29,11.5,4,1,0
137.34,18.3,0,0,0
105.8,16.0,1,0,0
30.8,14.0,0,0,0
75.98,2.9,1,0,0
13.39,19.4,1,0,0
217.96,7.1,2,0,0
50.07,21.6,1,0,0
64.26,23.7,0,0,0
134.01,5.9,2,0,0
11.3,0.8,1,0,0
34.42,0.0,2,0,0
68.01,26.4,1,0,0
36.68,13.8,1,0,0
29.8,10.6,1,1,0
52.18,8.3,0,0,0
5.43,22.4,0,0,0
132.88,1.8,3,0,0
170.22,23.7,0,0,0
147.48,21.5,0,0,0
95.13,12.5,0,0,0
9.24,25.1,0,0,0
2.7,13.2,0,0,0
22.67,0.0,0,0,0
17.27,17.8,0,0,0
2.77,6.4,3,0,0
136.03,16.8,2,0,0
81.38,12.8,1,0,0
14.79,6.4,2,0,0
5.71,10.0,3,0,0
16.45,7.2,3,0,0
34.34,0.7,1,1,0
4.2,10.5,0,0,0
13.04,7.7,1,0,0
171.19,20.7,1,0,0
32.88,7.8,0,0,0
150.94,1.3,3,1,0
97.55,0.6,1,0,0
62.97,7.5,1,0,0
64.67,3.4,1,0,0
68.54,8.8,3,0,0
31.53,8.1,2,0,0
5.75,7.7,0,0,0
12.15,22.3,1,0,0
115.42,11.6,4,0,0
6.7,14.7,2,0,0
16.59,12.8,0,0,0
23.0,21.2,1,0,0
2.0,0.0,2,0,0
39.85,12.2,1,0,0
4.61,5.3,1,0,0
127.7,12.3,1,0,0
2.0,5.7,5,0,0
77.32,24.8,1,0,0
43.59,0.0,1,0,0
63.81,7.9,0,0,0
66.58,7.4,1,0,0
2.36,31.7,1,0,0
54.49,11.2,0,0,0
12.67,0.5,2,0,0
75.11,8.6,1,0,0
36.98,4.8,2,0,0
197.68,21.3,0,0,0
79.06,12.2,0,1,0
6.45,20.5,2,0,0
76.65,16.0,1,0,0
7.76,5.0,2,0,0
26.54,0.0,0,0,0
2.55,26.2,1,0,0
189.63,12.4,1,0,0
45.77,17.4,1,0,0
140.29,14.4,0,0,0
214.17,14.4,3,0,0
183.83,11.9,2,0,0
205.95,13.1,3,0,0
24.71,15.8,0,0,0
53.67,6.2,2,0,0
114.75,6.0,4,0,0
49.39,0.0,2,0,0
14.39,13.5,2,0,0
146.93,0.0,4,0,0
133.58,16.4,2,0,0
14.63,8.0,2,0,0
16.88,4.3,0,0,0
4.05,13.8,1,0,0
8.93,16.9,1,0,0
86.92,13.9,3,0,0
35.09,15.6,0,0,0
5.11,25.2,3,1,0
60.13,2.6,2,0,0
2.04,15.6,3,0,0
19.66,0.0,4,0,0
2.01,10.8,2,0,0
59.87,10.0,0,0,0
155.92,14.5,0,1,0
158.25,15.5,3,0,0
229.41,5.9,1,0,0
78.92,7.1,3,0,0
353.16,18.9,0,0,0
88.93,18.4,2,0,0
109.23,13.8,5,0,0
5.25,16.6,3,0,0
8.65,1.8,0,0,0
36.21,10.1,1,0,0
48.93,14.9,0,0,0
3.77,0.9,0,0,0
9.1,28.7,1,0,0
131.76,0.0,1,0,0
43.47,0.0,1,0,0
205.97,6.6,0,0,0
34.05,12.4,1,0,0
42.12,9.9,1,0,0
40.66,1.8,2,0,0
9.35,10.3,0,0,0
42.95,2.0,4,0,0
34.75,20.8,3,0,0
9.45,10.6,3,0,0
263.08,79.8,2,0,1
9.57,17.4,1,0,0
23.86,0.0,0,0,0
110.49,4.0,0,0,0
7.27,0.0,3,0,0
19.98,18.5,2,0,0
38.51,11.7,1,1,0
132.07,17.2,1,0,0
53.58,7.2,1,0,0
73.6,21.8,1,0,0
25.48,12.2,4,0,0
81.81,14.0,0,0,0
106.23,10.9,1,0,0
61.51,9.1,1,0,0
30.14,8.8,2,0,0
25.57,13.4,3,0,0
33.78,6.4,1,0,0
11.46,14.5,3,0,0
19.36,28.4,2,0,0
2.0,0.9,1,0,0
103.47,22.2,4,0,0
91.46,16.8,1,0,0
52.03,19.8,2,0,0
90.99,20.8,1,1,0
47.44,15.3,0,0,0
26.82,13.3,0,0,0
29.67,0.0,2,0,0
34.03,13.1,0,0,0
129.36,12.3,2,0,0
45.73,18.0,1,0,0
117.93,12.9,1,0,0
46.44,23.8,2,0,0
38.9,8.7,2,0,0
22.27,25.5,4,0,0
21.12,4.2,0,0,0
20.39,2.9,0,0,0
26.5,8.8,3,0,0
88.24,17.8,0,0,0
2.0,4.4,0,0,0
105.77,0.0,2,0,0
36.42,0.0,1,0,0
45.98,17.1,2,0,0
168.58,16.0,1,0,0
10.46,0.0,2,0,0
10.75,0.0,0,0,0
76.61,15.6,4,0,0
88.13,8.7,5,0,0
32.62,17.4,0,0,0
19.59,7.7,3,0,0
18.11,5.3,1,0,0
169.29,4.1,2,0,0
16.6,10.7,1,0,0
82.75,29.7,0,0,0
116.59,24.4,1,0,0
66.25,6.5,3,0,0
94.55,11.6,0,0,0
15.03,11.8,4,0,0
52.58,5.7,1,0,0
87.17,9.6,0,0,0
68.23,22.6,0,0,0
79.71,8.7,1,0,0
221.43,15.4,2,1,0
55.82,20.3,2,0,0
22.12,18.2,2,0,0
189.69,11.9,0,0,0
88.88,8.3,3,0,0
5.35,9.2,1,0,0
205.48,10.9,1,0,0
236.73,11.1,0,0,0
123.3,20.0,0,0,0
75.03,7.0,4,1,0
16.19,10.0,1,0,0
12.18,23.4,2,0,0
5.46,8.8,1,0,0
164.63,48.8,4,0,1
107.08,21.5,2,0,0
38.16,7.7,3,0,0
29.8,10.9,1,0,0
25.37,11.0,3,0,0
130.68,16.1,2,0,0
112.76,13.9,0,0,0
6.89,7.6,2,0,0
156.11,3.5,4,0,0
51.43,3.0,1,0,0
12.62,11.4,1,0,0
94.74,2.9,1,1,0
16.52,22.5,1,0,0
28.68,24.0,2,0,0
41.54,6.4,0,0,0
7.28,9.8,2,0,0
18.42,16.3,0,0,0
53.22,18.6,1,0,0
2.0,15.5,3,0,0
64.87,18.3,3,0,0
19.59,14.6,3,0,0
42.06,3.7,0,0,0
95.64,2.0,2,0,0
87.68,6.8,4,0,0
13.55,11.4,3,0,0
39.25,6.8,2,0,0
76.55,17.6,3,0,0
62.58,16.7,2,0,0
26.44,0.0,3,0,0
39.83,4.7,0,0,0
219.31,20.8,0,0,0
7.07,18.2,0,0,0
91.76,0.0,0,0,0
7.82,8.7,0,0,0
51.83,2.1,0,0,0
188.56,9.9,5,0,0
5.8,19.8,1,0,0
119.95,5.7,4,0,0
4.45,21.5,0,0,0
36.57,4.0,0,0,0
59.05,12.5,1,0,0
99.13,6.6,2,0,0
23.91,10.0,0,0,0
10.94,16.8,0,1,0
87.95,8.0,2,0,0
2.0,6.4,0,0,0
29.48,18.5,1,0,0
5.46,0.0,3,0,0
57.67,26.8,1,0,0
94.27,76.0,4,1,1
2.0,19.8,0,0,0
71.64,19.9,1,0,0
4.16,2.7,4,0,0
98.37,16.7,2,0,0
196.69,12.9,0,0,0
19.67,0.9,2,0,0
204.11,38.3,8,0,1
25.72,4.2,1,0,0
2.0,13.0,1,0,0
79.76,14.5,2,0,0
67.93,8.0,1,0,0
25.23,5.0,0,0,0
39.96,19.2,4,0,0
12.39,7.9,1,0,0
54.16,6.6,2,0,0
113.69,12.9,2,0,0
9.86,15.6,3,0,0
4.96,8.8,1,0,0
31.93,4.7,2,0,0
122.19,5.0,1,0,0
20.88,7.3,2,0,0
9.66,26.2,3,0,0
107.78,14.2,2,0,0
38.83,10.6,2,0,0
164.86,2.0,0,0,0
35.55,16.8,1,0,0
31.55,21.3,3,0,0
535.66,93.8,5,0,1
361.51,20.3,6,0,0
8.45,0.2,3,0,0
74.66,86.1,5,0,1
202.91,11.2,3,0,0
44.47,5.4,0,0,0
23.61,6.8,1,0,0
72.65,2.2,2,0,0
107.84,6.9,2,0,0
33.23,13.7,2,0,0
29.03,0.0,1,0,0
27.56,26.3,3,0,0
105.6,0.0,1,0,0
31.51,23.4,1,0,0
40.01,2.9,0,0,0
2.0,20.5,3,0,0
99.97,5.7,0,0,0
258.02,0.9,3,0,0
23.17,9.1,2,0,0
41.47,0.0,2,0,0
133.35,0.0,3,0,0
44.6,9.9,1,0,0
35.21,10.7,1,1,0
12.54,21.3,1,0,0
16.95,12.2,1,0,0
17.97,25.4,1,0,0
17.11,13.0,0,0,0
148.73,11.2,1,0,0
8.91,10.7,1,0,0
9.75,9.5,0,0,0
17.64,3.5,2,0,0
47.56,5.5,1,0,0
48.13,0.0,1,0,0
43.46,8.4,3,0,0
49.42,11.5,1,0,0
34.41,0.0,2,1,0
94.1,6.3,0,0,0
26.71,0.0,1,0,0
31.14,11.8,1,0,0
69.89,8.7,0,0,0
7.52,1.3,3,1,0
81.15,16.7,3,0,0
64.19,19.1,2,0,0
51.42,5.0,1,0,0
65.03,29.2,1,0,0
78.75,15.1,1,0,0
112.14,10.6,0,0,0
181.07,2.6,1,0,0
28.48,12.1,5,0,0
107.31,27.5,1,0,0
53.97,5.4,2,0,0
46.86,20.7,1,0,0
2.0,4.2,2,0,0
24.48,13.1,0,0,0
54.98,1.1,4,1,0
47.72,10.8,2,0,0
18.67,21.6,2,0,0
35.14,1.9,1,0,0
36.82,14.7,2,0,0
25.86,4.4,1,0,0
18.0,0.0,4,0,0
32.94,15.9,4,0,0
10.82,13.6,0,0,0
80.91,11.1,0,0,0
39.96,7.7,3,0,0
73.35,25.2,1,0,0
14.45,8.6,3,0,0
18.47,22.1,1,0,0
3.49,24.6,0,0,0
40.55,11.7,1,0,0
27.52,11.2,3,0,0
37.77,26.1,2,0,0
11.01,17.2,0,0,0
211.19,0.0,3,1,0
56.96,0.0,1,0,0
46.69,6.1,1,0,0
98.57,4.2,1,0,0
162.91,17.8,0,0,0
47.6,22.3,2,1,0
191.9,15.0,1,0,0
203.95,6.0,1,0,0
77.64,27.8,4,0,0
2.0,15.5,0,0,0
40.53,3.0,1,0,0
122.47,7.3,2,0,0
34.26,14.3,2,0,0
214.28,19.3,3,0,0
2.0,3.2,0,0,0
44.66,6.8,2,0,0
56.15,7.0,1,0,0
177.04,19.2,0,0,0
9.12,6.6,3,0,0
48.76,20.3,0,0,0
32.47,17.7,1,0,0
110.01,9.2,0,0,0
24.29,8.6,3,1,0
7.92,3.7,1,0,0
37.92,33.0,3,0,0
5.21,21.5,1,0,0
140.35,9.1,2,0,0
77.17,11.1,0,0,0
17.8,3.0,3,0,0
130.3,19.6,1,0,0
81.15,68.2,3,0,1
317.89,2.2,3,0,0
671.5,103.4,6,0,1
195.66,0.0,1,0,0
25.15,12.8,3,0,0
22.96,22.3,0,0,0
20.66,21.2,3,0,0
183.61,9.2,4,0,0
681.91,97.3,5,1,1
34.01,13.0,2,0,0
16.54,23.6,1,0,0
9.11,23.0,5,0,0
25.74,14.7,3,0,0
36.5,22.5,1,0,0
154.81,0.0,1,0,0
52.0,6.7,0,0,0
479.73,10.0,7,1,1
94.23,3.0,0,0,0
6.61,11.9,1,0,0
84.0,9.5,2,0,0
13.58,20.1,3,0,0
7.95,14.2,2,0,0
94.03,6.9,1,0,0
32.47,14.5,0,0,0
25.58,10.3,2,0,0
52.27,34.9,1,0,0
85.01,0.0,2,0,0
34.49,4.8,4,0,0
42.99,0.0,0,0,0
33.1,17.4,1,0,0
35.29,18.2,2,0,0
10.29,0.0,0,0,0
9.06,5.5,2,1,0
33.01,7.0,3,0,0
59.45,11.3,2,0,0
99.37,8.9,3,0,0
45.82,16.5,2,0,0
35.56,11.6,1,0,0
173.22,0.0,2,0,0
36.5,18.6,3,0,0
32.42,15.5,3,0,0
30.18,18.3,2,0,0
21.24,19.4,2,0,0
38.38,13.8,1,0,0
134.49,5.0,0,0,0
4.89,0.0,1,0,0
230.0,22.9,0,0,0
131.92,11.1,0,0,0
11.9,16.4,3,0,0
23.72,17.1,4,0,0
13.69,21.8,0,0,0
11.61,8.5,1,0,0
2.47,24.1,0,0,0
120.71,0.0,1,0,0
80.25,32.4,1,0,0
84.81,19.1,2,0,0
63.61,6.1,3,0,0
4.19,15.4,1,0,0
164.74,6.2,0,0,0
3.81,4.8,1,0,0
181.87,12.8,1,0,0
72.55,0.0,1,0,0
9.31,4.8,1,0,0
3.47,30.2,3,0,0
24.29,7.9,3,1,0
104.61,31.7,2,0,0
3.12,23.3,1,0,0
120.62,6.5,2,0,0
5.0,16.2,2,0,0
292.21,20.7,1,0,0
130.85,24.1,1,0,0
14.85,9.5,0,0,0
41.03,12.7,1,0,0
266.87,2.4,2,0,0
3.87,18.4,2,0,0
24.28,11.5,2,0,0
669.2,10.3,3,0,1
62.91,16.8,0,0,0
102.75,9.4,2,0,0
681.34,114.9,5,0,1
64.83,18.5,0,0,0
16.86,15.5,2,0,0
64.23,17.1,5,0,0
24.28,3.7,3,0,0
26.58,35.8,2,0,0
2.0,14.6,1,0,0
48.35,8.3,1,0,0
20.82,9.3,0,0,0
51.11,6.4,2,0,0
11.56,7.1,2,0,0
350.34,20.5,3,0,0
20.06,21.5,3,0,0
2.01,13.4,2,0,0
9.81,13.2,1,0,0
108.59,3.9,0,0,0
12.53,7.0,0,0,0
52.3,17.9,2,0,0
82.52,10.7,2,0,0
38.01,11.7,0,0,0
2.0,6.9,0,0,0
419.59,93.7,6,1,1
24.3,7.3,3,0,0
3.01,7.4,0,0,0
162.03,8.4,1,0,0
79.15,13.6,0,0,0
75.89,2.0,3,0,0
129.89,10.6,0,0,0
23.77,0.5,0,0,0
107.9,13.1,3,0,0
24.84,4.0,4,0,0
31.76,10.8,1,0,0
106.5,0.0,3,0,0
287.68,4.7,2,0,0
62.05,10.3,2,0,0
192.74,8.9,0,0,0
67.83,0.0,0,0,0
13.32,10.0,1,0,0
69.71,10.5,0,0,0
63.34,0.0,1,0,0
262.51,0.6,0,0,0
2.62,26.5,1,0,0
6.6,12.3,3,0,0
169.41,3.1,0,0,0
3.9,18.7,1,0,0
213.33,12.9,1,0,0
245.99,9.0,4,0,0
31.84,12.4,2,0,0
238.22,8.8,1,0,0
105.98,0.0,1,0,0
502.03,11.4,2,0,0
36.85,2.4,5,0,0
166.8,125.9,0,0,1
35.88,10.4,1,1,0
44.69,4.1,2,0,0
17.18,25.2,3,0,0
114.58,22.1,1,0,0
10.36,8.4,1,1,0
227.77,0.0,2,0,0
147.82,25.0,0,0,0
67.35,4.5,4,0,0
21.76,0.0,1,0,0
143.42,0.0,4,0,0
148.63,4.9,6,0,0
37.48,13.2,0,0,0
67.96,8.6,2,0,0
175.9,9.1,4,0,0
8.59,17.0,4,0,0
22.46,18.3,2,0,0
116.95,6.1,1,0,0
33.98,0.7,4,0,0
148.33,11.4,1,0,0
6.73,0.0,2,0,0
183.37,7.3,1,0,0
25.41,8.5,0,0,0
85.98,8.7,0,0,0
5.76,20.4,4,0,0
2.0,3.1,3,0,0
177.11,3.4,2,0,0
60.66,8.9,4,0,0
30.79,16.3,1,0,0
157.12,16.1,1,0,0
190.61,3.7,1,0,0
36.59,22.2,4,0,0
34.87,13.3,0,0,0
15.85,8.2,0,0,0
53.99,0.0,2,0,0
16.83,16.7,1,0,0
6.69,0.0,1,0,0
25.57,4.7,0,0,0
6.63,26.8,2,0,0
72.31,15.6,2,0,0
47.53,5.3,1,0,0
58.46,1.4,1,0,0
28.49,22.6,2,0,0
112.06,14.4,1,0,0
26.54,13.0,1,0,0
57.22,14.9,2,0,0
36.25,0.0,1,0,0
302.71,0.0,0,0,0
53.31,13.0,3,0,0
58.63,16.1,5,0,0
114.95,1.6,0,0,0
47.89,33.2,0,0,0
8.34,13.2,3,0,0
23.68,18.9,1,0,0
59.64,20.1,0,0,0
35.38,12.7,1,0,0
65.85,5.9,6,0,0
10.66,26.2,1,0,0
46.05,7.9,1,0,0
137.6,9.9,2,0,0
33.52,4.2,2,0,0
31.11,3.3,1,0,0
39.48,24.4,1,0,0
84.68,20.0,3,0,0
125.5,22.7,1,0,0
2.0,10.1,3,0,0
18.5,12.6,1,0,0
24.38,9.4,2,0,0
28.61,0.0,0,1,0
195.86,25.9,0,0,0
20.51,14.4,1,0,0
30.7,14.8,1,0,0
11.7,22.9,1,0,0
17.38,14.3,1,0,0
22.56,18.5,1,0,0
184.48,5.9,3,0,0
11.54,6.5,1,0,0
72.15,0.0,2,0,0
575.44,123.4,7,1,1
62.95,0.0,3,0,0
35.22,24.4,4,0,0
13.12,9.8,1,0,0
11.32,13.3,3,0,0
87.05,22.0,3,0,0
64.87,22.1,2,0,0
39.87,9.2,4,0,0
69.67,13.3,4,0,0
44.7,21.4,2,0,0
376.51,4.6,1,0,0
110.5,16.7,1,0,0
52.66,18.7,2,0,0
151.35,3.1,0,0,0
38.89,22.3,2,0,0
24.76,9.0,2,0,0
7.5,16.0,2,0,0
52.59,17.9,1,0,0
134.48,11.4,6,0,0
27.97,12.3,0,0,0
32.61,0.3,4,1,0
2.0,1.8,2,0,0
63.9,0.0,2,0,0
2.0,13.0,2,0,0
27.64,11.0,0,0,0
106.26,17.6,1,0,0
57.94,8.1,0,0,0
33.41,13.4,1,0,0
593.91,59.9,2,1,1
12.1,20.3,1,0,0
54.05,25.3,1,0,0
79.48,14.1,1,0,0
137.38,9.2,1,0,0
85.73,12.4,1,0,0
136.39,3.9,0,0,0
6.92,2.2,2,0,0
12.83,0.7,2,0,0
47.43,0.0,0,0,0
280.62,15.4,2,0,0
24.21,14.7,2,0,0
13.41,10.8,2,0,0
29.2,18.3,1,0,0
36.26,13.0,1,0,0
17.08,2.8,2,0,0
76.35,19.7,4,1,0
36.33,22.7,1,0,0
61.49,2.6,0,0,0
109.32,21.3,1,0,0
45.39,12.4,3,0,0
214.99,20.8,2,0,0
10.44,21.8,0,0,0
17.76,13.1,1,0,0
7.97,33.8,2,0,0
67.45,7.3,2,0,0
57.3,7.5,3,0,0
26.89,9.6,5,0,0
7.69,25.3,3,0,0
2.0,9.6,2,0,0
60.86,20.6,1,0,0
6.64,0.0,1,0,0
55.45,3.2,0,0,0
113.66,9.7,2,0,0
216.22,16.8,2,0,0
2.0,18.2,1,0,0
106.95,20.0,2,0,0
22.87,1.7,1,0,0
23.98,25.9,1,0,0
37.59,14.7,1,0,0
9.59,10.1,2,0,0
42.49,17.2,3,0,0
16.2,5.4,2,0,0
16.54,11.4,0,0,0
47.75,5.6,2,0,0
17.05,15.8,2,0,0
281.72,10.8,1,0,0
57.09,13.9,2,0,0
92.43,13.6,1,0,0
159.78,13.2,3,0,0
96.1,17.4,0,0,0
137.68,26.1,0,0,0
2.0,16.2,0,0,0
13.32,15.2,5,0,0
28.31,19.1,1,0,0
18.41,18.0,1,0,0
112.33,23.5,0,0,0
15.49,7.8,0,0,0
28.93,9.6,2,0,0
8.31,7.1,0,0,0
219.1,10.6,2,0,0
16.89,3.3,3,0,0
66.74,0.0,1,0,0
70.8,9.8,1,0,0
380.35,12.0,0,0,0
9.55,17.9,2,0,0
88.36,17.6,3,0,0
87.04,13.2,0,0,0
2.0,13.2,0,0,0
35.83,18.2,2,0,0
4.18,16.0,2,0,0
13.86,13.9,4,0,0
47.58,10.1,1,0,0
9.18,7.9,3,0,0
61.21,13.8,3,0,0
36.81,5.8,1,0,0
36.36,25.1,1,0,0
15.23,0.0,0,0,0
52.89,14.9,2,0,0
374.93,12.0,0,0,0
29.76,6.5,2,0,0
272.37,17.7,2,1,0
65.4,18.2,0,0,0
34.94,0.0,2,0,0
2.0,20.1,0,0,0
16.19,2.9,2,0,0
21.44,7.2,1,0,0
2.01,5.6,2,0,0
146.85,6.9,1,0,0
19.29,4.9,4,0,0
315.14,14.6,5,0,0
21.38,1.6,2,0,0
137.9,0.0,3,0,0
18.45,5.7,0,0,0
22.55,12.4,1,0,0
32.77,18.4,0,0,0
234.8,20.1,3,0,0
14.81,29.7,1,0,0
531.21,12.3,2,0,0
11.02,18.3,5,0,0
22.47,17.9,2,0,0
9.28,8.2,2,0,0
5.15,0.0,3,1,0
2.0,8.1,2,0,0
60.61,9.7,0,0,0
85.47,0.0,1,0,0
61.33,0.0,2,0,0
65.45,9.7,1,0,0
111.64,14.4,0,0,0
119.91,15.3,1,0,0
112.13,25.9,0,0,0
92.29,19.5,2,0,0
12.78,20.2,1,0,0
65.77,13.0,1,0,0
19.85,16.9,0,0,0
60.8,6.1,1,0,0
191.78,9.1,0,0,0
102.86,11.5,1,1,0
59.34,5.3,0,0,0
2.0,0.0,1,0,0
10.31,21.6,1,0,0
130.66,23.7,0,0,0
44.91,23.5,0,0,0
17.31,4.1,2,0,0
36.13,3.9,1,0,0
131.15,5.2,0,0,0
32.33,11.6,2,0,0
3.14,12.6,2,0,0
44.15,26.2,5,0,0
26.94,10.5,0,0,0
127.23,20.9,0,0,0
54.95,12.7,2,0,0
205.49,6.4,1,0,0
54.99,16.3,2,0,0
2.0,15.2,2,0,0
257.57,7.4,3,0,0
12.25,2.7,2,0,0
128.74,2.5,2,0,0
93.72,20.7,3,0,0
147.6,17.8,1,0,0
95.57,6.8,2,0,0
62.82,27.8,0,0,0
4.17,6.0,0,0,0
25.91,5.6,2,0,0
82.83,18.7,1,0,0
11.8,17.1,5,0,0
3.33,14.8,4,0,0
6.73,28.0,2,1,0
145.0,12.0,2,0,0
55.94,12.3,2,0,0
65.53,32.1,1,0,0
106.83,0.0,0,0,0
106.87,4.8,1,0,0
73.33,27.4,3,0,0
21.21,18.8,2,0,0
7.65,4.7,1,0,0
159.7,14.4,1,0,0
85.78,9.0,0,0,0
25.11,22.2,2,0,0
44.74,18.6,1,0,0
164.8,0.1,1,0,0
175.63,7.3,0,0,0
2.0,12.5,2,0,0
195.42,12.5,1,1,0
57.29,0.0,3,0,0
11.24,18.5,2,0,0
20.43,16.1,4,0,0
63.97,6.6,3,0,0
28.16,17.5,1,0,0
45.8,39.2,2,0,0
43.49,2.0,3,0,0
31.43,25.7,2,0,0
43.15,0.0,1,0,0
43.01,11.8,0,0,0
14.14,28.2,1,0,0
55.69,24.1,1,0,0
72.21,30.6,3,0,0
8.21,18.5,1,0,0
5.12,12.5,0,0,0
25.58,10.2,1,0,0
175.44,18.1,2,0,0
55.51,5.1,0,0,0
293.71,111.9,7,0,1
79.38,8.4,1,0,0
2.0,17.2,2,0,0
83.68,22.8,3,0,0
68.28,3.3,1,0,0
27.89,22.9,2,0,0
45.14,8.0,1,0,0
21.41,7.3,3,0,0
20.65,12.4,2,0,0
83.37,7.8,3,0,0
84.17,1.5,0,0,0
39.4,11.0,1,0,0
8.67,11.9,0,0,0
10.17,9.8,3,1,0
40.33,14.0,0,0,0
16.33,15.0,2,0,0
68.15,10.2,4,0,0
15.12,0.0,2,0,0
70.01,6.0,4,0,0
99.45,19.4,3,0,0
39.12,17.4,1,0,0
77.65,0.0,3,0,0
58.0,11.5,2,0,0
71.1,5.6,1,0,0
59.87,13.1,1,0,0
81.05,19.9,4,0,0
52.9,3.1,3,0,0
23.31,30.2,1,0,0
27.2,11.4,1,0,0
243.98,94.6,7,1,1
42.92,9.8,0,0,0
27.05,3.4,1,0,0
136.46,21.1,4,0,0
11.39,13.8,1,0,0
197.46,14.8,2,1,0
23.79,5.8,0,0,0
146.82,7.1,3,0,0
46.08,0.0,2,0,0
64.52,12.8,0,0,0
35.78,12.7,0,0,0
279.9,0.0,1,0,0
39.07,13.4,5,0,0
21.44,21.3,2,0,0
24.07,21.0,0,0,0
15.01,19.0,1,0,0
237.72,2.1,1,0,0
8.02,19.0,2,0,0
48.08,12.6,2,0,0
118.37,8.6,3,0,0
1360.17,65.0,5,1,1
43.39,6.1,3,0,0
21.08,9.1,1,1,0
76.68,9.9,0,0,0
3.82,9.0,1,0,0
51.84,13.8,0,0,0
51.41,2.1,2,0,0
11.05,31.2,2,0,0
24.78,21.7,0,1,0
42.67,16.8,0,0,0
2.0,10.7,0,0,0
41.66,11.2,5,0,0
90.07,16.0,0,0,0
145.33,15.5,1,1,0
22.87,14.1,1,0,0
48.67,15.9,2,0,0
2.0,11.5,0,1,0
133.99,0.0,0,0,0
7.18,0.0,3,0,0
5.19,2.2,1,0,0
4.31,17.2,5,0,0
7.25,23.5,0,0,0
3.43,16.9,0,0,0
5.74,9.8,1,0,0
46.22,7.7,1,0,0
14.84,14.7,3,0,0
63.11,5.7,3,0,0
42.65,6.7,3,0,0
25.92,20.3,2,1,0
11.66,6.1,1,0,0
81.19,22.0,1,0,0
63.56,17.5,2,0,0
42.98,32.3,3,0,0
216.94,4.2,3,0,0
7.24,15.1,3,0,0
94.28,15.6,2,0,0
4.19,17.4,0,0,0
30.64,9.6,0,0,0
102.25,9.1,1,0,0
32.24,4.5,0,0,0
30.97,0.6,1,0,0
163.79,10.0,0,0,0
16.04,8.3,1,0,0
9.37,6.6,4,0,0
14.2,15.2,2,0,0
17.34,23.8,0,0,0
2.0,23.7,3,0,0
224.13,1.8,2,0,0
92.98,2.8,1,0,0
295.86,64.2,4,1,1
55.39,12.2,0,0,0
93.04,11.6,2,0,0
63.4,16.3,2,0,0
102.87,2.6,2,0,0
6.52,19.5,0,1,0
318.16,13.0,6,0,0
135.23,11.8,1,0,0
98.28,19.3,3,0,0
102.95,0.0,2,0,0
13.26,18.9,2,0,0
19.11,24.8,2,0,0
28.79,16.9,0,0,0
13.32,6.2,3,1,0
32.97,28.1,2,0,0
6.39,16.5,2,0,0
31.84,10.3,1,0,0
102.25,8.0,0,0,0
241.83,6.6,2,0,0
254.19,14.3,2,0,0
17.08,17.3,1,0,0
9.62,7.7,1,0,0
83.97,0.0,1,0,0
215.14,16.5,3,0,0
40.98,14.4,1,0,0
23.91,6.4,3,0,0
75.74,0.0,0,0,0
22.57,16.9,2,0,0
168.86,21.0,0,0,0
14.9,9.2,0,0,0
143.98,16.9,1,0,0
150.82,2.2,1,0,0
27.4,17.2,3,0,0
65.94,3.1,3,0,0
57.6,17.3,2,0,0
31.66,19.5,3,0,0
178.16,9.9,2,0,0
76.53,8.0,0,0,0
27.05,19.4,3,0,0
112.23,14.1,1,0,0
30.5,10.1,2,0,0
15.65,29.0,1,0,0
101.01,27.6,0,0,0
62.92,20.4,2,1,0
74.95,4.0,2,0,0
2.61,16.9,3,0,0
34.7,3.3,2,0,0
60.04,7.1,1,0,0
36.14,11.1,1,0,0
4.53,14.0,1,0,0
3.47,35.1,3,0,0
24.61,4.8,0,0,0
12.09,14.2,0,0,0
15.23,15.0,0,0,0
28.01,11.0,1,0,0
32.97,9.6,0,0,0
24.39,17.7,2,0,0
82.16,8.0,3,0,0
25.79,15.3,1,0,0
125.53,0.0,0,0,0
43.97,20.7,3,0,0
13.01,21.7,2,0,0
43.91,23.4,1,0,0
181.3,16.9,2,0,0
314.56,115.1,6,1,1
122.05,16.1,2,0,0
49.03,14.0,5,0,0
49.34,4.4,1,0,0
181.87,28.2,2,1,0
164.78,15.9,1,0,0
3.87,5.3,1,0,0
16.72,0.0,2,0,0
2.61,12.9,3,0,0
33.5,18.3,4,0,0
124.43,7.1,2,0,0
4.91,8.8,0,0,0
57.36,15.2,1,0,0
19.27,0.0,2,0,0
132.95,14.8,3,0,0
64.88,3.8,4,0,0
138.29,16.0,1,0,0
27.65,11.9,1,0,0
102.63,10.1,1,0,0
56.49,9.5,3,0,0
62.19,18.9,3,0,0
25.27,1.9,4,1,0
211.1,22.4,4,0,0
55.91,11.9,1,0,0
47.4,7.0,2,0,0
34.59,2.2,2,0,0
4.6,6.7,3,0,0
28.72,0.5,1,0,0
392.87,2.3,0,0,0
11.93,15.7,3,0,0
117.31,15.8,3,0,0
155.94,13.8,0,0,0
41.38,10.1,2,0,0
23.71,5.7,1,0,0
277.47,19.5,0,0,0
178.61,9.9,3,0,0
34.26,28.7,2,0,0
16.12,18.8,1,0,0
37.87,14.3,0,0,0
55.97,14.5,3,0,0
30.68,20.7,2,0,0
258.5,19.7,4,0,0
92.81,14.4,1,0,0
227.73,10.0,0,0,0
4.53,6.7,0,0,0
16.35,5.8,5,0,0
38.55,9.8,6,0,0
270.44,11.5,0,0,0
27.26,0.0,2,0,0
6.99,5.8,2,0,0
190.27,15.0,0,0,0
10.67,11.6,2,0,0
3.06,18.8,2,0,0
99.02,15.5,4,0,0
39.01,12.0,1,0,0
88.46,9.1,0,0,0
17.22,19.6,2,0,0
382.96,22.6,0,0,0
83.4,13.7,3,0,0
70.39,21.4,1,0,0
20.35,15.5,1,0,0
50.59,13.8,0,0,0
58.13,11.0,2,0,0
2.0,2.3,1,0,0
3.89,13.0,1,0,0
74.58,0.0,0,0,0
13.82,13.8,1,0,0
2.99,6.4,2,0,0
74.11,10.8,2,0,0
42.77,18.1,0,0,0
13.63,16.2,2,0,0
76.66,0.0,1,0,0
11.37,0.0,1,0,0
29.38,24.6,1,0,0
113.99,13.7,0,0,0
5.2,16.1,2,0,0
2.0,15.2,0,0,0
23.0,2.3,2,0,0
10.69,10.4,1,0,0
98.48,5.7,1,0,0
2.06,30.7,2,0,0
10.91,5.8,2,0,0
189.42,20.3,1,0,0
146.39,6.2,1,0,0
6.22,17.5,2,0,0
73.57,0.0,1,0,0
20.69,3.0,2,0,0
272.3,6.8,0,0,0
3.13,8.3,1,0,0
79.94,14.6,3,0,0
4.51,15.3,2,0,0
10.36,6.4,1,0,0
24.97,17.0,2,0,0
98.37,8.2,0,1,0
21.88,0.0,3,0,0
2.14,13.8,0,0,0
4.67,16.7,0,0,0
32.24,10.4,1,0,0
52.68,4.9,0,0,0
26.05,17.1,0,0,0
86.67,5.0,2,0,0
83.54,6.6,1,0,0
56.72,0.0,2,0,0
2.15,21.5,0,0,0
49.71,9.1,4,0,0
215.18,17.8,3,0,0
130.41,2.3,2,0,0
23.78,14.5,1,0,0
134.3,16.2,0,0,0
13.12,0.0,1,0,0
14.54,9.9,1,0,0
61.76,7.3,0,0,0
20.83,12.3,1,0,0
117.1,19.4,0,0,0
26.77,0.0,2,0,0
6.24,7.9,3,0,0
56.88,12.5,2,0,0
25.57,18.5,0,0,0
84.99,1.9,2,0,0
105.4,8.3,2,0,0
50.05,4.4,1,0,0
19.28,8.2,0,0,0
2.0,9.9,1,0,0
40.56,9.1,1,0,0
46.03,22.5,0,0,0
45.46,13.2,2,0,0
16.08,13.4,0,0,0
60.15,15.1,2,0,0
14.71,34.7,0,0,0
117.24,2.8,4,0,0
17.39,0.0,1,0,0
50.52,12.3,2,0,0
115.08,21.3,1,0,0
20.41,11.9,2,0,0
22.93,25.2,2,1,0
64.79,9.8,1,0,0
84.43,23.1,4,0,0
137.99,10.1,2,0,0
63.35,23.8,0,0,0
2.0,1.5,1,0,0
86.11,8.8,0,0,0
51.08,12.0,0,1,0
66.68,10.3,1,0,0
163.68,10.2,2,0,0
25.69,17.1,2,0,0
55.71,12.8,3,0,0
118.06,28.7,0,0,0
64.95,7.5,2,1,0
4.95,9.5,1,0,0
107.99,20.8,1,0,0
18.95,0.0,2,0,0
70.8,23.8,1,0,0
2.0,0.5,2,0,0
58.09,6.2,4,0,0
136.95,40.0,2,1,1
57.64,21.2,1,0,0
75.79,13.1,2,0,0
17.94,26.7,3,0,0
81.22,13.2,2,0,0
50.0,110.3,5,1,1
2.0,9.1,0,0,0
51.08,25.7,1,0,0
235.96,9.4,1,1,0
79.36,4.0,1,0,0
106.07,1.7,3,0,0
61.51,13.3,2,0,0
61.67,18.0,1,0,0
47.48,11.7,0,0,0
79.1,0.0,1,1,0
28.88,14.4,0,0,0
6.24,21.1,2,0,0
5.31,10.0,1,0,0
2.29,14.8,2,1,0
32.68,8.5,1,0,0
130.03,20.3,3,0,0
30.72,28.7,1,0,0
47.58,16.7,1,0,0
213.68,17.9,0,0,0
103.4,3.1,2,0,0
7.1,7.9,2,0,0
7.35,5.5,2,0,0
85.86,6.1,1,0,0
98.81,17.6,0,0,0
7.03,10.4,5,0,0
62.37,15.9,0,0,0
38.14,10.7,0,0,0
70.86,13.1,2,0,0
31.79,24.8,4,0,0
3.09,27.5,3,0,0
62.66,18.3,0,0,0
55.17,8.8,3,0,0
2.0,20.0,2,0,0
83.22,17.5,3,0,0
124.97,15.0,0,0,0
27.51,21.2,1,0,0
230.26,0.0,3,0,0
34.13,9.3,1,0,0
14.55,30.7,0,1,0
16.25,13.4,2,0,0
64.9,26.7,4,0,0
310.15,21.7,1,0,0
129.11,14.9,3,0,0
101.67,14.4,0,0,0
55.18,11.5,0,0,0
58.42,16.1,1,0,0
63.91,0.0,0,0,0
12.03,7.7,2,0,0
44.1,6.4,1,0,0
7.87,5.7,4,0,0
55.1,13.8,2,0,0
171.8,14.5,3,0,0
66.87,26.7,1,0,0
6.12,9.6,3,0,0
6.32,3.8,3,0,0
483.71,4.0,5,0,0
105.09,1.7,0,0,0
59.29,11.0,1,0,0
56.5,17.4,0,0,0
32.35,1.6,1,0,0
177.21,14.7,2,0,0
63.68,92.4,8,1,1
75.72,18.0,4,0,0
9.44,10.0,1,1,0
46.72,29.9,0,0,0
69.84,15.9,2,0,0
58.47,6.1,4,0,0
176.43,24.9,0,0,0
2.0,19.7,1,1,0
45.74,18.1,1,0,0
49.82,4.5,2,0,0
242.47,13.8,2,0,0
147.61,13.6,1,0,0
36.25,16.5,0,0,0
133.54,17.3,1,0,0
21.35,12.6,1,0,0
5.21,0.0,1,0,0
2.0,10.5,0,0,0
7.48,0.0,3,0,0
37.24,7.8,1,0,0
36.69,11.8,1,0,0
54.87,13.1,1,0,0
11.98,21.1,2,0,0
4.27,5.9,3,0,0
69.87,16.3,2,0,0
37.32,20.7,1,0,0
21.16,12.2,2,0,0
33.41,14.9,1,0,0
76.21,17.4,3,0,0
186.1,5.9,2,0,0
65.99,18.2,3,0,0
103.5,12.3,0,0,0
57.25,18.9,1,0,0
156.12,0.0,3,0,0
59.96,16.0,4,0,0
89.61,9.0,1,0,0
3.35,0.0,2,0,0
26.47,0.0,3,0,0
6.45,14.5,3,0,0
105.48,5.5,0,0,0
19.41,17.3,1,0,0
26.9,0.0,1,0,0
66.93,16.5,3,0,0
82.59,0.5,1,0,0
133.22,20.0,1,0,0
2.76,11.0,2,0,0
58.52,13.5,3,0,0
147.18,5.1,0,0,0
27.74,17.7,1,0,0
227.66,16.7,1,0,0
105.55,0.0,2,1,0
69.05,11.5,3,0,0
46.52,19.5,0,0,0
16.19,11.5,1,0,0
3.22,17.9,0,0,0
101.19,21.7,0,0,0
8.17,9.0,1,0,0
24.15,2.9,5,0,0
12.09,16.9,1,0,0
111.17,1.3,0,0,0
97.11,13.5,1,0,0
71.84,15.6,2,0,0
143.6,6.3,3,0,0
88.28,17.2,3,0,0
34.69,20.7,4,0,0
20.35,8.0,1,0,0
53.87,3.5,2,0,0
313.54,2.6,2,0,0
87.33,2.9,2,0,0
61.24,1.0,3,0,0
54.45,5.1,2,0,0
117.09,4.6,2,0,0
70.49,15.4,2,0,0
23.3,17.6,2,0,0
8.55,13.4,4,0,0
18.34,2.9,2,1,0
118.65,6.1,0,0,0
77.21,11.2,1,0,0
28.31,15.9,5,0,0
70.47,17.4,2,0,0
9.22,28.8,1,0,0
8.47,0.0,1,0,0
110.55,11.9,1,0,0
12.84,5.7,4,0,0
47.62,17.7,2,0,0
142.69,10.9,1,0,0
5.58,17.1,1,0,0
39.31,8.0,0,0,0
62.39,20.4,0,0,0
87.03,3.4,1,0,0
84.14,10.7,0,0,0
9.97,0.0,1,0,0
83.55,17.5,1,0,0
1191.53,67.4,6,1,1
75.79,1.1,1,0,0
47.15,10.1,1,0,0
27.21,26.0,0,0,0
105.46,1.3,3,0,0
47.66,15.7,3,0,0
97.03,12.9,0,0,0
4.54,13.8,1,0,0
106.09,13.0,2,0,0
5.46,19.0,3,0,0
29.24,26.2,2,0,0
30.37,13.6,2,0,0
60.54,8.1,1,0,0
4.0,16.1,3,0,0
26.43,17.7,2,0,0
105.75,7.2,4,0,0
4.84,10.8,1,0,0
25.73,7.4,1,0,0
6.41,5.2,2,0,0
102.7,21.6,0,0,0
4.47,23.0,1,0,0
72.58,19.8,0,0,0
27.28,0.5,1,0,0
26.24,11.3,2,0,0
11.43,10.4,2,0,0
2.0,22.6,0,0,0
30.58,0.6,3,0,0
12.7,14.2,3,0,0
35.65,25.1,0,0,0
96.33,27.2,1,0,0
54.11,27.6,2,0,0
16.67,14.6,1,0,0
42.01,9.7,1,0,0
27.83,7.3,3,0,0
38.96,6.6,5,0,0
203.78,6.2,1,0,0
159.89,5.4,0,0,0
75.77,17.3,0,0,0
47.26,8.2,2,0,0
119.04,0.0,1,0,0
15.73,1.8,1,0,0
47.55,14.2,1,0,0
20.28,23.6,0,0,0
106.92,16.8,1,0,0
5.15,26.3,1,0,0
158.93,19.7,2,0,0
283.68,7.7,0,0,0
56.87,20.6,0,0,0
97.03,0.0,1,0,0
54.55,8.6,2,0,0
99.92,16.7,1,0,0
5.71,0.0,0,0,0
74.73,23.0,4,0,0
55.67,6.8,1,0,0
2.8,10.5,1,0,0
38.17,14.7,0,0,0
97.06,3.7,0,0,0
93.28,10.8,0,0,0
40.68,23.3,0,0,0
14.52,15.4,0,0,0
84.78,11.1,0,0,0
39.78,6.7,1,0,0
79.74,21.4,3,0,0
13.31,28.6,1,0,0
86.33,10.5,1,0,0
21.58,0.0,1,0,0
56.53,25.5,0,0,0
299.08,10.6,4,0,0
9.02,14.3,1,0,0
93.75,11.6,0,0,0
7.35,12.2,1,0,0
49.56,8.8,1,1,0
92.84,5.8,4,0,0
4.42,15.9,4,0,0
69.21,15.5,1,0,0
84.61,5.7,1,0,0
99.53,18.7,2,0,0
495.99,111.3,8,1,1
34.43,18.1,2,0,0
153.75,19.6,1,0,0
286.33,28.0,1,0,0
3.28,10.6,1,0,0
134.76,10.8,3,1,0
53.43,16.8,3,0,0
127.2,6.1,0,0,0
43.42,10.5,1,0,0
223.87,0.0,3,0,0
16.0,0.9,2,0,0
35.02,16.4,0,0,0
52.07,16.9,1,0,0
72.61,22.9,3,0,0
38.9,6.4,0,0,0
135.42,12.4,1,0,0
96.36,15.7,3,0,0
69.77,12.6,2,0,0
71.12,5.0,1,0,0
56.91,6.5,0,0,0
18.79,23.7,2,0,0
14.23,6.1,1,0,0
101.93,8.9,2,0,0
179.94,13.1,2,0,0
121.13,5.9,0,0,0
75.84,22.0,0,0,0
143.53,9.8,1,0,0
111.91,22.2,0,0,0
14.07,19.8,1,0,0
51.72,11.5,2,0,0
36.65,14.1,1,0,0
20.58,7.6,0,0,0
123.16,21.0,1,0,0
9.39,8.5,1,0,0
213.98,133.7,2,0,1
19.55,17.0,0,1,0
55.9,9.3,2,0,0
24.65,15.4,1,0,0
56.12,21.2,3,0,0
95.24,0.0,2,0,0
41.15,15.8,0,0,0
55.94,1.0,4,0,0
36.95,1.3,0,0,0
301.53,0.0,0,0,0
186.29,15.0,3,0,0
19.53,4.5,2,0,0
191.13,6.2,2,0,0
110.43,1.6,1,0,0
51.74,17.6,2,0,0
227.33,14.4,1,0,0
144.59,13.4,2,0,0
98.3,16.2,2,0,0
240.68,1.8,2,0,0
46.29,9.3,1,0,0
151.26,0.0,2,0,0
27.3,0.0,1,0,0
6.23,19.9,1,0,0
35.87,2.6,1,0,0
40.38,2.6,4,0,0
83.82,9.8,2,1,0
3.21,13.8,1,0,0
3.37,1.9,0,0,0
8.63,13.1,3,0,0
25.48,20.3,1,0,0
37.6,14.6,3,0,0
130.44,6.6,2,0,0
27.95,11.2,0,0,0
5.71,23.2,0,0,0
78.8,15.9,1,0,0
28.06,20.5,1,0,0
2.0,1.4,2,0,0
20.83,11.9,3,0,0
17.58,14.4,0,1,0
42.32,0.0,4,0,0
52.45,7.0,2,0,0
48.36,10.2,3,0,0
72.63,12.9,0,0,0
20.19,22.8,1,0,0
109.57,22.9,2,0,0
33.13,7.0,2,0,0
50.63,8.2,1,0,0
4.79,9.3,4,0,0
18.56,21.0,2,0,0
39.42,20.2,1,0,0
195.94,13.9,3,0,0
2.0,14.5,2,0,0
184.77,8.3,2,0,0
14.16,0.0,3,0,0
28.08,11.1,0,0,0
94.43,13.3,1,0,0
36.1,6.5,1,1,0
35.33,20.8,1,0,0
5.91,20.7,2,0,0
27.01,0.1,2,0,0
13.54,6.6,0,0,0
128.57,0.7,3,0,0
3.21,4.2,3,0,0
28.79,10.9,0,0,0
6.99,10.1,0,0,0
109.26,15.0,0,0,0
5.32,21.6,0,0,0
50.6,1.9,2,0,0
214.93,15.9,4,0,0
51.39,13.0,1,0,0
29.96,7.0,3,0,0
38.12,6.0,1,0,0
200.95,0.1,3,0,0
18.0,9.4,1,0,0
65.05,8.2,3,0,0
69.45,9.5,1,0,0
5.67,24.8,2,0,0
62.53,8.4,1,0,0
42.4,9.4,2,0,0
2.0,12.1,1,0,0
5.31,0.0,4,0,0
43.26,3.5,3,0,0
71.35,32.3,2,0,0
60.5,19.3,4,0,0
43.34,7.4,1,0,0
77.19,21.7,1,0,0
218.13,7.8,0,0,0
12.02,13.2,1,0,0
3.44,25.5,2,0,0
13.01,7.0,3,0,0
58.33,13.4,1,0,0
