maxillary_canine_width_mm,mandibular_canine_width_mm,inter_canine_distance_mm,mandibular_canine_index,dental_arch_width_mm,gender
7.05,7.31,26.08,0.2804,35.18,1
7.7,6.41,24.73,0.2594,29.79,0
7.26,6.98,27.01,0.2583,35.49,0
8.2,7.36,26.08,0.2821,31.26,1
7.96,7.16,28.23,0.2538,39.56,1
7.04,6.55,25.05,0.2614,37.55,1
8.95,7.82,27.79,0.2812,33.55,1
7.51,6.13,26.63,0.2304,32.68,0
6.51,6.23,26.72,0.233,32.47,0
7.83,6.59,23.32,0.2826,33.87,1
8.01,6.33,26.02,0.2433,36.08,1
7.46,6.55,27.33,0.2398,35.86,0
7.13,7.91,27.72,0.2854,38.21,1
7.24,5.96,28.06,0.2124,36.02,0
7.79,6.43,31.1,0.2069,33.96,1
7.68,7.16,25.1,0.2852,32.9,0
8.02,6.12,25.81,0.2371,33.88,0
8.04,6.92,28.63,0.2416,35.7,1
7.64,7.35,26.01,0.2825,35.45,1
7.54,6.18,25.6,0.2414,31.39,0
7.62,6.48,27.1,0.239,37.85,1
8.09,7.12,27.78,0.2562,38.43,1
6.7,6.0,26.84,0.2237,30.44,0
8.19,7.07,24.73,0.286,36.21,1
7.66,6.93,26.51,0.2615,37.25,1
7.31,5.24,25.47,0.2057,31.45,0
7.72,5.92,29.03,0.2038,37.42,1
7.84,6.67,25.95,0.2571,34.68,1
8.02,6.83,23.88,0.2861,33.47,1
7.56,5.49,27.63,0.1986,33.53,0
7.86,7.22,30.28,0.2386,34.18,1
7.81,6.84,25.51,0.2681,36.59,1
7.06,6.14,25.56,0.24,35.05,0
8.07,7.17,28.37,0.2529,35.12,1
8.43,7.0,27.33,0.2559,35.36,1
8.24,6.63,29.37,0.2257,33.04,1
7.68,6.08,24.97,0.2433,34.03,0
8.72,6.94,27.59,0.2515,35.52,1
7.16,6.51,25.18,0.2585,33.87,0
8.73,6.74,24.25,0.2778,35.34,1
6.46,6.26,26.72,0.2341,35.72,0
7.36,6.64,24.55,0.2704,32.36,1
7.6,6.53,24.25,0.2691,36.87,0
6.96,6.35,26.24,0.2422,31.32,0
6.8,6.54,24.91,0.2624,32.91,0
8.09,7.86,28.18,0.2788,38.18,1
7.37,6.69,25.97,0.2577,29.72,0
7.32,6.74,25.0,0.2697,32.5,1
7.29,6.84,23.44,0.2917,31.2,0
6.93,6.72,23.62,0.2847,30.88,0
8.04,6.15,24.26,0.2537,33.02,0
7.05,6.22,26.52,0.2344,36.66,1
7.37,5.7,24.61,0.2316,38.36,0
8.24,6.77,26.61,0.2543,31.87,1
7.04,6.62,25.84,0.2563,33.56,0
8.2,6.17,28.54,0.2163,35.17,1
7.33,6.58,28.02,0.2347,34.62,1
7.16,6.29,25.53,0.2463,33.09,0
6.74,6.14,26.32,0.2332,33.87,0
7.44,6.96,27.92,0.2492,34.54,1
7.7,6.72,28.87,0.2329,33.11,1
8.39,6.93,23.45,0.2953,32.39,1
8.07,7.38,25.5,0.2894,30.54,1
7.22,6.2,25.52,0.243,33.01,0
7.87,6.61,21.78,0.3033,32.22,0
7.56,6.61,25.98,0.2543,34.12,0
7.11,6.83,29.12,0.2344,36.03,1
6.85,6.54,25.6,0.2556,31.24,0
6.69,6.35,26.07,0.2435,33.03,0
6.55,6.15,24.22,0.2538,33.73,0
7.29,7.1,27.9,0.2545,36.99,1
6.75,6.73,27.34,0.2463,37.2,0
8.36,7.56,27.98,0.2703,37.58,1
7.65,6.63,26.69,0.2483,34.2,0
8.37,6.87,25.06,0.2743,30.68,1
7.58,7.78,27.94,0.2786,36.85,1
8.06,6.23,26.86,0.2321,34.46,0
7.38,6.16,27.15,0.2269,30.88,0
7.28,6.03,26.76,0.2253,28.99,0
7.73,7.32,28.76,0.2546,40.17,1
7.31,7.14,24.09,0.2964,34.29,0
7.84,6.45,26.27,0.2454,36.64,0
8.25,7.58,26.19,0.2895,33.12,1
7.74,6.49,30.58,0.2121,36.11,1
7.84,6.82,26.24,0.2601,33.14,0
7.0,6.47,22.89,0.2826,33.47,0
8.23,6.84,29.66,0.2307,31.03,1
7.7,6.99,26.78,0.2611,37.59,1
7.51,6.13,28.96,0.2117,38.35,1
8.22,7.25,30.28,0.2396,37.41,1
8.26,6.55,27.44,0.2387,32.16,1
8.01,7.24,27.92,0.2594,36.5,1
7.47,7.16,26.59,0.2691,37.67,1
7.84,7.68,26.93,0.2853,31.54,1
8.19,6.23,25.64,0.243,31.15,0
7.79,7.24,26.32,0.275,35.07,1
7.58,6.9,25.37,0.2719,33.97,1
7.07,6.36,24.42,0.2604,29.2,0
7.72,7.33,26.72,0.2743,38.35,1
8.12,6.19,26.64,0.2325,33.88,1
7.12,6.45,25.74,0.2507,35.4,0
7.35,7.16,29.9,0.2394,34.14,1
7.94,6.57,29.47,0.2229,37.14,1
7.57,7.74,28.3,0.2735,38.91,1
7.37,6.44,22.29,0.2889,36.92,0
8.7,6.52,27.64,0.2359,34.82,1
6.93,6.38,29.83,0.214,31.46,0
8.16,6.57,28.94,0.227,33.6,1
8.26,6.5,27.45,0.2366,34.9,1
7.5,6.08,22.2,0.2739,34.88,0
6.11,6.08,24.31,0.2502,34.18,0
9.05,7.56,25.71,0.2939,31.39,1
7.09,6.62,27.01,0.245,34.07,0
7.59,7.85,27.7,0.2833,34.69,1
7.33,6.35,25.03,0.2537,34.28,0
7.77,7.67,26.5,0.2893,33.31,1
7.7,7.49,25.93,0.2889,37.48,1
8.05,6.92,26.56,0.2608,34.66,1
7.52,7.39,24.26,0.3048,35.55,1
8.04,6.88,24.06,0.2858,35.14,1
7.53,6.86,28.65,0.2394,36.13,1
7.18,6.16,26.11,0.236,33.04,0
7.8,6.11,24.98,0.2444,32.28,0
7.57,6.11,24.63,0.248,33.76,0
7.86,6.31,26.77,0.2357,31.2,1
7.69,6.42,28.28,0.2269,33.01,0
7.82,6.71,29.72,0.2258,36.77,1
7.44,6.15,24.16,0.2547,31.69,0
6.85,5.76,25.62,0.2249,31.58,0
7.31,8.03,28.86,0.2784,36.82,1
8.41,6.33,25.61,0.2472,38.32,1
7.6,7.28,32.48,0.2242,33.53,1
7.15,6.79,26.94,0.252,35.71,1
7.59,6.21,23.73,0.2616,29.39,0
7.61,7.35,27.44,0.268,36.79,1
6.55,5.76,25.44,0.2263,33.73,0
7.36,7.29,25.48,0.2861,34.54,1
6.91,6.3,23.31,0.2701,31.34,0
7.08,6.12,26.6,0.2302,33.94,0
8.52,7.42,29.43,0.2523,34.17,1
7.67,7.06,30.52,0.2312,35.56,1
7.17,5.93,25.25,0.235,30.99,0
7.44,5.49,27.24,0.2014,33.14,0
6.1,5.45,25.7,0.212,33.25,0
7.77,6.98,23.3,0.2994,34.92,0
7.25,5.98,27.91,0.2144,35.68,0
7.67,6.81,27.17,0.2505,38.51,1
7.07,6.7,25.08,0.2673,33.06,0
7.21,6.19,26.78,0.2313,34.51,0
7.98,6.57,26.88,0.2446,35.82,0
7.79,6.6,23.79,0.2777,30.44,0
7.46,6.69,25.72,0.2599,31.78,0
6.64,6.35,27.64,0.2299,34.35,0
6.77,6.46,26.71,0.2416,37.36,0
7.27,7.43,24.91,0.2982,32.73,1
8.0,7.43,28.37,0.2619,36.03,1
7.44,6.3,25.92,0.2429,34.8,0
7.0,6.27,23.29,0.2691,31.98,0
7.75,7.31,25.94,0.2817,31.79,1
7.29,6.55,25.49,0.2571,35.79,0
7.32,7.07,29.15,0.2426,37.19,1
7.89,7.03,28.87,0.2436,36.61,1
7.67,7.11,27.33,0.2602,39.51,1
7.69,7.45,24.86,0.2995,33.33,0
7.79,7.59,27.18,0.2791,33.15,1
7.11,7.41,24.17,0.3066,35.02,1
8.76,6.19,27.14,0.2282,36.84,1
7.82,7.09,27.83,0.2547,32.38,1
6.76,5.87,26.22,0.224,35.93,0
7.7,6.2,29.09,0.2131,35.38,1
7.61,7.04,25.53,0.2757,32.53,0
8.73,7.34,27.46,0.2672,34.52,1
8.46,6.19,24.26,0.2551,39.84,1
9.8,7.52,27.15,0.2769,37.68,1
7.49,5.68,23.84,0.2382,31.65,0
7.32,6.59,24.24,0.272,31.0,0
7.17,6.63,25.65,0.2584,33.32,0
8.14,7.2,25.41,0.2833,30.91,1
7.32,6.03,24.83,0.2431,32.49,0
7.28,6.06,27.46,0.2207,32.42,1
7.31,6.59,27.71,0.2378,32.24,0
7.74,6.1,28.09,0.217,36.84,1
7.69,6.34,27.29,0.2322,35.17,1
7.27,7.22,26.69,0.2705,33.81,1
7.96,6.18,29.41,0.21,33.3,1
7.54,6.64,27.75,0.2395,36.12,1
8.58,6.45,27.03,0.2387,36.07,1
8.49,6.9,27.54,0.2506,33.36,1
7.65,6.44,24.98,0.2577,34.66,0
7.61,6.79,29.72,0.2286,35.63,1
6.71,6.47,28.0,0.2309,34.49,0
7.93,6.94,26.26,0.2644,32.1,1
7.21,5.67,23.39,0.2426,32.97,0
6.79,5.81,26.04,0.2232,32.5,0
7.48,6.43,23.12,0.2779,31.23,0
7.42,5.94,27.11,0.2189,33.9,0
7.7,6.82,28.58,0.2385,37.65,1
8.62,7.54,30.32,0.2486,35.84,1
8.34,7.24,26.02,0.2783,29.37,1
7.79,6.41,28.13,0.2279,28.63,0
7.52,5.51,25.65,0.2149,31.38,0
7.07,5.96,27.23,0.219,34.68,0
7.61,6.21,24.59,0.2523,33.17,0
7.52,6.67,23.19,0.2876,36.02,0
7.76,5.52,25.26,0.2186,34.19,0
6.93,6.47,27.04,0.2395,35.14,1
7.28,6.21,25.29,0.2456,33.59,0
7.33,6.54,25.56,0.2559,34.3,0
6.29,6.41,26.15,0.2451,33.69,0
7.46,6.41,28.44,0.2252,33.29,1
8.12,6.19,29.66,0.2087,35.47,1
7.92,6.21,29.53,0.2103,35.32,1
7.14,5.94,22.58,0.263,35.37,0
6.85,5.93,28.12,0.2111,35.79,0
8.0,7.27,25.61,0.2837,34.73,1
8.43,6.97,28.94,0.2407,37.21,1
7.18,6.83,27.95,0.2445,32.81,0
7.44,6.21,26.83,0.2314,34.31,0
6.73,6.76,28.9,0.234,36.12,0
7.98,6.77,26.01,0.2601,35.6,1
7.68,5.76,26.97,0.2135,33.88,0
7.22,7.21,26.56,0.2713,36.12,0
7.78,6.04,24.1,0.2505,31.64,0
7.86,7.49,28.31,0.2647,33.3,1
7.46,6.46,25.33,0.2552,35.82,0
8.26,6.75,24.89,0.2712,36.91,1
7.85,7.64,27.55,0.2772,34.15,1
5.89,5.96,26.8,0.2224,30.26,0
8.07,6.51,28.59,0.2277,32.49,1
7.47,6.46,24.08,0.2684,32.63,0
7.93,7.27,27.37,0.2655,35.75,1
6.8,6.4,24.24,0.2638,33.63,0
7.94,6.16,25.18,0.2447,34.42,0
8.73,7.78,24.88,0.3126,32.9,1
7.89,6.36,24.76,0.257,36.5,0
7.37,5.89,28.53,0.2063,32.74,0
7.57,6.3,25.49,0.2471,33.53,0
7.59,5.83,30.31,0.1922,37.29,1
7.53,6.4,26.89,0.2381,32.86,0
8.11,6.58,26.43,0.249,35.31,1
6.79,6.57,26.76,0.2457,38.41,1
6.94,6.36,26.31,0.2419,35.01,0
7.99,6.85,31.12,0.2202,34.32,1
8.01,7.36,25.55,0.2882,34.41,1
6.95,5.93,29.09,0.2037,32.98,0
7.52,6.47,24.66,0.2624,30.86,0
8.76,7.04,28.05,0.2511,35.65,1
8.54,7.11,29.07,0.2445,35.73,1
7.5,6.04,27.66,0.2182,35.94,0
8.41,7.33,26.43,0.2773,34.39,1
7.22,6.1,25.24,0.2418,35.9,1
7.67,7.5,28.7,0.2612,35.11,1
7.92,6.89,27.52,0.2505,35.86,1
7.73,6.93,29.83,0.2323,35.42,1
7.67,6.39,25.01,0.2556,35.34,0
7.73,6.56,28.9,0.2268,35.76,0
6.7,5.87,24.93,0.2356,31.48,0
7.4,6.48,27.22,0.238,31.82,0
6.96,7.01,23.0,0.3048,33.63,0
8.8,7.05,28.64,0.246,34.4,1
6.75,6.36,26.7,0.2384,32.33,0
6.98,6.71,25.52,0.2629,33.67,0
8.13,6.9,23.8,0.29,36.73,1
7.04,6.34,25.42,0.2496,30.12,0
6.91,6.03,25.18,0.2396,31.93,0
7.4,7.66,27.55,0.2782,38.65,1
8.31,7.52,28.37,0.2652,32.61,1
6.39,7.23,26.8,0.2698,32.72,1
6.74,5.75,25.3,0.2274,32.89,0
6.88,5.55,29.51,0.1879,32.53,0
7.48,6.0,24.56,0.2445,31.58,0
7.87,7.56,28.29,0.2672,31.02,1
8.18,6.68,27.32,0.2445,34.59,1
6.87,6.39,28.61,0.2235,35.36,0
8.47,6.71,24.17,0.2778,34.97,1
8.0,7.11,28.63,0.2485,35.72,1
7.21,6.43,24.65,0.2608,33.66,0
7.25,7.08,27.18,0.2606,35.22,1
7.68,6.68,24.77,0.2695,34.01,0
7.22,6.95,31.71,0.2193,36.95,1
8.49,6.6,23.72,0.2782,30.61,0
7.72,7.01,26.54,0.2642,39.37,1
7.93,6.89,28.69,0.2402,39.84,1
7.61,7.09,26.31,0.2694,35.17,1
6.45,6.52,25.19,0.2589,30.8,0
7.66,6.23,23.76,0.2622,34.51,0
7.59,6.78,29.27,0.2315,36.59,1
8.18,5.85,23.32,0.2509,32.45,0
8.16,6.76,30.41,0.2224,37.18,1
8.01,7.56,27.46,0.2753,39.79,1
6.75,6.39,25.78,0.2478,32.66,0
7.04,6.19,26.98,0.2293,35.72,0
7.0,6.0,26.41,0.2272,34.11,0
7.8,7.08,29.11,0.2433,36.56,1
7.18,6.09,28.49,0.2137,33.84,0
8.53,6.5,27.21,0.2387,36.11,1
7.98,6.17,25.24,0.2444,36.03,1
7.94,6.5,26.59,0.2446,34.82,0
6.99,6.06,26.37,0.23,32.74,0
8.66,7.64,25.87,0.2954,39.23,1
7.95,7.44,27.15,0.2742,35.31,1
6.36,6.47,26.4,0.2452,32.56,0
7.36,5.27,25.01,0.2106,32.82,0
7.83,6.76,27.32,0.2475,36.18,1
8.06,7.21,25.28,0.2853,35.69,1
8.17,7.36,22.47,0.3273,34.46,1
7.56,6.72,26.73,0.2515,35.91,1
7.83,5.92,23.67,0.2503,34.0,0
7.79,6.26,24.1,0.2597,30.73,0
8.67,6.78,29.41,0.2306,31.16,1
6.85,7.17,32.06,0.2237,30.97,1
8.71,7.35,26.64,0.276,36.86,1
7.62,7.58,26.78,0.2831,34.15,1
8.07,6.31,27.83,0.2269,33.28,1
7.89,6.44,28.63,0.2248,33.41,1
7.36,6.55,25.12,0.2608,31.15,0
7.73,7.52,29.15,0.2579,36.7,1
7.66,6.09,23.77,0.2563,34.12,0
7.58,7.02,27.76,0.2529,38.64,1
7.09,6.14,28.88,0.2126,33.66,0
6.84,6.6,23.74,0.2779,34.68,0
8.37,6.66,25.75,0.2585,31.25,0
7.42,7.31,27.07,0.2699,33.96,1
6.44,6.16,22.46,0.2741,33.13,0
7.79,5.76,25.02,0.2304,35.23,0
7.22,6.86,26.71,0.2569,36.52,1
6.82,5.88,26.73,0.2201,34.28,0
8.3,5.79,23.84,0.2429,33.32,1
6.99,6.04,26.76,0.2258,34.89,0
7.59,5.76,27.82,0.2071,32.42,0
7.39,6.46,26.24,0.2462,34.89,0
6.97,6.77,25.47,0.2658,34.49,0
8.35,7.4,25.5,0.2901,36.69,1
7.34,5.93,24.85,0.2388,35.62,0
7.48,5.56,21.92,0.2539,33.46,0
8.69,7.97,29.85,0.2671,35.7,1
6.92,6.55,27.05,0.242,35.3,0
8.06,6.66,25.11,0.265,35.41,1
8.0,6.9,28.31,0.2437,34.62,1
7.11,7.26,27.89,0.2603,31.81,0
7.78,7.42,25.17,0.2948,33.75,1
7.43,6.26,24.17,0.259,30.15,0
7.34,6.72,28.09,0.2393,37.11,1
8.19,6.93,28.5,0.243,31.25,1
7.42,6.56,23.45,0.2796,36.23,0
7.73,6.76,26.7,0.2533,33.79,0
7.49,6.81,26.69,0.2553,32.57,1
8.26,6.94,26.45,0.2624,36.41,1
7.26,5.73,23.87,0.24,35.37,0
8.06,7.14,29.15,0.2451,37.68,1
7.27,6.08,24.5,0.2483,35.15,0
7.16,5.67,23.57,0.2407,32.37,0
8.79,7.21,27.36,0.2636,35.89,1
7.27,7.1,27.14,0.2615,33.25,0
8.27,8.18,26.39,0.3101,34.82,1
7.23,7.07,26.43,0.2677,34.37,1
7.16,6.25,27.55,0.2268,35.76,0
6.76,5.93,27.61,0.215,33.16,0
7.57,6.1,23.88,0.2554,34.25,0
7.25,5.94,27.4,0.2169,34.31,0
8.02,7.16,26.98,0.2655,37.01,1
6.79,6.09,26.46,0.2302,30.25,0
6.81,6.65,23.15,0.2873,33.5,0
7.5,6.17,24.98,0.2471,34.58,0
7.11,6.59,27.75,0.2376,32.36,0
7.16,7.48,24.92,0.3002,34.28,1
8.18,6.43,27.0,0.238,34.54,1
6.45,6.06,24.98,0.2427,35.82,0
7.94,7.01,28.05,0.2501,35.95,1
7.45,6.72,26.39,0.2546,34.62,0
8.07,6.41,27.88,0.23,32.99,1
7.59,7.32,28.31,0.2587,32.93,1
7.51,5.89,25.51,0.2308,34.64,0
7.16,6.69,22.76,0.2942,32.35,0
8.87,6.76,25.78,0.2621,34.64,1
7.27,6.6,29.79,0.2217,35.22,1
7.92,7.68,24.69,0.3108,36.18,1
8.34,6.39,24.87,0.257,34.22,1
7.89,6.04,26.25,0.2301,36.32,1
7.18,6.62,25.14,0.2635,29.53,0
7.84,6.59,27.47,0.24,35.98,1
8.0,7.12,27.36,0.26,33.06,1
6.98,6.48,22.49,0.2882,32.54,0
7.07,5.7,25.81,0.2211,29.74,0
7.38,6.78,26.24,0.2582,32.97,0
7.56,5.19,24.35,0.213,32.9,0
8.43,6.29,26.78,0.235,35.64,1
8.75,6.95,25.37,0.2739,34.77,1
7.49,6.82,24.36,0.28,34.1,0
8.26,7.72,26.01,0.2968,37.52,1
7.31,5.99,23.82,0.2515,33.54,0
7.03,6.13,24.9,0.246,33.14,0
7.51,6.03,25.82,0.2335,34.73,0
7.25,6.27,24.14,0.2599,35.1,0
8.39,7.62,28.03,0.2718,36.2,1
7.05,6.24,25.69,0.2429,30.05,0
7.48,6.72,25.15,0.267,32.56,0
7.93,5.53,25.81,0.2144,36.43,0
8.18,6.31,26.41,0.239,35.8,0
8.14,6.47,27.87,0.2323,36.34,1
7.24,6.75,28.06,0.2404,33.14,0
7.64,6.89,26.46,0.2605,33.45,1
8.32,7.69,29.64,0.2595,34.11,1
8.85,5.87,27.05,0.2171,35.84,1
6.95,6.09,27.59,0.2207,32.27,0
6.58,6.27,25.47,0.2463,35.48,0
7.82,6.39,26.48,0.2411,35.53,0
7.77,6.44,25.32,0.2546,33.76,0
7.9,7.36,27.23,0.2701,37.24,1
6.95,6.16,23.88,0.2578,29.99,0
6.8,6.46,29.7,0.2175,31.21,0
7.5,6.78,23.49,0.2886,33.79,0
8.13,6.04,27.31,0.221,31.34,1
7.69,7.01,27.08,0.2589,35.86,1
7.92,6.91,28.91,0.2391,31.36,1
7.09,5.93,27.7,0.214,31.07,0
7.22,6.99,24.74,0.2826,31.21,0
6.79,5.7,28.48,0.2003,30.28,0
7.54,7.14,29.0,0.2464,36.03,1
7.78,6.23,29.6,0.2105,33.92,0
7.74,6.88,25.77,0.267,40.07,1
7.48,6.08,25.04,0.2427,36.3,0
8.04,6.31,26.22,0.2404,33.11,1
7.77,6.87,30.06,0.2285,34.46,1
8.06,7.17,25.53,0.2807,31.14,1
8.4,7.08,26.53,0.2668,33.98,1
8.07,7.86,28.94,0.2714,31.51,1
7.17,6.28,25.05,0.2506,35.24,0
8.51,7.4,26.91,0.2752,37.33,1
8.37,6.5,26.42,0.2461,32.37,1
7.57,6.5,30.41,0.2136,33.5,1
8.95,6.72,27.61,0.2436,36.7,1
8.44,7.38,29.86,0.2472,37.04,1
6.78,5.76,24.72,0.2332,32.37,0
7.82,7.64,25.5,0.2995,37.23,1
8.39,7.79,30.98,0.2513,35.39,1
6.28,6.26,25.54,0.2451,31.73,0
8.12,6.89,26.7,0.2579,36.86,1
7.75,6.67,23.41,0.2851,33.4,0
6.63,6.07,24.92,0.2434,32.95,0
8.08,7.15,26.63,0.2686,34.86,1
7.72,6.08,25.59,0.2375,34.09,1
8.08,7.3,27.55,0.2649,35.73,1
7.64,6.76,25.21,0.2681,34.15,1
7.65,7.23,27.08,0.2671,32.93,1
6.96,6.38,23.84,0.2675,32.93,0
7.17,6.29,26.18,0.2402,33.69,0
7.55,6.52,26.0,0.2508,32.01,0
7.45,6.53,22.32,0.2925,34.42,0
7.2,7.39,24.49,0.3018,40.37,1
7.4,6.22,28.31,0.2198,36.45,0
8.04,6.85,26.09,0.2626,33.29,1
7.45,5.53,23.06,0.2398,33.22,0
6.76,7.12,26.81,0.2655,36.01,1
7.13,6.39,23.2,0.2756,35.88,0
6.98,6.03,23.8,0.2533,31.94,0
8.08,6.3,25.43,0.2476,31.58,0
8.99,6.98,30.82,0.2265,36.07,1
7.83,7.18,26.97,0.266,35.21,1
6.99,5.75,21.62,0.266,35.28,0
7.27,6.63,25.26,0.2626,35.67,0
7.13,6.51,24.59,0.2648,31.8,0
8.69,7.18,27.92,0.2572,35.54,1
8.4,6.44,26.38,0.244,32.14,1
8.66,7.82,25.87,0.3022,39.33,1
6.8,6.7,24.48,0.2739,30.05,0
7.25,5.77,24.76,0.2332,30.65,0
7.25,6.73,25.27,0.2661,32.28,0
7.4,6.48,27.8,0.2332,29.76,0
7.44,6.52,29.94,0.2179,35.46,0
7.56,6.26,27.14,0.2306,33.43,0
8.21,6.99,26.86,0.2602,34.52,1
7.18,6.63,23.19,0.2857,31.38,0
6.41,5.98,26.57,0.2251,32.48,0
7.79,5.92,25.12,0.2358,31.07,0
7.17,6.13,25.36,0.2416,34.48,0
7.98,6.59,23.46,0.281,36.72,1
7.68,7.14,26.12,0.2732,32.09,0
7.49,6.26,24.17,0.2592,30.49,0
8.0,6.34,26.71,0.2374,33.98,1
8.25,7.2,27.43,0.2624,31.6,1
8.31,6.86,29.16,0.2351,34.39,1
8.05,6.96,27.19,0.256,32.45,1
7.41,6.66,25.28,0.2633,31.18,0
6.98,6.25,26.48,0.2359,31.89,0
6.57,6.06,26.42,0.2295,32.09,0
7.62,6.95,27.65,0.2513,35.39,1
8.1,6.7,24.77,0.2706,39.1,0
7.56,6.54,26.94,0.2426,35.57,1
7.54,6.37,24.2,0.2633,33.23,0
7.16,6.4,23.5,0.2726,33.1,0
7.98,6.88,25.88,0.266,34.77,1
7.03,5.85,27.83,0.2102,33.88,0
7.08,6.33,24.12,0.2624,29.86,0
7.23,5.93,24.11,0.2459,33.61,0
7.83,7.34,26.87,0.2732,32.5,1
8.37,6.81,28.36,0.24,33.53,1
7.47,6.66,24.59,0.271,32.37,0
7.22,5.18,24.23,0.214,33.83,0
8.0,7.8,24.91,0.3131,37.27,1
7.68,7.24,26.44,0.2737,36.55,1
8.53,7.49,27.06,0.277,38.28,1
7.36,5.66,26.9,0.2103,32.73,0
7.8,7.12,28.71,0.2481,30.75,1
8.26,6.57,28.56,0.2302,39.0,1
7.49,6.09,28.59,0.213,33.51,1
8.47,7.27,27.62,0.2632,36.72,1
7.33,7.05,27.2,0.2591,35.42,0
6.64,6.25,23.31,0.2683,32.27,0
7.52,5.39,23.27,0.2318,32.25,0
7.91,7.39,24.97,0.2959,35.38,1
6.97,6.59,28.31,0.2328,33.41,1
7.81,6.66,32.65,0.204,35.17,1
8.43,7.48,27.27,0.2741,38.25,1
7.06,7.05,26.01,0.2709,34.29,0
8.07,7.0,29.26,0.2392,36.87,1
7.68,7.73,27.58,0.2805,35.93,1
7.26,7.22,27.0,0.2675,34.56,1
7.54,6.86,26.3,0.2608,31.24,0
7.15,7.55,27.18,0.2776,31.32,1
7.08,5.72,27.47,0.2083,30.3,0
6.97,6.05,25.69,0.2356,32.69,0
7.31,7.23,27.95,0.2588,34.95,1
7.16,5.99,23.94,0.2501,34.13,0
7.97,7.18,26.0,0.2763,35.5,1
8.31,6.61,26.41,0.2502,34.18,1
7.32,6.09,27.46,0.2216,33.73,0
7.96,6.1,28.33,0.2152,36.18,1
7.47,5.93,24.39,0.2432,34.07,0
6.79,7.58,24.78,0.306,35.35,0
7.3,7.2,29.15,0.2471,35.12,1
8.48,6.86,27.1,0.2531,34.11,1
7.34,6.35,23.35,0.272,32.86,0
8.41,6.69,25.21,0.2654,33.85,1
8.4,7.6,31.62,0.2405,39.02,1
7.27,5.7,25.39,0.2246,32.36,0
7.34,6.11,26.23,0.2331,33.73,0
8.45,7.1,26.34,0.2697,33.17,1
7.16,5.93,24.16,0.2455,30.91,0
7.11,6.29,27.74,0.2266,30.54,0
7.9,6.63,26.18,0.2534,31.49,0
7.98,6.64,23.64,0.2809,28.31,0
8.95,7.0,27.13,0.258,33.68,1
7.31,7.2,29.24,0.2462,34.14,1
7.18,6.33,24.62,0.257,33.13,0
8.26,6.98,26.97,0.2587,36.04,1
8.13,6.16,28.45,0.2165,34.99,0
7.03,7.18,26.47,0.2714,34.25,1
8.3,7.19,28.21,0.255,37.05,1
7.11,6.53,24.16,0.2701,29.55,0
7.84,6.73,29.19,0.2304,33.57,1
6.91,6.84,27.65,0.2475,32.7,0
6.55,6.88,23.16,0.2968,33.25,0
8.6,6.88,25.29,0.2722,35.12,1
7.3,6.8,26.07,0.261,34.33,1
7.54,6.73,26.48,0.254,40.89,1
7.76,6.41,25.05,0.2558,33.36,0
7.52,7.69,28.92,0.2658,36.49,1
7.84,7.81,27.28,0.2865,36.13,1
7.56,7.18,27.43,0.2618,32.2,1
7.08,6.58,26.92,0.2444,32.38,0
7.84,7.12,28.49,0.25,37.56,1
7.46,6.4,27.14,0.2358,35.98,0
6.66,6.7,26.49,0.2528,30.19,0
8.43,6.68,29.69,0.225,32.84,1
9.1,6.65,28.84,0.2305,34.81,1
7.45,6.88,26.07,0.264,30.71,1
7.0,6.61,24.26,0.2725,32.72,0
7.0,7.27,29.14,0.2495,36.82,1
7.65,5.87,25.93,0.2264,35.28,0
7.72,6.66,24.47,0.2723,36.81,0
8.41,6.62,24.17,0.2737,34.51,0
7.77,6.88,25.96,0.2652,36.29,1
7.26,6.55,28.39,0.2307,34.62,0
7.59,6.14,24.21,0.2537,33.11,0
6.85,5.71,23.67,0.2412,33.9,0
6.95,6.63,25.82,0.2569,31.87,0
7.04,6.34,25.11,0.2526,30.77,0
7.74,5.49,30.3,0.1814,31.94,0
7.13,6.72,26.21,0.2565,37.66,1
7.36,6.82,27.57,0.2476,37.9,1
7.21,6.23,26.4,0.2358,31.89,0
7.46,6.59,22.23,0.2962,35.56,0
7.39,6.05,26.72,0.2263,37.81,1
8.42,7.18,27.15,0.2644,40.35,1
7.69,6.84,28.59,0.2393,35.51,1
6.62,6.43,25.14,0.2558,32.52,0
8.29,7.11,28.74,0.2474,36.2,1
8.06,6.56,25.86,0.2535,31.16,0
8.95,7.6,27.27,0.2787,36.15,1
7.47,6.45,25.59,0.2522,32.25,1
8.81,7.19,32.98,0.2181,36.55,1
7.35,7.0,28.42,0.2465,34.48,1
7.43,6.34,29.42,0.2153,33.71,1
6.98,5.85,28.72,0.2037,34.3,0
8.91,7.25,29.8,0.2433,34.44,1
8.11,6.89,27.67,0.249,34.25,1
7.14,6.55,25.66,0.2552,35.11,0
7.88,7.0,29.31,0.2389,35.49,1
8.26,6.94,28.88,0.2403,33.98,1
6.6,6.34,27.28,0.2323,31.91,0
6.69,6.78,26.74,0.2537,32.83,0
8.38,7.43,29.0,0.2564,34.12,1
7.24,6.52,26.29,0.2479,33.28,0
6.77,5.64,22.49,0.2509,29.08,0
6.93,5.93,27.06,0.219,34.05,0
7.55,6.35,27.3,0.2327,33.49,0
6.68,6.29,24.0,0.262,28.99,0
7.8,6.48,27.56,0.2353,33.18,1
7.22,6.7,25.21,0.2659,32.98,1
6.53,5.85,26.11,0.224,29.18,0
8.01,7.17,27.35,0.2622,38.64,1
7.17,6.72,24.19,0.2779,31.73,0
7.54,7.99,23.48,0.3404,37.57,1
7.37,6.98,26.17,0.2668,33.54,1
7.58,7.18,24.64,0.2915,36.1,1
7.48,5.75,23.79,0.2416,33.84,0
8.05,7.52,28.56,0.2632,33.47,1
8.11,6.82,28.69,0.2378,37.14,1
7.76,5.37,27.0,0.199,35.49,0
7.3,6.43,23.72,0.2709,34.79,0
7.05,5.9,26.14,0.2258,34.67,0
7.93,7.02,29.31,0.2394,33.25,1
7.74,6.21,26.36,0.2354,32.86,0
7.32,6.58,25.33,0.2597,32.17,0
8.09,6.61,28.65,0.2308,37.65,1
7.54,6.51,25.87,0.2515,35.1,1
6.84,6.99,24.18,0.2891,34.96,0
7.96,7.11,28.9,0.2461,35.9,1
8.11,6.96,23.65,0.2943,31.19,1
8.6,7.77,27.56,0.282,35.6,1
7.12,6.0,24.28,0.2472,32.15,0
6.75,6.83,26.02,0.2625,34.19,0
8.75,7.18,25.18,0.2851,38.34,1
7.82,6.34,24.37,0.2601,33.54,0
7.66,5.58,27.68,0.2015,33.6,0
8.2,7.41,26.71,0.2774,33.31,1
7.98,6.62,29.92,0.2213,33.4,1
7.09,6.32,26.34,0.24,33.44,0
7.0,6.31,25.89,0.2436,33.48,0
8.42,6.39,25.73,0.2484,33.66,1
7.1,6.58,24.22,0.2718,33.52,0
6.58,7.78,29.61,0.2626,38.81,1
7.75,7.51,26.28,0.2859,37.33,1
7.79,6.84,25.55,0.2677,34.24,1
8.06,6.46,23.21,0.2784,32.17,0
8.17,6.46,23.23,0.278,36.7,1
8.27,7.37,28.31,0.2603,39.28,1
6.87,6.64,26.73,0.2483,30.16,0
7.56,6.96,25.91,0.2685,33.43,0
7.98,7.06,26.66,0.2649,34.07,1
7.48,6.69,25.97,0.2576,38.62,1
7.1,6.73,23.21,0.2899,32.36,0
8.2,6.75,27.51,0.2453,35.1,1
7.0,6.08,25.65,0.2371,32.46,0
7.26,7.6,29.5,0.2575,35.86,1
7.56,7.15,26.37,0.2713,36.48,1
6.95,7.7,28.09,0.274,39.2,1
8.84,6.55,25.26,0.2593,38.74,1
7.32,6.64,24.32,0.273,35.51,0
6.77,6.04,26.44,0.2286,34.23,0
8.71,6.84,27.55,0.2483,34.03,1
7.83,7.28,28.76,0.2531,38.55,1
8.1,6.43,25.38,0.2533,39.66,1
8.23,7.02,26.91,0.2608,38.18,1
7.55,6.07,25.25,0.2405,36.17,0
7.39,6.99,25.27,0.2765,29.57,0
8.0,6.97,25.92,0.2691,29.0,1
6.8,5.74,25.4,0.2261,35.61,0
7.56,6.15,27.51,0.2236,32.45,0
7.24,5.69,26.43,0.2152,32.19,0
7.92,6.84,30.58,0.2236,35.35,1
6.84,6.56,27.36,0.2397,35.76,0
8.31,6.18,25.26,0.2446,33.45,1
7.5,6.52,26.36,0.2475,34.42,0
8.07,6.29,27.0,0.2328,33.92,0
7.05,6.74,23.0,0.2932,32.52,0
6.92,6.25,25.85,0.2417,34.65,0
7.84,7.01,31.08,0.2257,33.29,1
8.25,7.43,31.71,0.2343,35.82,1
7.82,6.86,30.47,0.2251,35.96,1
7.11,6.26,24.69,0.2534,36.33,0
8.65,6.91,26.65,0.2591,33.86,1
7.78,5.83,29.27,0.1993,38.01,0
8.11,7.19,27.64,0.2602,33.97,1
7.84,6.3,24.45,0.2575,33.97,0
8.39,6.96,27.02,0.2576,37.07,1
8.3,7.48,30.93,0.242,32.43,1
6.91,6.6,27.96,0.236,33.25,0
7.15,6.15,23.86,0.2579,32.56,0
7.46,6.34,24.44,0.2593,34.23,0
7.06,5.88,24.94,0.2359,31.04,0
7.2,6.4,24.51,0.2611,33.62,0
7.72,7.93,27.73,0.2861,37.42,1
7.92,6.6,29.28,0.2255,35.13,1
7.84,7.34,24.26,0.3027,36.63,1
8.09,6.86,24.36,0.2817,33.47,1
7.41,6.58,27.53,0.2391,33.88,0
7.56,7.09,27.96,0.2535,34.03,1
7.86,6.82,24.21,0.2818,34.88,0
7.7,7.2,25.0,0.2882,35.19,1
6.86,5.69,26.28,0.2164,34.12,0
7.44,6.42,25.31,0.2536,33.95,0
7.13,6.27,25.48,0.2459,33.85,0
7.24,6.45,25.83,0.2497,32.34,0
7.31,6.8,29.83,0.2278,33.24,1
7.63,5.84,26.45,0.221,33.18,0
8.0,7.07,27.02,0.2618,34.84,1
7.64,6.34,26.94,0.2355,33.6,1
8.13,6.56,24.74,0.265,33.09,1
8.21,7.5,28.18,0.2661,33.96,1
8.85,6.44,27.78,0.2316,36.92,1
7.14,6.63,30.38,0.2183,32.33,1
7.73,6.79,26.22,0.2589,33.62,1
8.42,7.81,24.55,0.3183,34.09,1
7.47,5.96,26.4,0.2258,33.04,0
8.26,6.96,32.68,0.2129,40.92,1
8.12,7.12,27.19,0.2618,32.98,1
7.31,6.81,23.96,0.2844,30.97,0
7.75,6.78,28.08,0.2414,31.43,0
7.32,6.81,28.4,0.2397,33.61,1
8.26,7.35,26.43,0.2779,38.44,1
7.64,7.74,25.9,0.2989,33.55,1
7.99,7.3,24.71,0.2956,38.34,1
7.81,6.09,24.46,0.2491,32.92,0
7.37,6.2,26.25,0.2361,31.4,0
6.98,6.16,25.65,0.24,37.0,0
7.78,5.89,29.91,0.1968,38.09,1
8.1,7.72,31.5,0.245,35.92,1
7.3,5.99,23.6,0.254,34.86,0
7.61,6.53,25.46,0.2563,31.31,0
6.89,6.66,24.67,0.27,32.49,0
7.45,6.45,25.57,0.2522,31.8,0
6.98,5.49,28.15,0.195,28.81,0
7.5,5.47,24.2,0.2259,34.01,0
8.22,6.65,29.5,0.2255,35.7,1
8.06,6.68,28.46,0.2348,33.94,1
6.96,7.6,28.75,0.2643,34.27,1
7.83,6.22,28.0,0.222,33.74,0
7.18,6.75,25.15,0.2685,28.37,0
8.45,7.35,27.49,0.2673,36.83,1
8.1,7.12,25.83,0.2758,38.47,1
7.58,6.51,25.5,0.2551,32.59,0
7.7,6.16,25.21,0.2445,34.18,0
7.94,7.08,28.12,0.2519,33.8,1
8.94,6.86,30.61,0.2242,33.52,1
8.52,5.93,27.69,0.2143,32.42,1
8.02,7.07,33.0,0.2142,35.5,1
8.24,7.13,28.92,0.2466,35.05,1
7.98,7.02,28.0,0.2507,39.23,1
6.85,6.44,27.3,0.236,32.52,0
6.72,6.18,25.82,0.2393,35.91,0
8.16,7.57,26.37,0.287,31.99,1
7.01,6.54,28.59,0.2287,33.07,0
7.95,6.75,24.6,0.2745,37.88,1
6.3,5.94,25.33,0.2345,32.29,0
7.51,7.3,27.74,0.2631,35.9,1
7.17,6.88,23.47,0.293,33.72,0
7.93,6.34,25.88,0.2451,35.39,1
7.03,5.77,26.43,0.2184,33.86,0
8.42,7.31,26.73,0.2734,34.13,1
8.35,6.51,24.93,0.2613,39.34,1
7.58,6.2,26.18,0.2367,31.93,0
7.19,7.06,28.55,0.2472,35.94,0
7.35,6.59,25.85,0.255,35.36,0
7.68,6.45,26.25,0.2456,35.94,0
8.19,6.31,27.66,0.2282,33.3,0
7.99,7.22,28.11,0.2568,35.38,1
7.25,6.36,26.36,0.2413,31.22,0
8.26,7.61,26.94,0.2824,39.56,1
7.64,6.73,25.31,0.2661,35.98,0
7.88,7.05,27.3,0.2584,35.34,1
7.46,6.33,26.92,0.235,33.8,0
8.46,7.38,28.48,0.2591,31.83,1
7.74,6.19,23.34,0.265,32.38,0
7.25,7.32,27.38,0.2674,34.32,1
7.47,6.74,26.85,0.251,31.58,1
6.66,7.47,24.97,0.299,33.33,1
6.61,6.73,23.36,0.2881,31.59,0
7.37,6.52,24.3,0.2682,32.72,0
7.61,6.24,28.64,0.218,34.23,1
8.33,7.05,30.39,0.2321,36.53,1
8.55,6.45,30.13,0.214,38.41,1
7.55,6.84,28.26,0.242,34.29,1
7.21,6.4,26.13,0.2449,34.4,0
7.74,5.88,26.05,0.2258,34.32,0
8.6,7.35,24.37,0.3017,33.82,1
8.18,6.98,29.31,0.2382,34.71,1
7.47,6.79,27.38,0.248,35.76,1
8.05,7.27,28.15,0.2581,36.59,1
7.46,6.42,25.35,0.2533,35.08,0
7.87,6.92,26.45,0.2615,32.78,1
8.02,6.32,23.96,0.2638,32.81,0
8.56,6.55,26.31,0.2489,31.26,1
7.82,6.4,27.21,0.2351,37.3,1
6.77,6.75,23.8,0.2837,31.75,0
8.18,6.19,23.54,0.263,34.81,0
8.32,7.33,28.57,0.2565,38.33,1
7.6,6.36,26.2,0.2429,33.13,1
8.33,7.89,25.18,0.3133,28.39,1
8.28,6.78,27.43,0.2472,31.93,1
6.86,5.89,21.36,0.2756,34.52,0
6.78,6.05,26.43,0.229,35.04,0
6.57,5.9,26.55,0.2223,30.2,0
8.78,6.75,23.02,0.2932,34.14,1
7.41,7.04,28.21,0.2495,34.7,1
8.05,6.88,27.3,0.252,35.42,1
7.42,6.6,23.36,0.2826,35.72,0
6.97,6.14,27.34,0.2244,34.31,0
6.56,6.59,26.48,0.2488,34.19,0
7.55,5.35,24.6,0.2174,29.65,0
8.08,7.53,27.4,0.2748,33.28,1
7.92,6.55,27.33,0.2398,32.79,0
7.24,6.57,26.12,0.2515,33.54,0
8.06,7.12,28.24,0.2521,36.62,1
6.69,5.43,24.73,0.2197,32.31,0
7.34,5.5,28.44,0.1934,34.18,0
7.55,7.14,29.25,0.2442,38.82,1
6.45,6.05,24.23,0.2498,32.01,0
7.57,6.76,25.36,0.2667,34.5,1
7.71,6.49,25.05,0.2592,32.9,0
8.15,6.72,26.69,0.2518,34.82,0
7.9,6.32,25.45,0.2484,34.79,0
7.28,6.72,25.42,0.2643,32.66,0
7.15,6.22,26.53,0.2346,32.4,0
7.01,5.85,22.22,0.263,36.75,0
7.85,6.55,24.12,0.2717,34.64,1
8.67,6.64,27.21,0.2439,36.37,1
7.01,6.97,25.83,0.2699,32.81,0
8.52,7.21,26.5,0.2722,38.0,1
6.37,6.79,25.08,0.2707,33.5,0
7.64,7.33,25.93,0.2828,38.32,1
7.47,7.81,26.89,0.2904,35.43,1
6.54,6.07,22.88,0.2653,30.9,0
8.04,7.87,25.6,0.3075,35.41,1
7.24,6.77,29.5,0.2295,36.67,1
8.51,7.04,26.14,0.2691,32.96,1
6.67,5.77,27.09,0.2131,33.45,0
7.2,6.61,24.26,0.2725,34.25,0
7.5,5.93,23.79,0.2491,33.3,0
7.08,6.59,25.76,0.2556,33.43,0
7.56,7.46,28.5,0.2616,35.55,1
7.64,7.25,27.16,0.2668,34.31,1
8.0,6.2,25.53,0.2428,37.23,0
8.22,5.9,22.83,0.2585,30.02,0
6.53,6.28,22.66,0.2772,33.73,0
6.91,6.53,28.13,0.232,35.26,0
6.08,5.53,26.32,0.2102,33.44,0
7.65,6.66,24.03,0.277,31.89,0
7.52,6.88,22.5,0.3058,32.87,0
8.97,7.19,28.01,0.2568,32.97,1
8.41,6.9,27.42,0.2515,34.72,1
8.14,6.45,26.55,0.243,32.98,1
7.9,6.71,28.52,0.2353,33.25,1
7.24,6.04,22.36,0.2702,32.39,0
7.13,7.61,27.78,0.2739,38.06,1
7.48,6.28,24.29,0.2586,33.45,0
6.64,6.16,26.66,0.231,32.67,0
6.25,6.24,23.59,0.2647,31.73,0
6.41,6.76,23.75,0.2846,29.34,0
7.2,6.01,27.01,0.2225,31.54,0
7.26,7.04,24.48,0.2874,34.96,1
7.2,6.43,23.57,0.2729,33.36,0
6.96,6.75,26.01,0.2595,33.9,0
8.36,6.92,30.47,0.2272,35.2,1
8.48,7.62,31.97,0.2385,40.25,1
7.64,5.79,25.13,0.2303,31.02,0
7.25,6.29,27.75,0.2266,31.35,0
8.21,7.29,25.24,0.2889,38.22,1
7.28,6.07,28.05,0.2165,29.78,0
7.71,6.44,23.59,0.2728,31.4,0
7.72,7.23,27.69,0.2612,33.53,1
7.21,6.8,26.43,0.2574,35.41,0
9.16,6.62,25.69,0.2576,33.74,1
7.1,6.58,25.5,0.2581,28.33,0
7.55,7.35,27.79,0.2644,37.7,1
8.76,6.82,26.31,0.2591,34.71,1
7.78,7.05,26.38,0.2674,30.55,1
7.67,6.53,24.61,0.2655,33.72,0
7.38,6.46,27.39,0.2358,31.6,0
7.65,6.3,26.17,0.2409,34.68,0
7.7,6.54,28.06,0.2331,38.07,1
7.22,7.18,25.21,0.2848,37.06,1
7.64,6.27,27.13,0.2313,31.32,0
7.28,5.87,25.4,0.2311,30.89,0
8.15,6.76,26.92,0.251,32.4,1
8.01,7.13,26.49,0.2694,38.34,1
7.2,6.67,26.53,0.2516,37.54,1
7.49,6.54,27.29,0.2398,38.04,1
6.83,5.71,25.73,0.222,31.22,0
8.05,7.28,26.94,0.2702,35.15,1
7.39,6.49,27.64,0.2349,32.58,0
7.17,6.6,24.37,0.2708,32.45,0
7.21,6.33,22.27,0.2844,32.92,0
8.29,6.35,23.55,0.2696,33.39,0
8.28,7.09,28.83,0.2458,35.96,1
7.46,6.41,23.76,0.2698,33.23,0
6.87,6.02,27.76,0.2169,31.56,0
7.05,6.19,27.17,0.2279,34.36,0
8.06,6.86,27.62,0.2482,36.19,1
6.83,6.84,25.35,0.2698,34.1,0
7.46,6.6,30.5,0.2164,32.72,1
6.98,5.74,25.68,0.2236,32.19,0
7.27,6.42,25.6,0.2509,34.36,0
7.66,6.28,29.03,0.2164,32.16,0
6.4,6.27,24.22,0.2589,30.97,0
7.68,5.7,22.46,0.254,29.72,0
7.68,7.48,24.47,0.3055,36.8,1
8.16,6.81,26.4,0.2578,37.74,1
7.39,6.7,22.86,0.2929,33.1,0
7.2,6.48,25.01,0.2592,34.26,0
8.11,6.96,30.3,0.2298,37.4,1
8.45,7.29,26.48,0.2753,34.41,1
8.01,6.95,30.8,0.2256,34.06,1
8.15,7.76,25.97,0.2988,37.6,1
7.0,6.36,25.35,0.251,32.43,0
7.24,6.72,23.84,0.2817,35.2,0
7.87,6.31,24.3,0.2596,30.91,0
7.62,5.79,23.58,0.2457,34.21,0
8.49,6.68,27.6,0.2421,34.55,1
7.35,6.41,27.03,0.237,33.39,1
7.24,6.56,24.49,0.268,32.0,0
7.86,7.48,28.59,0.2616,34.6,1
8.15,7.63,26.15,0.2918,33.65,1
6.76,5.86,25.9,0.2264,31.85,0
8.29,6.58,27.39,0.2403,38.55,1
8.11,6.54,28.13,0.2325,34.94,1
7.43,6.96,24.63,0.2827,33.58,0
7.84,7.44,28.42,0.2618,34.68,1
7.11,6.65,26.32,0.2525,31.97,0
7.4,6.77,25.87,0.2618,38.07,1
8.56,7.04,25.55,0.2756,35.63,1
6.36,6.31,26.51,0.2381,28.94,0
7.56,6.85,24.3,0.2819,33.49,0
7.46,6.58,24.99,0.2634,32.78,1
7.25,6.86,24.22,0.2832,31.51,0
8.19,6.67,25.11,0.2655,35.26,1
9.43,7.1,26.0,0.2731,33.73,1
7.53,6.22,26.79,0.2321,33.24,0
7.28,6.74,28.94,0.2329,33.82,1
8.72,6.51,24.4,0.2669,36.43,1
7.52,6.29,24.18,0.2603,35.06,0
7.83,6.03,23.99,0.2513,33.23,0
6.92,6.32,27.45,0.2303,34.03,1
7.8,6.7,27.8,0.2409,36.4,1
7.51,6.37,24.94,0.2555,32.62,0
7.02,5.95,23.54,0.2529,30.18,0
6.96,5.65,26.19,0.2158,34.19,0
8.81,7.47,24.74,0.3021,37.29,1
7.42,6.08,25.22,0.2409,35.51,0
8.33,7.54,27.37,0.2756,34.35,1
6.99,5.86,27.25,0.215,34.38,0
7.52,7.23,26.26,0.2754,33.42,1
7.31,6.35,24.37,0.2606,32.0,0
6.9,6.56,25.45,0.2578,36.87,0
8.18,7.01,27.59,0.2541,33.26,1
8.58,6.7,29.39,0.2279,36.51,1
8.0,6.32,25.72,0.2458,35.01,0
8.35,6.84,27.3,0.2504,36.68,1
7.28,6.87,28.79,0.2386,33.64,0
6.71,6.4,24.4,0.2624,32.97,0
7.69,6.52,27.37,0.2381,32.73,0
7.53,6.54,24.75,0.2642,33.38,0
7.14,6.57,25.89,0.2539,34.56,0
7.46,5.98,24.84,0.2407,33.52,0
7.33,6.53,25.76,0.2537,34.38,1
7.08,6.12,27.13,0.2257,31.59,0
7.6,7.09,28.36,0.2501,33.88,1
7.68,7.44,28.3,0.2628,35.46,1
7.51,6.41,25.59,0.2505,33.46,0
7.24,6.9,24.96,0.2764,34.57,0
7.56,6.77,27.45,0.2467,30.8,0
6.63,6.89,23.24,0.2966,32.27,0
6.71,6.24,27.94,0.2234,36.01,0
7.01,5.97,25.06,0.2382,30.53,0
7.19,6.75,28.0,0.241,33.5,0
7.21,7.71,27.08,0.2847,33.5,1
8.07,8.0,30.55,0.2619,34.25,1
7.45,6.1,27.54,0.2216,37.37,1
7.81,6.26,22.89,0.2735,33.57,0
6.84,6.44,29.42,0.2191,31.0,0
7.65,7.24,26.12,0.2771,36.9,1
7.34,6.0,26.7,0.2247,32.72,0
6.5,6.52,24.12,0.2702,32.4,0
7.35,6.66,25.4,0.2622,29.86,0
6.77,6.69,26.85,0.2492,33.93,0
7.52,7.17,27.47,0.261,37.36,1
7.76,7.8,24.81,0.3141,35.39,1
7.36,6.84,29.82,0.2293,34.17,0
8.18,6.59,29.42,0.2241,38.13,1
7.05,6.78,25.54,0.2654,36.39,0
6.57,5.93,26.27,0.2258,29.41,0
6.9,5.9,24.26,0.2431,35.41,0
7.72,6.62,26.63,0.2487,33.81,1
6.97,6.2,22.79,0.272,34.02,0
8.03,7.34,26.22,0.2798,35.29,1
7.38,6.52,24.38,0.2675,30.86,0
8.03,5.58,27.07,0.2062,29.89,0
8.39,6.9,27.47,0.2513,34.81,1
7.43,6.29,27.3,0.2305,32.29,0
7.05,5.73,25.22,0.2271,30.9,0
7.69,7.84,26.98,0.2905,35.92,1
6.28,7.06,27.34,0.2583,29.87,0
7.97,7.43,23.65,0.314,31.04,1
7.49,7.0,25.84,0.271,33.48,0
6.8,6.56,27.2,0.2411,34.11,0
6.97,5.92,24.41,0.2426,33.99,0
7.43,6.57,26.71,0.2461,29.0,0
7.79,6.45,27.02,0.2387,34.27,0
7.61,7.2,24.9,0.2893,37.01,1
7.1,6.27,23.76,0.2639,34.45,0
7.39,6.24,26.07,0.2394,30.58,0
7.58,6.44,25.78,0.2498,30.96,0
8.02,6.58,26.06,0.2526,37.64,1
7.48,7.26,27.0,0.2689,37.67,1
7.19,7.19,27.45,0.262,36.79,1
8.55,7.36,29.02,0.2536,34.54,1
7.3,7.19,23.78,0.3023,33.82,0
6.56,6.72,22.86,0.2938,34.19,1
7.13,7.15,24.45,0.2924,30.03,0
7.84,7.54,24.53,0.3075,35.53,1
7.92,7.16,24.03,0.2979,36.97,1
7.26,6.46,30.29,0.2133,34.43,1
8.24,7.41,27.54,0.2691,35.41,1
7.94,6.8,24.71,0.2751,33.8,0
8.04,7.44,26.78,0.2779,32.77,1
7.95,5.97,27.47,0.2172,29.03,0
8.24,6.07,24.66,0.246,32.09,0
7.87,6.89,31.9,0.216,37.19,1
8.38,7.27,23.25,0.3125,36.49,1
7.4,6.12,24.9,0.246,34.03,0
7.44,6.42,26.3,0.244,30.81,0
9.21,6.29,24.79,0.2539,39.61,1
8.1,6.78,26.06,0.2601,37.95,1
7.55,5.88,22.05,0.2668,34.3,0
7.97,6.37,27.4,0.2325,30.76,0
7.9,7.15,29.54,0.2421,37.08,1
7.58,5.97,24.71,0.2414,33.66,0
8.24,6.84,28.1,0.2434,39.17,1
6.54,5.98,24.34,0.2456,33.68,0
7.54,6.52,27.89,0.2337,35.12,0
8.18,6.51,27.47,0.237,35.08,1
7.5,6.63,24.59,0.2695,39.49,1
7.93,6.99,28.82,0.2424,34.78,1
8.04,6.68,31.06,0.2151,37.55,1
7.72,6.25,22.36,0.2796,34.62,0
7.01,7.33,26.03,0.2814,35.78,1
8.19,6.91,24.68,0.2798,33.7,1
8.46,7.52,28.0,0.2685,34.98,1
6.98,7.06,31.33,0.2253,33.58,1
6.84,6.51,26.32,0.2475,31.25,0
7.8,7.35,26.34,0.2791,34.68,1
8.16,6.42,24.52,0.2619,36.78,0
7.09,6.51,25.76,0.2527,31.97,0
6.79,6.31,25.03,0.2519,30.61,0
8.12,6.84,25.18,0.2715,34.06,1
7.76,6.49,24.85,0.2609,29.74,0
7.55,6.74,28.97,0.2326,35.03,1
8.22,7.43,29.6,0.251,36.0,1
7.03,6.38,26.54,0.2402,34.38,0
7.93,7.14,29.55,0.2417,34.49,1
7.06,6.11,26.39,0.2317,34.02,0
8.1,6.7,25.13,0.2666,27.64,1
7.36,7.22,23.97,0.3012,37.12,1
7.16,6.41,27.54,0.2327,32.24,0
8.71,6.43,26.07,0.2468,35.79,1
7.01,5.79,24.89,0.2325,32.65,0
6.03,6.3,25.57,0.2462,33.55,0
7.12,7.41,27.95,0.265,35.23,1
7.77,6.63,31.99,0.2073,33.65,1
7.64,6.39,27.36,0.2335,34.18,1
7.15,6.09,22.28,0.2733,31.85,0
8.05,6.4,25.05,0.2557,30.96,0
7.46,7.21,29.78,0.2422,33.96,1
7.7,6.42,26.53,0.2419,34.16,0
7.56,6.37,27.25,0.2338,35.32,1
8.06,7.06,28.67,0.2462,39.37,1
7.91,5.61,26.14,0.2147,32.82,0
7.74,6.27,27.95,0.2244,34.21,1
8.13,6.91,27.96,0.2473,31.35,1
7.48,5.76,27.09,0.2126,34.63,1
7.74,7.12,23.99,0.2968,35.5,1
6.77,6.81,26.13,0.2605,34.4,0
8.23,6.72,25.12,0.2674,36.12,1
7.26,6.84,24.76,0.2762,32.2,0
7.93,7.13,29.62,0.2407,32.4,1
6.83,6.06,28.99,0.209,34.2,0
7.17,5.95,23.79,0.2503,36.7,0
7.83,7.72,27.93,0.2763,37.01,1
7.55,7.51,25.64,0.2928,33.36,1
8.1,6.9,28.61,0.2411,34.86,1
6.95,5.91,25.03,0.2363,33.76,0
7.85,7.37,27.82,0.2651,39.93,1
7.33,5.56,26.3,0.2113,32.87,0
8.0,6.18,26.98,0.2292,33.4,0
7.0,5.93,25.21,0.2353,32.03,0
7.78,6.28,22.0,0.2854,32.15,0
6.95,6.78,25.65,0.2643,32.27,0
7.72,7.15,31.5,0.2271,31.43,1
8.08,6.98,24.32,0.2872,33.34,0
6.97,6.66,23.44,0.284,31.86,0
8.33,7.02,25.55,0.2746,36.59,1
7.96,7.04,27.57,0.2553,37.19,1
7.54,6.8,25.74,0.2641,34.81,0
7.38,6.46,24.97,0.2587,38.05,1
7.28,6.44,25.21,0.2557,35.03,0
7.23,6.4,27.36,0.2338,30.48,0
7.36,7.0,24.88,0.2815,37.74,1
7.64,7.08,30.01,0.2358,32.48,1
8.14,7.46,24.15,0.3088,32.24,1
7.18,6.74,27.74,0.2431,31.29,0
8.32,6.62,23.35,0.2837,33.06,1
8.42,5.88,26.08,0.2253,32.84,0
8.29,6.92,29.94,0.231,36.47,1
8.42,7.06,26.79,0.2635,35.02,1
8.56,6.88,29.38,0.234,36.04,1
7.16,6.56,25.89,0.2536,35.38,0
7.8,7.37,29.61,0.2487,31.55,1
8.04,7.38,26.16,0.2819,35.08,1
7.83,6.73,25.87,0.2603,36.58,1
7.72,7.3,29.35,0.2486,34.57,1
7.61,7.14,28.74,0.2485,36.75,1
7.06,5.94,25.56,0.2326,33.2,0
7.93,6.57,26.24,0.2504,33.89,0
7.48,6.1,25.77,0.2365,32.85,0
7.35,5.37,22.66,0.2368,33.06,0
7.98,7.48,28.85,0.2594,36.0,1
7.48,6.43,26.08,0.2466,34.37,0
8.34,7.07,23.96,0.2953,33.88,1
7.41,6.39,28.98,0.2206,34.36,1
7.27,5.99,27.31,0.2192,34.68,0
8.64,6.9,26.39,0.2615,36.46,1
7.08,6.39,25.9,0.2468,33.29,0
6.81,6.4,24.84,0.2579,35.09,0
6.88,6.99,27.13,0.2575,30.36,0
8.5,7.06,26.4,0.2676,33.23,1
6.64,5.45,27.32,0.1996,33.04,0
7.76,6.23,25.8,0.2413,29.65,0
7.96,7.17,27.13,0.2643,32.63,1
8.86,7.25,29.41,0.2466,34.21,1
7.34,7.28,28.01,0.2598,33.88,1
7.04,6.66,25.24,0.2641,33.74,0
7.78,7.27,28.26,0.2573,33.2,1
7.76,6.41,24.59,0.2606,33.75,0
8.49,6.91,25.52,0.2707,34.39,1
6.71,5.84,24.29,0.2404,35.02,0
7.44,6.23,25.15,0.2478,30.54,0
7.62,6.61,28.22,0.2343,34.28,1
6.45,5.51,27.03,0.2037,34.35,0
7.78,5.93,22.05,0.269,34.49,0
7.76,6.59,27.01,0.2438,33.77,1
8.63,7.3,24.2,0.3016,34.01,1
8.19,5.94,24.26,0.2447,36.98,1
8.15,7.21,25.87,0.2789,34.86,1
7.25,6.15,24.48,0.2512,32.44,0
7.63,6.8,24.28,0.2799,29.44,0
7.93,5.52,24.14,0.2285,30.77,0
8.23,7.37,28.21,0.2612,36.2,1
7.58,6.08,27.82,0.2184,32.98,0
7.89,6.05,26.1,0.2319,31.24,0
6.67,6.84,25.23,0.2713,32.71,0
7.5,6.18,25.68,0.2405,31.67,0
8.48,7.09,24.67,0.2873,35.2,1
7.58,5.15,27.56,0.187,30.4,0
8.69,6.64,23.67,0.2807,32.83,1
6.96,5.81,24.17,0.2406,33.08,0
7.57,5.69,23.09,0.2465,33.08,0
7.97,6.79,26.03,0.2609,33.67,1
6.89,5.9,25.72,0.2294,32.77,0
7.91,6.49,28.58,0.2271,35.22,1
7.68,7.04,25.95,0.2714,36.18,1
7.78,6.89,26.5,0.26,34.64,1
7.15,6.18,24.98,0.2475,33.63,0
6.97,6.13,29.03,0.211,31.85,0
7.14,6.15,25.57,0.2404,34.37,0
7.01,6.76,26.46,0.2553,28.91,0
7.46,6.52,26.13,0.2496,35.1,0
7.52,7.0,30.15,0.232,35.64,1
9.03,7.03,28.48,0.2469,33.33,1
8.64,6.69,25.28,0.2646,37.19,1
6.59,6.63,23.52,0.2818,33.14,0
8.61,6.73,28.66,0.235,34.59,1
7.97,7.06,28.72,0.246,36.17,1
8.03,6.29,24.84,0.2531,33.5,0
8.89,6.76,29.65,0.2279,38.08,1
7.74,7.5,23.62,0.3175,37.89,1
7.02,5.98,28.17,0.2122,31.8,0
7.25,6.65,22.48,0.296,33.4,0
6.79,6.7,27.13,0.2469,34.09,0
7.99,7.49,28.5,0.2626,35.25,1
6.63,6.01,24.99,0.2404,33.88,0
8.14,6.71,27.43,0.2448,37.03,1
6.77,6.13,25.79,0.2378,33.59,0
7.06,6.03,24.59,0.2453,35.31,0
8.25,6.23,28.89,0.2158,33.66,1
6.86,6.12,24.39,0.2509,36.29,0
7.36,6.63,23.45,0.2829,31.61,0
7.02,6.21,22.77,0.2728,29.92,0
7.16,6.05,28.24,0.2143,33.62,0
7.63,6.33,27.7,0.2285,32.81,0
8.11,6.41,25.43,0.2519,34.59,1
8.61,6.81,26.38,0.258,36.62,1
6.72,6.09,28.63,0.2126,30.57,0
6.57,6.13,23.35,0.2626,36.26,0
8.1,6.36,28.33,0.2244,34.47,1
7.72,5.83,23.66,0.2463,31.22,0
6.41,6.48,25.25,0.2565,36.14,0
8.37,7.7,29.66,0.2595,35.71,1
7.69,6.08,23.89,0.2545,30.24,0
7.72,5.92,25.25,0.2346,32.59,0
7.54,7.02,24.68,0.2844,33.86,1
7.68,5.92,26.55,0.2231,33.22,0
6.76,6.4,25.64,0.2498,30.84,0
6.36,6.55,24.36,0.2691,31.09,0
7.41,5.85,24.97,0.2342,33.85,0
7.41,6.28,22.3,0.2816,32.17,1
8.14,6.23,26.34,0.2365,31.25,0
8.32,7.21,26.64,0.2708,32.37,1
7.94,7.44,23.4,0.3179,37.56,1
8.33,7.16,29.27,0.2447,33.06,1
7.4,6.39,27.15,0.2354,31.67,0
8.69,6.6,27.41,0.2408,32.04,1
6.75,7.08,25.94,0.2729,36.58,1
7.6,7.1,25.17,0.2822,35.28,1
6.89,7.22,27.06,0.2669,39.05,1
7.72,7.34,25.38,0.2891,32.99,1
7.75,6.47,23.46,0.276,35.74,0
7.32,6.92,24.01,0.2882,29.92,0
7.11,6.08,24.03,0.2528,28.56,0
6.97,7.13,29.85,0.2388,40.66,1
8.06,7.26,25.9,0.2803,33.05,1
7.98,5.72,26.03,0.2196,36.15,0
7.82,6.66,25.1,0.2654,33.38,0
8.84,6.4,26.6,0.2407,39.41,1
7.34,6.54,24.87,0.2629,35.06,0
8.18,6.79,25.26,0.2687,36.99,1
7.16,6.32,25.35,0.2492,34.61,0
7.26,6.79,22.35,0.3039,30.35,0
7.43,6.21,26.56,0.2337,33.02,0
7.49,6.47,25.02,0.2586,33.97,0
8.44,7.62,26.07,0.2924,35.52,1
7.71,7.34,26.55,0.2765,32.98,1
7.65,6.94,29.6,0.2344,32.17,1
8.03,6.34,27.32,0.232,36.61,0
7.87,7.17,27.59,0.2599,36.55,1
7.17,6.97,22.48,0.3098,36.41,0
7.74,7.21,27.36,0.2636,34.32,1
7.42,6.53,26.79,0.2438,35.51,0
6.76,6.65,26.77,0.2484,29.06,0
7.43,6.79,27.08,0.2507,34.12,0
7.42,6.03,25.63,0.2351,31.19,0
7.18,6.89,27.55,0.2501,36.99,1
7.33,5.77,24.55,0.235,33.19,0
7.12,6.33,26.3,0.2406,33.37,0
7.77,7.49,28.17,0.2659,31.72,1
7.56,6.6,26.88,0.2454,33.62,0
6.82,5.83,24.11,0.2419,32.89,0
7.07,5.51,21.94,0.2512,34.67,0
8.18,6.88,24.11,0.2852,37.56,0
8.27,6.52,27.38,0.2381,34.04,1
8.14,7.36,27.06,0.2719,34.67,1
6.81,6.04,24.56,0.246,33.62,0
7.1,6.0,25.82,0.2323,34.44,0
8.29,6.91,31.42,0.22,34.84,1
7.11,6.46,28.49,0.2269,34.52,0
8.1,6.51,27.07,0.2403,33.38,1
7.45,5.68,23.74,0.2393,32.45,0
8.35,6.51,25.0,0.2602,35.08,1
7.2,6.24,26.35,0.2367,35.53,0
7.21,6.17,24.47,0.2521,33.92,0
7.19,6.22,27.15,0.2291,32.77,0
7.6,5.89,25.8,0.2282,35.93,0
6.47,6.23,26.15,0.2382,34.21,0
7.25,6.44,30.0,0.2148,33.13,1
7.79,6.65,29.33,0.2268,38.36,1
6.46,6.26,22.07,0.2836,30.87,0
7.03,6.59,25.95,0.2541,34.35,1
7.77,6.28,25.23,0.2491,33.61,0
7.64,6.94,30.67,0.2262,33.52,1
9.26,7.72,23.4,0.3298,36.03,1
7.99,6.42,26.17,0.2452,35.03,1
6.59,6.46,25.77,0.2509,36.27,0
7.38,6.21,25.91,0.2395,33.28,0
7.43,7.56,29.85,0.2533,36.34,1
6.53,6.48,25.73,0.2516,31.89,0
6.76,7.07,26.2,0.2698,32.27,0
7.93,7.65,23.58,0.3244,38.01,1
7.28,6.66,25.91,0.257,36.16,0
7.92,7.33,27.31,0.2685,35.79,1
6.53,6.05,26.31,0.2301,30.34,0
8.28,6.19,26.9,0.2301,33.45,1
8.52,7.27,29.61,0.2454,33.16,1
7.21,7.18,29.37,0.2444,41.38,1
7.68,6.81,25.81,0.2639,30.58,0
7.67,6.73,25.52,0.2635,33.88,1
7.31,6.22,27.13,0.2294,33.36,0
8.23,6.2,27.96,0.2218,32.41,0
7.91,6.85,25.58,0.2679,34.37,1
7.55,6.2,27.63,0.2245,34.49,0
8.6,6.23,26.79,0.2325,32.99,1
8.23,6.59,24.75,0.2661,34.75,1
7.29,7.35,26.25,0.2801,33.9,1
7.31,5.87,28.08,0.2091,32.49,0
7.96,7.59,29.88,0.2542,36.17,1
8.2,6.72,27.46,0.2449,31.73,1
8.37,6.88,25.61,0.2685,33.66,1
7.08,6.1,23.32,0.2616,32.53,0
7.12,6.6,26.37,0.2502,32.0,0
7.35,6.48,27.7,0.2341,34.96,0
7.15,5.73,26.01,0.2203,32.51,0
6.96,6.49,25.59,0.2535,32.09,0
8.04,7.62,27.57,0.2764,35.08,1
7.34,6.32,24.59,0.2569,33.42,0
7.21,6.12,25.99,0.2353,35.7,0
7.87,6.23,23.36,0.2669,35.1,0
7.38,6.4,25.83,0.2478,32.33,0
7.44,6.95,29.49,0.2356,33.31,1
8.29,6.16,26.12,0.2359,36.43,1
8.19,6.25,28.13,0.222,33.41,1
7.51,6.8,26.57,0.2561,35.71,1
6.84,6.73,27.52,0.2448,33.22,0
7.33,6.8,25.89,0.2626,34.98,0
8.81,7.55,27.44,0.2752,35.52,1
8.03,7.5,25.32,0.2963,38.22,1
7.92,6.61,27.86,0.2371,34.35,1
7.15,6.32,26.18,0.2413,31.13,0
7.97,6.76,24.66,0.2739,39.8,1
7.16,5.96,25.55,0.2333,31.01,0
7.29,6.72,28.72,0.2339,33.58,1
6.6,5.98,24.43,0.2448,31.5,0
7.63,7.28,28.41,0.2561,36.61,0
7.2,6.57,26.05,0.2521,35.79,0
8.21,6.83,25.47,0.2683,33.52,1
7.76,5.94,24.79,0.2398,32.12,0
7.59,6.68,28.24,0.2365,36.89,1
6.53,6.07,26.54,0.2289,32.87,0
7.4,6.49,25.85,0.2509,38.69,1
8.47,7.06,26.62,0.2653,37.59,1
7.38,7.06,31.04,0.2275,33.44,1
7.79,6.91,24.35,0.2837,30.42,0
7.27,6.77,28.15,0.2405,37.09,1
8.81,7.05,27.26,0.2588,36.72,1
7.22,5.88,25.69,0.229,35.14,0
7.29,7.66,29.56,0.2592,34.44,1
7.38,6.13,23.54,0.2603,32.59,0
7.8,6.83,28.61,0.2387,36.89,1
7.8,6.44,25.15,0.2559,34.74,1
8.65,7.4,27.61,0.268,36.48,1
8.18,6.01,24.8,0.2425,34.25,0
7.88,7.35,27.4,0.2682,40.63,1
8.22,7.4,25.21,0.2937,35.55,1
7.23,6.44,23.99,0.2686,33.0,0
7.19,6.64,25.61,0.2593,34.36,1
8.09,6.05,24.72,0.2447,34.78,0
7.73,7.1,23.48,0.3025,34.95,1
7.68,7.11,27.55,0.2579,32.73,1
7.11,6.64,28.66,0.2318,31.98,0
8.05,6.48,25.53,0.2536,29.21,1
8.46,7.28,27.12,0.2685,37.25,1
7.81,7.27,27.15,0.2678,33.85,1
7.07,6.69,26.72,0.2504,34.48,0
6.84,5.78,25.69,0.225,34.71,0
7.19,6.14,27.87,0.2203,37.48,0
7.63,6.95,28.36,0.2452,37.42,1
7.44,6.52,26.23,0.2485,32.01,0
7.28,6.62,23.23,0.2847,32.48,0
8.87,6.8,26.84,0.2534,32.86,1
6.96,6.0,25.78,0.2326,33.46,0
6.42,6.21,25.85,0.2404,34.77,0
7.96,6.64,25.91,0.2561,35.21,0
8.18,6.79,26.37,0.2575,34.26,1
7.14,6.89,28.06,0.2456,32.88,0
8.95,6.95,24.7,0.2815,29.02,1
7.13,6.69,28.95,0.231,36.42,0
7.18,6.73,29.25,0.2299,34.75,1
7.97,6.47,25.68,0.252,30.94,0
7.81,6.96,28.06,0.2482,35.37,1
7.17,7.08,25.09,0.2821,34.27,0
8.21,8.63,27.1,0.3185,38.26,1
8.28,7.48,24.87,0.3009,34.51,1
7.75,5.39,27.8,0.194,33.87,0
8.34,7.28,25.57,0.2848,33.72,1
7.55,6.61,29.22,0.2262,35.37,1
7.1,5.77,25.37,0.2276,35.04,0
8.15,7.48,26.17,0.2858,35.82,1
7.9,6.86,28.71,0.239,36.39,1
7.39,6.15,24.19,0.2544,36.0,0
7.51,6.62,26.68,0.248,33.77,1
6.93,6.13,29.38,0.2085,31.7,0
6.65,6.31,25.45,0.2478,32.05,0
8.31,6.62,29.73,0.2228,31.4,1
7.67,5.6,22.97,0.2439,31.24,0
8.02,6.66,28.53,0.2335,34.24,1
6.94,5.7,23.42,0.2435,34.74,0
7.87,7.27,28.7,0.2534,33.72,1
8.83,6.59,26.34,0.2503,34.99,1
7.62,7.65,27.76,0.2755,38.7,1
6.97,5.69,24.38,0.2336,33.04,0
7.73,5.78,27.84,0.2075,30.19,0
7.83,6.1,29.87,0.2044,32.35,0
7.33,6.9,23.71,0.2912,33.49,0
8.37,6.71,25.94,0.2586,36.86,1
6.75,6.52,26.23,0.2484,34.93,0
7.46,7.0,28.64,0.2446,35.66,1
7.48,6.96,26.05,0.2673,38.03,1
8.6,7.46,27.24,0.2741,35.8,1
7.34,6.09,30.41,0.2002,35.8,1
7.41,6.71,25.46,0.2637,27.45,1
7.85,6.64,26.53,0.2501,38.86,1
7.35,5.93,24.53,0.2419,33.42,0
7.51,7.14,28.53,0.2504,32.86,1
7.25,6.53,25.53,0.2558,30.51,0
8.05,6.61,27.24,0.2427,40.87,1
7.44,6.75,28.16,0.2398,32.98,1
7.24,5.75,27.27,0.2107,33.11,0
6.72,6.84,26.73,0.2561,36.4,0
7.71,5.18,23.46,0.221,34.89,0
8.65,6.57,27.22,0.2411,34.91,1
7.29,6.01,26.81,0.2242,31.75,0
7.48,6.33,26.57,0.2382,27.88,0
7.69,6.85,28.55,0.2401,34.75,1
8.13,6.95,28.84,0.2411,35.09,1
7.61,6.52,27.89,0.2337,33.79,1
7.76,7.32,29.15,0.2512,31.59,1
8.08,6.86,25.38,0.2703,32.98,1
7.75,7.0,23.93,0.2925,34.18,0
9.13,6.67,30.22,0.2208,33.72,1
7.34,6.87,28.89,0.2376,31.7,0
8.51,6.82,26.47,0.2577,35.68,1
6.7,6.59,28.29,0.233,35.42,0
7.18,7.06,26.8,0.2633,34.93,1
8.12,6.83,29.37,0.2326,37.37,1
8.5,6.5,28.72,0.2264,35.4,1
7.88,7.18,27.37,0.2622,37.78,1
6.69,6.6,25.83,0.2556,34.58,0
7.47,5.61,25.94,0.2161,31.17,0
7.83,6.6,28.81,0.229,33.64,1
6.82,6.44,25.03,0.2572,30.42,0
7.79,7.06,26.73,0.2643,41.22,1
7.3,6.18,23.5,0.263,35.66,0
7.93,6.65,25.16,0.2643,37.1,1
7.4,7.22,27.55,0.2621,35.08,1
8.29,6.93,27.59,0.2512,35.69,1
7.72,6.82,23.67,0.2884,36.83,1
7.66,7.22,28.96,0.2492,33.02,1
8.05,7.13,27.47,0.2594,30.48,1
7.26,6.7,26.97,0.2484,32.51,0
7.18,6.33,24.83,0.2548,32.39,0
6.92,6.46,23.31,0.2774,35.36,0
7.88,7.31,28.08,0.2602,35.87,1
8.74,6.97,26.66,0.2613,33.44,1
8.16,6.09,28.1,0.2169,32.34,0
7.65,6.19,25.17,0.2461,34.58,0
8.01,6.53,24.62,0.2651,32.41,1
8.04,6.57,26.93,0.2439,35.91,1
7.68,7.48,29.88,0.2503,35.58,1
7.11,6.44,22.84,0.2819,30.6,0
7.54,5.53,29.59,0.1869,31.96,0
7.03,6.19,25.11,0.2465,31.93,0
8.05,6.32,24.47,0.2581,36.47,1
6.89,6.53,27.51,0.2374,33.85,0
8.35,7.36,28.18,0.2613,36.91,1
8.86,8.22,26.51,0.3101,37.35,1
8.16,7.05,27.15,0.2597,33.9,1
6.9,6.02,24.95,0.2414,32.45,0
8.13,7.18,25.79,0.2784,36.82,1
7.34,6.6,28.71,0.2298,34.24,1
6.89,6.47,24.72,0.2615,29.9,0
8.08,6.74,25.64,0.2631,33.05,1
7.35,6.29,24.65,0.2554,34.76,0
6.89,6.14,24.77,0.2477,36.97,0
6.96,6.33,25.01,0.2529,34.04,0
7.84,6.5,27.19,0.239,33.35,0
6.65,6.8,24.06,0.2827,34.53,0
7.98,7.21,28.89,0.2496,35.67,1
7.19,5.36,21.79,0.2461,33.46,0
8.18,6.95,27.77,0.2501,37.42,1
6.74,6.61,25.65,0.2578,33.95,0
6.6,5.81,26.08,0.223,32.24,0
7.63,5.71,25.11,0.2273,33.64,0
8.13,6.52,30.36,0.2147,35.05,1
6.88,6.55,26.78,0.2446,32.39,0
6.99,6.96,29.35,0.2372,35.99,1
8.09,6.62,27.99,0.2364,37.95,1
7.33,5.59,27.68,0.202,35.75,0
7.5,6.9,25.11,0.2749,38.7,1
7.93,6.44,25.99,0.2479,34.51,1
7.42,6.53,28.28,0.231,35.68,1
7.92,6.66,27.74,0.24,37.04,1
7.75,7.71,29.01,0.2659,35.46,1
7.7,7.47,27.72,0.2695,35.03,1
8.48,6.99,24.21,0.2889,32.79,1
7.0,6.6,25.21,0.2616,34.07,0
7.57,7.48,27.46,0.2725,36.46,1
8.02,6.52,25.03,0.2604,34.17,0
7.59,6.45,28.2,0.2286,34.81,1
6.48,6.22,25.42,0.2447,34.08,0
7.49,6.24,22.85,0.2731,30.8,0
8.01,7.42,27.76,0.2672,30.49,1
7.86,7.29,26.3,0.2772,36.46,1
8.44,6.51,26.58,0.2449,30.21,0
8.14,5.92,27.65,0.214,34.26,1
8.16,7.46,27.71,0.2693,37.08,1
6.27,6.94,24.38,0.2848,32.68,0
8.51,7.18,27.7,0.259,36.9,1
6.81,6.41,27.88,0.23,34.4,0
7.58,6.51,27.75,0.2346,32.83,0
7.05,6.12,26.77,0.2284,32.33,0
8.25,7.03,26.75,0.2629,31.93,1
8.26,6.93,32.67,0.2122,35.24,1
7.18,7.57,24.52,0.3088,37.36,1
7.37,6.27,23.69,0.2647,34.48,0
9.0,6.95,27.18,0.2559,34.02,1
6.82,6.53,23.45,0.2784,32.06,0
7.32,5.9,24.91,0.237,31.32,0
7.79,6.54,25.73,0.254,36.48,1
7.0,6.56,22.99,0.2853,31.64,0
7.51,6.49,26.85,0.2416,33.93,1
7.71,6.88,26.13,0.2632,33.57,1
6.87,6.8,25.36,0.268,32.06,0
7.19,6.72,26.93,0.2495,32.91,0
8.66,6.19,26.39,0.2346,34.19,0
7.73,6.86,28.21,0.2432,38.56,1
6.71,6.23,25.01,0.2493,34.99,0
8.63,7.13,25.82,0.2763,34.07,1
9.13,6.87,27.68,0.2483,31.11,1
7.4,5.64,26.77,0.2108,30.19,0
8.01,7.42,28.56,0.2597,35.52,1
7.81,7.12,25.02,0.2845,35.38,1
7.26,6.11,29.34,0.2083,35.09,0
8.24,6.68,27.67,0.2414,37.23,1
8.62,7.13,28.46,0.2507,34.24,1
7.75,7.39,25.57,0.2889,34.12,1
7.29,7.16,26.26,0.2726,32.98,0
8.31,7.26,26.48,0.2742,31.5,1
7.8,6.29,28.33,0.2222,34.01,0
7.8,7.23,27.54,0.2626,40.01,1
7.8,7.52,25.1,0.2995,34.05,1
8.29,6.72,30.34,0.2214,35.86,1
8.08,6.44,26.02,0.2474,35.53,1
7.52,5.97,25.58,0.2333,34.76,0
8.07,7.64,28.26,0.2705,35.98,1
8.48,7.19,29.65,0.2425,30.98,1
7.33,6.19,25.36,0.2441,32.72,0
8.05,6.49,27.64,0.2348,35.9,1
7.88,5.99,23.57,0.254,32.75,0
7.7,6.15,27.55,0.2234,37.9,1
7.13,7.22,29.25,0.2468,31.9,1
8.35,7.59,28.66,0.2648,35.75,1
8.25,6.56,25.64,0.2559,35.37,1
7.18,6.75,24.15,0.2795,32.2,0
8.61,7.59,28.79,0.2636,35.17,1
8.05,6.81,25.42,0.268,35.99,0
7.99,7.0,28.05,0.2496,34.08,1
7.26,6.39,25.56,0.2501,31.77,0
6.65,5.98,25.07,0.2386,34.54,0
7.16,7.17,26.3,0.2726,33.47,1
8.38,6.76,26.81,0.2521,33.65,1
8.45,6.58,24.86,0.2647,35.36,1
8.71,6.62,27.99,0.2367,32.8,1
7.63,6.74,24.21,0.2786,32.04,0
7.52,5.62,25.55,0.2201,31.01,0
8.11,6.6,22.68,0.2909,35.91,1
6.95,6.6,27.76,0.2377,32.53,0
7.61,6.28,24.5,0.2561,34.29,0
8.56,6.52,28.68,0.2274,33.29,1
8.0,6.66,27.47,0.2423,34.01,0
6.88,6.17,26.71,0.2308,29.6,0
6.89,5.97,21.84,0.2733,32.17,0
7.48,6.47,26.06,0.2484,32.49,0
8.31,7.83,27.85,0.281,36.78,1
7.26,6.32,26.3,0.2404,31.81,0
6.95,6.38,25.12,0.2541,34.43,0
7.88,6.28,26.84,0.2339,36.03,0
8.03,6.92,25.86,0.2677,34.53,1
7.93,6.94,29.36,0.2364,32.23,1
8.69,7.4,31.15,0.2376,31.94,1
7.64,7.11,28.37,0.2507,33.26,1
7.06,6.2,26.07,0.2377,31.87,0
8.29,6.86,26.94,0.2548,36.68,1
7.86,7.7,28.77,0.2678,32.24,1
7.6,6.1,25.25,0.2415,36.12,0
7.15,6.45,23.3,0.2768,32.73,0
7.92,6.38,25.66,0.2486,35.73,0
8.15,6.81,26.98,0.2524,36.8,1
7.84,7.47,27.07,0.276,30.42,1
7.1,6.37,26.59,0.2394,32.47,0
6.75,6.27,25.99,0.2412,34.85,0
6.69,6.33,25.51,0.2483,32.82,0
7.27,5.9,27.49,0.2146,32.14,0
8.12,7.43,32.94,0.2256,31.59,1
8.07,7.19,26.27,0.2737,31.8,1
7.2,6.79,26.01,0.2609,31.64,0
8.16,6.54,27.11,0.2411,32.69,0
7.03,6.22,26.69,0.2329,33.75,0
8.42,6.93,26.6,0.2606,34.01,1
7.12,5.84,25.48,0.2294,34.64,0
7.71,6.44,25.64,0.2512,35.99,1
7.69,6.48,23.07,0.2806,32.72,0
7.53,6.08,23.61,0.2577,30.12,0
7.28,6.85,29.95,0.2287,35.71,1
6.9,6.41,28.05,0.2283,37.3,0
7.7,6.54,26.82,0.2438,30.19,1
8.11,7.09,26.34,0.2692,34.39,1
7.48,5.18,25.9,0.1999,34.96,0
8.41,6.6,26.22,0.2519,37.38,1
8.85,6.33,27.48,0.2304,36.43,1
7.93,7.28,28.14,0.2587,35.89,1
7.65,6.94,27.89,0.2488,34.35,1
7.55,7.24,25.37,0.2855,34.75,1
7.31,6.71,25.95,0.2588,34.11,0
8.97,7.12,29.12,0.2445,34.49,1
7.12,6.68,25.24,0.2646,31.55,0
6.57,5.98,25.17,0.2377,32.91,0
8.24,7.07,28.01,0.2526,38.62,1
7.63,6.54,27.23,0.2402,33.96,0
8.13,7.12,27.35,0.2604,30.17,1
7.47,7.8,28.64,0.2725,35.05,1
7.14,5.93,26.17,0.2268,34.79,1
7.27,6.67,27.09,0.2463,41.13,1
7.47,6.84,26.24,0.2608,34.32,0
8.36,6.78,28.33,0.2395,32.0,1
8.85,6.81,29.07,0.2342,34.16,1
7.58,6.67,23.61,0.2826,36.84,1
7.58,6.05,27.16,0.2226,29.85,0
7.87,7.68,26.68,0.288,37.62,1
8.29,6.41,24.87,0.2578,35.15,1
8.64,7.8,26.83,0.2908,41.48,1
7.63,6.76,28.53,0.2369,38.87,1
7.44,6.34,25.16,0.2519,31.45,0
7.62,6.12,23.81,0.2571,31.57,0
8.11,6.42,23.54,0.2727,34.55,0
8.06,7.04,29.82,0.236,37.59,1
7.66,6.62,24.54,0.2698,32.58,0
7.88,6.43,26.37,0.2439,33.55,0
7.54,7.07,25.75,0.2746,34.86,1
7.46,7.44,29.85,0.2493,36.74,1
6.42,7.31,25.1,0.2914,33.89,0
8.98,7.69,28.69,0.2682,34.25,1
6.95,7.17,26.99,0.2656,36.82,1
7.68,7.36,27.14,0.2713,34.63,1
7.65,7.19,30.41,0.2365,33.85,1
7.11,5.78,26.19,0.2206,30.06,0
7.17,6.93,26.47,0.2619,32.5,1
8.59,6.27,28.33,0.2214,37.04,1
6.8,6.33,26.89,0.2354,29.65,0
7.29,6.13,28.15,0.2177,32.67,0
7.87,6.52,28.56,0.2284,36.16,1
7.49,7.07,28.22,0.2505,35.2,1
8.13,6.73,26.98,0.2495,33.21,1
7.94,6.16,23.69,0.2601,33.03,0
7.94,6.95,25.84,0.269,37.0,1
7.97,7.6,26.5,0.2867,31.69,1
7.71,7.21,26.67,0.2705,38.03,1
8.15,6.55,26.61,0.2462,36.61,0
7.61,6.62,26.98,0.2455,33.86,0
7.94,6.42,25.41,0.2526,33.3,0
7.74,6.19,26.42,0.2344,30.5,0
7.34,6.44,25.51,0.2523,35.38,1
7.34,6.5,23.84,0.2728,29.94,0
7.61,6.1,24.75,0.2466,31.52,0
6.99,6.17,24.64,0.2505,32.48,0
7.11,6.46,28.28,0.2284,32.56,0
8.36,7.15,28.09,0.2544,36.52,1
7.19,6.49,24.31,0.2668,29.44,0
7.65,5.48,25.15,0.2181,29.19,0
8.12,7.27,27.66,0.2627,35.58,1
6.95,6.51,24.08,0.2705,36.26,0
7.1,6.51,29.65,0.2197,35.63,0
8.66,6.82,25.74,0.2648,42.29,1
8.46,6.48,26.81,0.2418,34.81,1
6.85,6.1,26.3,0.2319,29.83,0
8.26,6.53,28.34,0.2303,40.74,1
7.2,6.28,26.75,0.2349,34.18,0
7.47,5.86,24.19,0.2422,36.93,0
7.74,6.49,26.45,0.2453,31.96,0
8.37,6.76,27.51,0.2456,33.05,1
6.35,5.54,23.23,0.2385,33.61,0
7.09,6.31,27.5,0.2295,30.04,0
7.43,6.66,28.69,0.232,34.26,0
7.38,6.1,24.4,0.25,34.16,0
9.06,7.28,27.3,0.2666,34.3,1
8.11,7.75,28.05,0.2763,38.36,1
8.2,6.73,29.29,0.2297,34.41,1
7.55,6.66,26.49,0.2516,33.33,0
7.96,7.07,27.51,0.2571,34.19,1
6.08,6.42,28.72,0.2234,35.09,0
6.83,6.52,27.47,0.2373,32.48,0
6.82,6.56,27.74,0.2364,29.27,0
6.89,7.02,28.73,0.2445,36.47,1
7.96,6.18,25.16,0.2455,37.07,1
8.04,6.94,29.73,0.2336,36.48,1
7.96,6.73,27.04,0.2487,36.13,1
7.67,7.27,26.22,0.2772,37.93,1
7.45,6.72,24.9,0.27,35.06,0
7.99,6.33,25.12,0.2518,33.97,0
7.67,6.95,27.88,0.2492,37.23,1
7.73,6.72,25.25,0.2663,35.18,1
8.45,7.41,26.91,0.2755,37.35,1
7.27,6.33,24.62,0.2572,35.04,0
7.41,7.18,22.84,0.3145,31.71,0
7.89,6.63,25.39,0.2609,34.47,0
6.69,7.11,26.31,0.2702,38.22,1
7.97,7.07,27.79,0.2544,31.81,1
8.35,6.48,26.24,0.2468,35.66,1
7.09,6.32,21.26,0.2974,32.92,0
7.99,7.59,28.12,0.27,34.68,1
7.78,7.09,30.26,0.2344,37.65,1
9.04,7.1,30.43,0.2333,40.67,1
6.7,6.05,28.17,0.2147,36.03,0
8.64,7.68,29.27,0.2624,34.96,1
8.17,6.09,26.8,0.2271,33.02,1
7.09,6.3,25.46,0.2475,32.56,0
8.04,6.28,28.92,0.2174,35.61,1
7.43,7.27,26.61,0.2733,32.74,1
7.44,6.91,28.52,0.2422,36.73,1
7.15,6.68,27.8,0.2402,34.84,1
7.24,6.18,24.68,0.2506,31.51,0
7.9,6.69,28.74,0.2327,36.74,1
6.81,5.6,25.24,0.2218,34.37,0
7.51,6.02,25.16,0.2394,36.65,0
8.25,7.54,27.52,0.2739,34.82,1
7.57,6.38,28.59,0.2233,33.9,0
7.29,6.67,25.72,0.2593,31.22,0
7.28,6.47,22.8,0.2839,32.82,0
7.51,5.88,25.77,0.2282,32.53,0
6.89,6.22,23.13,0.2691,33.66,0
7.55,6.0,24.45,0.2453,31.66,0
7.63,7.84,24.16,0.3246,38.2,1
6.89,6.51,26.41,0.2465,34.31,0
6.56,6.38,27.92,0.2284,36.97,0
7.63,6.55,30.32,0.2159,32.02,1
7.5,6.74,24.54,0.2747,30.5,0
7.93,6.29,29.32,0.2144,34.32,0
7.38,5.99,25.29,0.2369,32.91,0
8.25,7.29,25.76,0.2829,35.43,1
7.9,6.83,25.88,0.2639,37.29,1
7.75,6.52,26.91,0.2422,32.47,1
8.51,6.59,27.18,0.2425,37.43,1
6.92,6.26,26.99,0.2321,30.8,0
7.15,6.79,26.93,0.2523,34.33,0
6.44,6.45,24.19,0.2668,31.69,0
7.91,6.42,25.92,0.2479,33.16,1
8.29,7.11,28.8,0.247,34.4,1
7.11,6.83,27.61,0.2473,31.23,0
7.5,6.58,25.76,0.2556,33.69,0
8.22,6.95,27.78,0.2503,35.23,1
7.24,6.07,26.89,0.2256,35.52,0
7.5,6.49,25.8,0.2515,34.21,0
8.27,7.08,24.29,0.2914,35.27,1
7.43,6.61,24.96,0.2648,32.46,0
7.11,7.24,24.26,0.2986,35.55,0
7.2,5.8,25.2,0.23,31.22,0
7.68,7.23,27.83,0.26,36.06,1
6.95,6.08,27.49,0.2213,33.68,0
7.43,6.94,26.72,0.2598,32.69,1
7.69,5.75,24.91,0.2308,35.44,1
7.12,6.4,23.99,0.2668,31.84,0
7.66,7.45,29.06,0.2564,35.54,1
8.84,6.57,24.22,0.2715,37.48,1
6.95,6.73,28.51,0.2362,31.79,0
7.3,6.97,24.71,0.2819,29.8,0
8.4,6.55,27.95,0.2345,33.48,0
7.35,6.86,26.33,0.2606,32.64,0
8.52,7.44,26.59,0.2799,34.5,1
7.95,7.04,30.23,0.2328,36.06,1
8.18,7.17,31.9,0.2246,36.98,1
6.69,6.23,24.91,0.2502,33.16,0
8.19,6.75,27.33,0.2469,36.48,1
8.34,6.56,25.71,0.2552,38.83,1
7.92,6.75,25.66,0.263,37.52,1
7.07,6.41,24.7,0.2595,32.98,0
7.01,6.84,24.92,0.2744,34.58,0
7.8,5.99,24.72,0.2422,30.36,0
7.51,7.33,25.65,0.2859,32.23,1
7.83,6.77,27.75,0.244,36.72,1
8.44,7.0,27.11,0.2581,34.8,1
7.7,6.99,27.81,0.2514,37.01,1
7.04,6.92,22.79,0.3038,32.85,0
7.48,5.85,27.79,0.2104,36.11,0
7.48,6.27,25.49,0.2458,31.09,0
8.36,7.36,26.33,0.2795,35.7,1
7.67,6.99,27.48,0.2543,33.57,1
7.47,7.01,30.26,0.2316,35.46,1
7.4,5.91,23.19,0.2549,32.81,0
8.35,7.19,27.33,0.2631,35.66,1
8.66,6.09,28.22,0.2156,33.95,1
7.2,6.47,28.11,0.2301,37.81,1
7.79,6.39,26.69,0.2393,33.08,0
6.98,6.38,26.79,0.2383,36.08,0
7.84,6.85,25.93,0.2642,36.55,1
7.44,7.66,28.06,0.2731,35.15,1
8.04,7.95,23.97,0.3318,35.22,1
6.95,6.75,24.66,0.2736,37.86,0
7.99,6.88,24.99,0.2755,32.99,1
8.71,6.19,27.08,0.2288,37.22,1
6.91,6.2,26.7,0.2321,30.11,0
7.54,6.43,25.03,0.2568,33.81,0
8.22,6.68,27.14,0.246,32.13,0
8.82,6.81,25.6,0.2658,37.58,1
7.77,6.9,25.7,0.2684,35.27,0
8.61,7.7,25.47,0.3022,36.97,1
8.25,6.67,27.67,0.241,32.08,1
7.66,7.95,25.6,0.3104,38.51,1
6.96,6.43,27.19,0.2364,35.26,0
7.79,6.62,24.43,0.2711,33.86,0
7.66,5.88,26.14,0.2251,32.46,0
8.15,6.25,29.77,0.2101,34.83,1
8.08,7.94,26.04,0.3048,38.64,1
8.28,7.02,27.07,0.2592,32.82,1
7.68,6.13,27.38,0.2239,32.42,0
6.77,7.62,26.92,0.283,31.34,0
8.01,6.26,23.49,0.2664,35.91,0
7.36,6.08,27.14,0.2241,33.95,0
8.44,6.87,29.11,0.2359,34.6,1
7.7,6.66,28.26,0.2356,35.12,1
7.49,6.16,27.52,0.2238,31.6,0
6.87,5.75,21.41,0.2687,31.95,0
7.93,6.6,25.03,0.2635,30.85,1
8.39,7.22,26.97,0.2677,37.8,1
7.91,7.79,29.21,0.2668,37.36,1
7.05,6.67,24.59,0.2714,33.14,0
7.42,5.99,26.97,0.2221,31.91,0
7.74,6.58,28.15,0.2337,37.88,1
7.41,6.52,27.77,0.2347,32.29,0
8.3,7.19,24.88,0.2889,36.89,1
7.48,6.82,26.71,0.2554,33.49,0
7.92,7.06,23.52,0.3002,30.07,1
7.99,7.32,24.57,0.298,39.35,1
7.32,6.33,24.03,0.2634,32.53,0
7.6,6.0,25.82,0.2324,32.79,0
7.88,6.49,27.93,0.2323,35.14,0
7.98,7.57,25.54,0.2963,34.51,1
8.18,7.49,27.14,0.2762,33.53,1
7.4,5.56,25.07,0.2216,32.36,0
7.83,7.17,28.74,0.2496,39.63,1
6.63,6.39,25.61,0.2495,32.36,0
7.81,6.64,25.66,0.2587,32.38,0
7.9,6.68,26.66,0.2505,38.39,1
7.62,6.11,25.02,0.2442,32.55,0
7.73,6.1,26.22,0.2326,35.34,0
8.65,7.42,27.12,0.2736,37.52,1
8.04,6.81,30.0,0.2271,36.55,1
7.19,5.88,25.45,0.2311,32.97,0
7.81,6.46,24.8,0.2603,32.02,0
7.71,6.42,26.89,0.2386,34.94,1
7.14,6.82,24.59,0.2772,35.52,0
6.83,6.26,21.79,0.2874,32.53,0
6.45,6.93,23.43,0.2959,32.85,0
6.28,6.96,26.1,0.2668,35.78,0
7.48,6.46,28.72,0.2249,34.53,1
7.36,5.89,21.61,0.2725,33.13,0
7.63,6.64,24.85,0.2672,30.73,0
7.98,6.5,26.91,0.2417,34.07,0
7.62,5.84,23.24,0.2514,31.08,0
7.33,6.81,26.22,0.2596,36.96,1
7.65,6.78,27.84,0.2435,34.34,1
7.55,6.24,25.07,0.249,33.34,0
7.15,7.75,30.17,0.2568,36.42,1
9.12,7.0,27.63,0.2534,35.94,1
7.32,6.1,27.14,0.2249,30.63,0
6.96,5.86,23.23,0.2522,32.18,0
7.96,6.75,26.27,0.2568,32.67,1
7.99,6.67,28.1,0.2374,39.65,1
8.22,6.81,26.23,0.2596,35.37,1
7.72,7.32,29.97,0.2443,32.53,1
8.03,7.56,27.54,0.2746,34.27,1
6.91,6.12,27.73,0.2208,33.29,0
5.96,6.01,25.53,0.2355,30.28,0
7.91,6.03,25.65,0.2349,31.44,0
7.97,7.09,27.2,0.2605,34.29,1
7.47,7.06,29.14,0.2423,35.08,1
8.25,5.62,27.89,0.2016,34.13,0
7.94,6.97,28.46,0.2449,35.71,1
7.47,6.32,25.65,0.2464,34.59,0
7.58,6.86,30.64,0.2239,32.26,1
8.69,6.09,24.51,0.2484,33.22,0
6.75,5.89,27.39,0.2151,35.81,0
7.94,7.21,29.79,0.2421,33.61,1
8.0,6.08,25.37,0.2397,33.35,0
7.3,6.41,27.91,0.2295,35.74,0
7.45,6.4,26.7,0.2398,36.88,1
7.45,6.39,24.35,0.2623,35.78,0
7.31,6.13,25.14,0.244,33.9,0
8.13,6.73,26.32,0.2558,31.27,1
7.4,6.68,24.89,0.2682,33.66,0
7.38,7.12,27.31,0.2607,32.7,1
7.59,6.88,30.01,0.2293,34.14,1
7.78,6.22,26.66,0.2332,35.55,1
7.59,6.28,27.34,0.2296,30.4,0
7.19,7.51,28.95,0.2593,33.44,1
5.93,6.1,25.65,0.2378,33.18,0
7.88,6.63,26.49,0.2503,33.86,1
7.85,5.92,27.17,0.2179,32.23,0
8.68,6.7,26.29,0.255,36.76,1
7.08,7.09,27.38,0.2588,32.19,1
7.53,6.73,28.68,0.2345,38.12,1
8.45,6.05,25.42,0.2379,34.16,1
8.19,6.62,27.09,0.2445,35.39,1
7.57,6.39,27.55,0.232,36.73,0
7.27,6.0,26.94,0.2229,28.61,0
7.49,6.32,24.72,0.2556,32.78,0
7.84,6.35,27.84,0.2282,32.53,0
7.04,5.91,25.11,0.2352,30.27,0
7.93,6.82,29.36,0.2322,37.36,1
7.57,7.39,27.41,0.2696,35.12,1
7.75,6.63,23.79,0.2785,35.14,0
7.82,7.1,28.1,0.2526,36.4,1
7.04,5.86,25.84,0.2267,31.51,0
7.13,6.17,27.71,0.2225,32.6,0
7.48,6.56,27.76,0.2362,35.0,1
8.22,7.12,28.4,0.2507,37.29,1
7.48,6.64,27.83,0.2385,36.9,1
6.44,6.36,25.5,0.2495,32.8,0
7.25,5.97,25.75,0.2318,33.83,0
7.94,7.5,28.18,0.266,37.85,1
7.45,6.91,28.06,0.2464,33.82,0
6.68,7.07,26.81,0.2639,32.77,1
7.88,6.83,25.5,0.2678,34.48,0
8.23,6.34,28.31,0.2238,36.17,1
7.9,6.83,28.11,0.2429,33.33,1
7.26,6.53,23.09,0.2828,33.32,0
8.98,7.16,29.55,0.2421,36.14,1
7.04,5.36,25.34,0.2117,34.78,0
6.97,6.32,24.63,0.2565,33.68,0
8.0,6.45,25.72,0.2507,31.23,0
8.11,7.42,27.17,0.273,37.99,1
7.42,6.65,25.41,0.2618,36.34,1
7.17,6.98,21.32,0.3272,36.6,0
6.96,6.65,26.4,0.252,29.36,0
9.19,7.71,29.16,0.2644,33.1,1
8.0,6.76,26.02,0.2599,37.67,1
7.91,6.68,27.59,0.2422,31.49,1
7.44,6.3,24.91,0.2531,30.54,0
7.35,7.23,26.23,0.2755,34.95,1
7.01,7.11,31.58,0.2252,33.88,1
7.29,6.6,24.53,0.269,29.63,0
6.88,6.44,28.31,0.2273,32.2,0
8.67,6.99,27.85,0.2509,36.9,1
8.04,6.23,25.63,0.2429,36.86,1
8.11,6.66,26.74,0.249,33.02,1
7.46,6.33,24.84,0.2549,34.91,0
6.7,5.68,24.3,0.2339,28.31,0
6.71,6.38,27.15,0.2349,33.83,0
7.66,6.3,27.46,0.2292,38.12,1
7.56,6.23,24.2,0.2573,34.16,0
8.24,7.12,27.08,0.2627,32.21,1
6.22,6.54,25.3,0.2586,34.43,0
6.16,6.34,24.78,0.2558,30.84,0
7.63,6.9,29.35,0.235,35.55,1
7.7,5.96,23.74,0.2512,34.27,0
8.62,7.19,27.93,0.2573,27.14,1
8.52,6.97,24.08,0.2894,38.24,1
7.14,6.42,25.19,0.2548,31.65,0
7.75,6.87,24.7,0.2781,35.14,1
8.0,7.2,27.83,0.2585,32.85,1
8.31,6.67,28.66,0.2329,34.67,1
7.95,6.2,24.86,0.2493,32.7,0
7.17,6.38,28.39,0.2248,32.94,0
8.24,6.96,29.64,0.2348,35.51,1
7.73,6.94,31.69,0.219,35.84,1
6.78,6.3,24.08,0.2615,31.22,0
6.68,5.83,25.48,0.2288,35.64,0
7.54,7.54,27.35,0.2756,35.39,1
7.99,6.47,26.06,0.2483,34.88,0
7.98,6.06,26.7,0.227,34.91,0
7.93,7.41,31.18,0.2377,35.49,1
7.8,6.17,27.26,0.2265,32.58,0
7.3,6.65,26.83,0.2477,29.76,0
7.67,6.47,23.48,0.2757,32.28,0
7.24,6.01,25.63,0.2345,35.71,0
7.25,6.81,25.34,0.2686,32.88,0
7.67,6.96,24.89,0.2797,33.93,1
7.39,5.94,31.25,0.19,33.74,0
7.55,6.54,25.0,0.2615,33.57,0
6.89,5.69,24.63,0.2312,36.12,0
6.96,6.79,25.54,0.2659,34.77,0
7.01,6.72,26.34,0.2552,34.83,0
7.43,6.01,25.34,0.2372,32.23,0
7.62,6.63,25.88,0.2562,33.15,1
7.13,6.42,22.46,0.2861,35.39,0
6.9,6.44,26.92,0.2392,31.15,0
6.93,6.01,25.09,0.2395,37.0,0
7.59,6.65,24.87,0.2673,29.66,0
7.71,7.01,28.85,0.2431,37.71,1
7.26,6.67,23.26,0.2868,31.19,0
6.58,6.43,25.75,0.2498,32.92,0
7.19,6.24,23.64,0.2639,34.17,0
7.94,7.16,25.39,0.2819,36.34,1
7.57,6.61,27.48,0.2406,36.62,1
7.37,6.52,28.89,0.2258,31.46,1
6.91,6.7,27.57,0.2429,32.23,0
7.81,5.98,25.58,0.2339,31.91,0
6.53,5.59,27.95,0.1998,32.67,0
7.14,6.28,25.69,0.2444,32.63,0
6.94,5.78,24.58,0.235,34.59,0
8.2,6.05,28.28,0.2141,36.67,1
7.72,7.17,27.68,0.2591,35.16,1
8.25,6.78,27.58,0.2457,30.9,1
7.36,6.9,23.11,0.2987,35.5,1
7.25,5.84,25.9,0.2256,35.27,0
7.2,6.7,27.06,0.2476,33.49,0
8.79,7.22,22.84,0.3161,34.62,1
8.2,7.24,27.89,0.2597,31.98,1
8.67,7.46,25.93,0.2879,33.39,1
7.41,6.78,28.17,0.2408,34.9,1
6.64,6.59,25.51,0.2583,31.57,0
8.24,6.96,28.21,0.2466,33.07,1
7.85,6.89,27.99,0.2463,38.73,1
8.5,6.88,29.83,0.2307,35.95,1
7.96,6.82,27.6,0.2472,38.67,1
8.1,6.86,26.39,0.2601,30.18,0
8.65,6.27,24.98,0.2509,34.98,0
8.29,7.16,29.52,0.2427,34.36,1
7.87,6.63,24.53,0.2705,31.19,0
7.92,7.54,26.46,0.2849,34.83,1
7.62,7.25,27.18,0.2667,35.08,1
9.18,6.79,26.28,0.2583,33.56,1
7.84,5.51,27.1,0.2034,37.0,0
7.43,7.14,24.13,0.2958,37.18,0
7.83,7.86,30.41,0.2585,37.37,1
8.28,7.24,30.41,0.2382,38.94,1
7.34,6.37,23.73,0.2686,30.91,0
6.82,6.43,26.1,0.2464,35.89,0
8.68,6.87,26.13,0.2628,33.43,1
8.23,6.62,28.18,0.2349,31.14,1
7.57,6.14,21.27,0.2885,29.84,0
7.56,6.75,28.54,0.2365,37.82,1
7.1,6.69,28.26,0.2367,32.11,1
7.88,6.76,27.49,0.2458,32.94,1
8.28,6.32,26.38,0.2397,32.14,1
7.74,7.45,28.4,0.2624,34.71,1
7.81,7.59,28.18,0.2694,35.06,1
7.98,6.14,22.67,0.2709,33.98,0
7.68,7.93,28.32,0.2802,39.83,1
7.61,7.67,27.7,0.277,36.02,1
8.25,7.14,25.24,0.2827,37.16,1
8.34,7.58,27.52,0.2753,32.99,1
8.8,6.99,29.42,0.2375,37.8,1
7.26,7.42,25.67,0.2891,35.28,0
6.64,6.41,26.66,0.2404,31.06,0
7.96,6.89,27.96,0.2466,32.92,1
6.91,5.99,26.16,0.2288,32.6,0
7.26,5.75,27.21,0.2112,30.96,0
8.67,6.88,27.95,0.246,39.09,1
8.51,7.12,25.52,0.2791,34.17,1
6.74,6.89,26.21,0.263,33.16,0
7.47,6.01,23.66,0.2539,33.51,0
8.11,7.01,28.43,0.2467,35.58,1
7.61,5.61,26.31,0.2132,33.0,0
6.52,6.02,23.49,0.2561,35.41,0
8.07,6.92,25.64,0.27,34.03,1
8.41,7.65,28.2,0.2713,36.02,1
7.49,7.5,26.63,0.2818,37.51,1
7.43,6.98,27.15,0.2571,31.8,0
7.73,6.43,25.55,0.2516,34.42,0
6.88,7.09,26.95,0.2631,34.39,0
7.62,7.77,28.82,0.2694,34.14,1
7.68,7.34,26.21,0.28,34.55,1
6.4,6.68,28.47,0.2345,33.66,0
7.39,6.23,24.45,0.2548,35.12,0
5.94,6.13,25.59,0.2396,32.29,0
8.04,7.03,29.29,0.2399,39.73,1
8.42,6.55,26.76,0.2448,40.28,1
7.7,7.16,27.21,0.2631,34.14,1
7.17,6.32,25.16,0.2511,30.71,0
8.31,6.83,26.29,0.2597,37.91,1
6.86,7.2,24.1,0.2987,32.98,0
8.75,7.05,26.26,0.2683,34.26,1
6.72,5.77,26.0,0.222,33.65,0
8.5,6.5,27.46,0.2366,34.03,1
8.44,7.27,29.53,0.2461,36.71,1
7.38,6.28,25.42,0.2472,30.28,0
8.17,6.16,27.58,0.2232,38.83,1
7.71,6.51,27.14,0.2397,34.21,1
7.66,8.11,26.48,0.3063,34.13,1
7.37,7.38,29.55,0.2498,35.2,1
7.8,6.38,26.15,0.244,31.01,0
8.25,7.16,31.15,0.2297,33.07,1
7.02,6.44,24.83,0.2593,31.49,0
7.56,5.97,27.79,0.215,31.91,0
7.03,5.67,24.1,0.2352,36.09,0
7.58,6.7,25.01,0.268,31.03,0
7.22,7.0,25.74,0.2719,35.52,1
7.61,6.34,23.86,0.2659,34.24,1
8.39,6.82,26.01,0.2621,37.46,1
7.99,6.43,25.71,0.25,33.39,0
7.73,5.12,22.78,0.2247,31.8,0
7.3,7.19,28.76,0.2499,32.56,1
8.78,6.23,26.33,0.2368,37.13,1
8.84,7.61,24.71,0.308,35.69,1
8.27,6.85,27.64,0.2479,35.82,1
7.09,6.4,24.61,0.26,29.3,0
7.33,6.71,27.73,0.242,35.27,0
7.68,6.98,23.43,0.2979,37.05,1
6.87,6.23,26.09,0.2389,36.26,0
7.42,7.27,26.32,0.2762,34.41,1
7.05,6.01,24.3,0.2473,31.05,0
7.37,5.05,24.44,0.2066,32.46,0
8.74,6.21,28.36,0.2189,39.81,1
6.61,5.82,25.16,0.2312,32.38,0
7.86,7.29,25.91,0.2814,35.22,1
7.1,7.43,27.03,0.275,38.64,1
7.66,6.71,26.6,0.2522,36.6,1
7.58,7.74,30.35,0.2552,34.46,1
7.27,6.42,26.9,0.2388,31.55,1
7.08,6.17,25.67,0.2404,33.73,0
7.35,6.33,29.47,0.2148,38.82,1
6.93,6.25,25.92,0.2411,31.09,0
7.45,6.44,27.04,0.2381,32.55,0
8.79,7.33,27.42,0.2675,34.14,1
8.09,7.17,26.31,0.2724,33.88,1
7.08,5.92,25.75,0.2298,34.35,0
8.16,7.04,26.71,0.2636,34.64,1
6.35,6.5,25.02,0.2597,31.42,0
8.06,6.97,26.49,0.2629,34.45,1
7.39,6.74,28.46,0.2369,32.41,1
7.51,6.7,26.43,0.2537,32.21,0
8.04,7.39,30.82,0.2398,33.25,1
7.13,6.34,26.83,0.2363,32.69,0
6.8,5.95,27.46,0.2165,32.94,0
7.07,7.34,30.44,0.241,31.06,1
8.45,7.34,28.36,0.2588,32.84,1
7.92,6.18,28.17,0.2194,30.82,0
7.17,6.22,25.29,0.246,33.66,0
7.54,6.8,28.27,0.2405,35.13,0
7.16,6.11,29.02,0.2106,30.72,0
6.66,6.52,27.45,0.2374,31.36,0
8.42,6.48,26.14,0.2478,34.37,0
7.99,7.05,29.53,0.2388,35.04,1
7.72,7.07,27.72,0.255,30.9,1
7.41,5.72,27.56,0.2075,32.88,0
8.58,7.13,27.16,0.2627,32.73,1
7.64,6.4,25.18,0.2542,33.73,0
7.81,6.83,26.67,0.2563,35.53,0
7.24,6.47,24.12,0.2683,31.67,0
7.57,6.97,26.74,0.2608,30.08,0
7.7,6.68,28.67,0.2331,32.08,1
7.84,6.62,24.99,0.2649,33.66,0
7.94,7.07,26.9,0.2627,33.34,1
8.11,6.65,26.39,0.252,31.17,1
7.3,6.82,28.13,0.2426,37.25,1
7.52,6.43,25.53,0.252,33.3,0
7.22,5.66,24.38,0.2323,32.16,0
6.81,5.43,24.4,0.2225,34.34,0
7.01,5.85,28.64,0.2042,31.23,0
8.45,6.89,32.27,0.2134,32.94,1
8.13,7.42,29.85,0.2488,37.19,1
6.96,6.46,27.42,0.2357,34.75,0
7.54,6.96,24.71,0.2819,37.9,1
7.85,5.72,23.44,0.2442,35.82,1
7.34,6.58,27.04,0.2435,32.62,0
7.02,6.49,23.24,0.2792,33.91,0
6.88,6.24,26.68,0.234,31.34,0
7.95,7.13,27.67,0.2576,36.22,1
8.07,7.62,29.49,0.2583,33.68,1
7.77,6.49,26.26,0.247,35.76,1
8.46,6.82,28.55,0.239,32.28,1
8.06,7.51,32.03,0.2345,37.38,1
7.61,6.16,25.19,0.2446,32.39,0
8.46,6.88,26.45,0.2602,35.23,1
7.08,5.71,23.87,0.2391,33.4,0
7.73,7.63,23.95,0.3183,34.41,1
7.81,6.61,24.22,0.2731,33.66,0
7.53,6.06,24.0,0.2525,32.28,0
8.08,6.28,27.1,0.2319,33.66,1
7.39,6.11,24.69,0.2475,31.03,0
7.15,6.61,22.3,0.2966,33.87,0
7.88,6.81,27.03,0.252,36.34,1
7.67,6.82,28.79,0.2367,36.49,1
7.64,7.13,26.11,0.2729,36.1,1
8.09,6.63,27.32,0.2428,37.96,1
8.12,7.53,27.42,0.2747,35.5,1
7.48,6.16,24.93,0.2471,32.97,0
7.14,6.9,25.51,0.2706,34.95,0
7.33,5.87,24.64,0.2381,33.44,0
8.5,7.05,26.8,0.2629,34.8,1
8.68,7.19,29.78,0.2415,36.5,1
7.15,6.11,24.53,0.2491,32.11,0
7.92,7.36,29.54,0.249,35.88,1
7.66,7.26,26.52,0.2737,33.35,1
8.52,7.15,26.47,0.2699,32.44,1
7.65,6.48,27.35,0.2369,33.6,0
7.62,6.4,23.32,0.2744,31.93,0
7.9,7.5,24.76,0.3027,34.22,1
6.9,5.87,27.28,0.2152,36.16,0
8.25,6.43,26.78,0.24,33.82,1
6.95,6.51,23.4,0.2782,29.57,0
8.11,6.73,24.55,0.2742,30.2,1
8.2,7.16,26.74,0.2678,36.06,1
8.06,6.44,25.19,0.2556,38.59,1
6.52,6.16,26.91,0.2291,33.01,0
7.22,6.3,25.3,0.249,35.44,0
7.29,6.19,23.96,0.2585,34.61,0
7.97,6.56,28.79,0.2278,33.42,1
7.58,6.81,27.2,0.2502,32.08,1
7.26,6.4,22.56,0.2838,31.76,0
9.05,6.66,31.19,0.2136,35.74,1
8.16,7.43,24.39,0.3046,34.19,1
7.21,6.26,26.8,0.2336,33.3,0
8.2,7.25,24.34,0.2979,33.87,1
7.41,6.42,26.32,0.2439,34.79,1
7.78,6.85,23.07,0.297,34.53,1
7.36,6.4,26.07,0.2456,33.47,1
7.7,6.49,26.12,0.2485,36.95,0
7.01,6.49,22.91,0.2831,32.02,0
7.89,6.89,24.35,0.2828,41.06,1
7.89,6.13,26.98,0.2271,33.61,0
7.94,7.06,27.65,0.2554,37.96,1
7.91,6.73,27.05,0.2488,37.15,1
8.12,5.91,26.21,0.2254,36.99,0
6.84,6.22,25.18,0.2471,34.99,0
7.36,7.01,25.97,0.2698,35.79,0
6.19,5.49,24.16,0.2274,30.9,0
7.34,6.8,23.46,0.2897,37.31,0
7.48,6.55,26.83,0.2443,33.6,1
7.68,6.08,26.7,0.2276,32.77,0
6.89,6.49,23.32,0.2783,32.55,0
7.27,6.96,27.37,0.2543,41.75,1
8.03,6.91,28.77,0.2401,37.2,1
7.19,5.76,25.12,0.2294,32.22,0
8.47,7.04,24.71,0.2849,34.83,1
8.47,6.62,25.18,0.2629,36.33,1
7.29,6.7,23.26,0.288,32.28,0
7.42,7.18,26.16,0.2745,36.01,1
8.19,6.68,28.31,0.2358,35.49,1
7.27,6.5,27.02,0.2404,33.14,1
6.95,5.59,25.35,0.2204,33.13,0
8.08,8.08,24.75,0.3265,36.19,1
7.15,6.47,22.73,0.2846,33.16,0
7.24,5.93,27.42,0.2163,35.44,0
7.19,6.53,25.43,0.2568,30.89,0
7.85,6.29,26.03,0.2418,32.25,0
7.33,6.89,27.29,0.2526,34.44,1
6.15,6.66,27.35,0.2435,32.63,0
8.85,6.42,27.41,0.2342,34.03,1
7.98,6.07,26.09,0.2326,33.04,0
6.49,6.29,24.56,0.2563,31.08,0
6.97,6.79,25.02,0.2716,35.36,0
7.2,6.66,23.88,0.2791,35.87,1
7.24,6.03,27.04,0.2229,34.95,0
8.12,7.7,29.87,0.2578,38.07,1
7.37,7.1,23.09,0.3074,33.57,0
8.24,7.17,27.69,0.2588,34.68,1
7.6,6.75,24.59,0.2745,32.33,0
6.83,6.44,27.39,0.2352,30.97,0
7.92,6.77,22.43,0.3017,33.41,0
8.41,6.79,25.75,0.2637,36.03,1
6.72,5.76,25.63,0.2249,31.58,0
9.0,7.18,26.5,0.2711,36.69,1
7.12,6.47,28.46,0.2272,32.24,0
7.07,6.4,24.97,0.2562,32.76,0
8.0,7.02,27.05,0.2596,34.57,1
8.14,6.63,29.07,0.2282,28.81,1
7.65,5.58,29.11,0.1915,33.38,0
8.69,6.86,28.38,0.2416,35.83,1
7.15,5.51,28.59,0.1928,34.01,0
7.11,6.76,24.79,0.2726,35.32,0
7.37,5.96,26.08,0.2287,35.29,0
7.44,6.39,24.12,0.2651,36.88,0
8.3,7.71,25.95,0.2973,36.65,1
8.36,6.79,28.63,0.2371,35.36,1
7.44,6.95,22.18,0.3135,39.21,1
7.42,6.3,24.07,0.2618,32.63,0
8.61,6.47,30.48,0.2124,35.29,1
7.38,6.26,30.65,0.2044,37.45,1
7.2,6.53,30.05,0.2172,34.77,0
8.56,6.85,28.12,0.2434,34.38,1
7.24,7.73,22.8,0.3389,38.02,1
7.82,7.1,26.25,0.2705,34.77,1
7.48,6.52,26.56,0.2453,35.07,1
8.47,7.54,26.1,0.2889,33.43,1
6.99,5.92,29.12,0.2034,32.65,0
8.51,7.09,28.5,0.2488,32.6,1
7.24,7.21,28.5,0.253,34.72,1
8.37,7.14,29.04,0.2459,34.79,1
7.6,7.18,24.39,0.2943,33.22,1
7.75,6.57,26.78,0.2452,34.63,1
8.22,7.24,26.58,0.2724,36.41,1
7.21,5.72,27.36,0.2091,35.2,0
7.95,7.31,28.61,0.2556,33.7,1
7.46,6.22,26.84,0.2317,36.53,0
6.83,6.16,25.65,0.2401,32.51,0
7.19,5.94,25.79,0.2304,33.04,0
8.37,7.01,30.9,0.227,36.53,1
7.49,6.7,21.81,0.3073,32.33,0
6.69,5.88,25.3,0.2324,36.08,0
8.61,7.08,28.93,0.2446,36.39,1
6.55,5.45,25.53,0.2135,33.35,0
7.93,7.15,27.77,0.2574,33.62,1
7.69,6.76,26.05,0.2594,33.85,1
6.1,6.46,28.4,0.2274,32.22,0
7.59,6.09,23.13,0.2631,34.67,0
8.22,6.36,23.51,0.2705,32.78,0
8.1,7.61,25.66,0.2965,34.75,1
7.55,5.05,22.51,0.2245,31.54,0
6.94,6.18,22.73,0.272,32.68,0
7.76,6.45,25.48,0.2532,35.46,1
7.28,6.17,25.62,0.2407,30.26,0
6.43,6.02,24.4,0.2467,32.06,0
6.91,7.08,27.4,0.2583,30.64,0
6.6,5.75,24.29,0.2368,35.65,0
7.7,6.9,25.97,0.2657,32.24,0
7.19,5.58,23.84,0.2342,33.51,0
6.58,6.25,25.25,0.2474,36.76,0
8.71,6.55,28.12,0.2331,32.54,1
7.17,5.97,26.13,0.2287,31.55,0
7.61,6.77,26.37,0.2568,33.89,1
6.82,5.68,27.69,0.205,33.71,0
8.98,6.77,28.39,0.2386,33.66,1
8.07,6.58,27.44,0.2397,35.33,1
6.61,5.44,23.94,0.2273,30.97,0
7.08,6.21,24.81,0.2505,32.84,0
8.28,6.95,28.15,0.247,36.23,1
7.51,6.27,26.91,0.233,33.05,0
7.34,5.56,25.83,0.2154,32.14,0
6.83,5.32,22.23,0.2394,34.11,0
7.66,6.32,29.27,0.216,35.61,1
7.18,6.33,26.05,0.2431,31.2,0
8.4,7.06,27.06,0.2608,35.13,1
7.34,6.36,25.32,0.2512,29.74,0
9.12,6.73,26.12,0.2578,35.45,1
7.47,6.53,27.67,0.236,38.16,1
8.34,7.35,27.26,0.2694,34.89,1
7.74,7.1,30.49,0.2328,28.61,1
8.22,7.17,26.47,0.271,36.12,1
8.05,7.17,29.66,0.2419,32.21,1
6.54,6.07,24.94,0.2433,34.54,0
7.83,6.96,27.0,0.2578,33.51,1
8.08,6.76,26.91,0.251,35.9,1
6.8,5.54,25.43,0.2178,33.03,0
7.47,6.76,27.65,0.2444,32.03,1
7.13,5.9,27.2,0.2169,30.7,0
7.33,6.31,23.1,0.2732,35.31,0
7.8,5.81,24.45,0.2376,32.51,0
7.68,7.09,26.95,0.2632,36.38,1
8.05,7.17,28.48,0.2518,38.44,1
8.7,6.4,27.82,0.2301,34.73,1
6.66,6.26,23.95,0.2612,33.54,0
6.85,7.19,23.43,0.307,34.28,0
6.81,6.38,27.52,0.2319,32.92,0
8.19,7.3,24.26,0.301,36.86,1
7.7,7.5,29.11,0.2578,35.33,1
8.34,6.46,29.17,0.2214,35.24,1
7.31,6.83,24.36,0.2805,34.49,0
6.88,6.3,27.04,0.2329,34.52,0
7.86,6.93,25.11,0.2759,32.85,1
8.31,7.13,27.94,0.2553,36.92,1
6.52,6.52,26.17,0.2492,32.45,0
7.8,7.06,27.57,0.2561,32.51,0
7.33,5.78,27.13,0.2131,34.33,0
6.61,6.33,24.96,0.2538,30.4,0
7.37,6.09,25.58,0.238,31.33,0
7.58,6.25,27.31,0.2288,32.85,0
6.95,6.75,23.06,0.2928,29.86,0
7.51,6.32,26.99,0.234,34.45,0
7.44,6.55,26.7,0.2455,36.16,0
7.05,6.59,25.34,0.2599,33.95,0
7.98,7.62,26.14,0.2914,35.44,1
8.13,7.1,27.22,0.261,30.86,1
7.67,6.67,23.51,0.2837,34.78,0
7.83,6.96,27.64,0.2517,37.66,1
7.51,8.23,27.95,0.2946,34.95,1
7.53,5.49,25.79,0.2129,32.12,0
8.21,6.5,26.65,0.2439,37.62,1
8.34,6.12,26.01,0.2355,32.25,0
7.0,6.08,24.23,0.251,33.87,0
8.64,7.01,24.96,0.281,32.01,1
7.23,6.1,25.31,0.2408,33.89,0
6.64,6.83,25.64,0.2663,33.52,0
7.89,7.17,27.36,0.262,34.74,1
7.94,6.66,26.08,0.2555,31.42,0
6.97,6.64,22.89,0.2902,34.34,1
7.14,6.64,24.54,0.2707,31.64,0
7.84,7.16,27.98,0.2559,33.83,1
7.74,6.73,26.52,0.2538,32.96,0
8.48,6.77,25.79,0.2625,36.95,1
8.19,6.46,27.54,0.2346,35.11,1
7.04,6.89,24.15,0.2852,34.11,0
7.28,6.96,27.76,0.2507,34.08,0
7.83,6.95,27.94,0.2487,35.05,1
7.08,6.04,25.1,0.2406,33.26,0
7.72,7.37,24.46,0.3013,33.19,1
6.98,6.45,26.56,0.2428,29.95,0
7.25,7.65,29.24,0.2615,35.79,1
7.65,6.9,27.0,0.2555,34.16,0
6.46,6.2,21.27,0.2917,31.6,0
7.75,6.02,26.3,0.2287,31.65,0
8.31,7.76,26.93,0.288,36.6,1
7.65,5.93,22.71,0.2609,33.26,0
7.82,6.12,27.0,0.2266,38.28,1
6.62,5.78,27.42,0.2108,31.91,0
7.44,7.21,30.16,0.2392,40.18,1
7.23,6.44,26.91,0.2394,32.07,0
8.51,7.3,29.24,0.2496,37.43,1
6.55,7.13,24.29,0.2934,33.2,0
7.53,6.14,26.48,0.2317,32.29,0
8.0,7.84,25.08,0.3128,32.31,1
7.92,6.84,26.99,0.2535,35.01,1
7.56,6.53,20.45,0.3193,33.72,0
