date,daily_reported_cases,daily_recoveries,active_hospitalizations
2025-06-01,36,31,6
2025-06-02,55,47,2
2025-06-03,62,53,2
2025-06-04,86,73,9
2025-06-05,43,37,2
2025-06-06,46,39,7
2025-06-07,94,80,9
2025-06-08,49,42,3
2025-06-09,66,56,2
2025-06-10,78,66,2
2025-06-11,58,49,2
2025-06-12,64,54,9
2025-06-13,88,75,8
2025-06-14,41,35,2
2025-06-15,35,33,3
2025-06-16,125,51,11
2025-06-17,92,57,2
2025-06-18,138,79,11
2025-06-19,120,40,9
2025-06-20,122,42,4
2025-06-21,211,86,18
2025-06-22,120,45,12
2025-06-23,286,61,28
2025-06-24,196,72,20
2025-06-25,240,53,12
2025-06-26,280,59,17
2025-06-27,273,81,24
2025-06-28,337,38,29
2025-06-29,220,32,20
2025-06-30,504,115,59
2025-07-01,394,85,34
2025-07-02,484,127,44
2025-07-03,465,110,41
2025-07-04,467,112,40
2025-07-05,541,194,41
2025-07-06,336,110,30
2025-07-07,778,263,58
2025-07-08,547,180,42
2025-07-09,584,221,44
2025-07-10,642,258,51
2025-07-11,672,251,65
2025-07-12,672,310,44
2025-07-13,440,202,38
2025-07-14,918,464,65
2025-07-15,656,362,50
2025-07-16,677,445,59
2025-07-17,682,428,54
2025-07-18,715,430,51
2025-07-19,689,498,51
2025-07-20,406,309,35
2025-07-21,895,716,67
2025-07-22,629,503,51
2025-07-23,602,537,48
2025-07-24,613,591,45
2025-07-25,601,618,58
2025-07-26,573,618,49
2025-07-27,326,405,15
2025-07-28,661,845,53
2025-07-29,478,604,34
2025-07-30,467,623,41
2025-07-31,403,627,28
2025-08-01,383,658,30
2025-08-02,333,634,29
2025-08-03,198,374,20
2025-08-04,445,823,29
2025-08-05,320,579,23
2025-08-06,262,554,18
2025-08-07,269,564,18
2025-08-08,233,553,27
2025-08-09,191,527,17
2025-08-10,130,300,4
2025-08-11,291,608,27
2025-08-12,164,440,23
2025-08-13,193,430,20
2025-08-14,80,371,2
2025-08-15,159,352,10
2025-08-16,135,306,17
2025-08-17,78,182,2
2025-08-18,172,409,15
2025-08-19,75,294,9
2025-08-20,119,241,4
2025-08-21,136,247,10
2025-08-22,167,214,2
2025-08-23,121,176,4
2025-08-24,78,120,4
2025-08-25,180,268,8
2025-08-26,178,151,22
2025-08-27,173,178,6
2025-08-28,163,74,10
2025-08-29,201,146,16
2025-08-30,204,124,23
2025-08-31,156,72,5
2025-09-01,290,158,29
2025-09-02,242,69,19
2025-09-03,259,109,15
2025-09-04,252,125,22
2025-09-05,317,154,26
2025-09-06,339,111,24
2025-09-07,231,72,18
2025-09-08,506,166,38
2025-09-09,372,164,30
2025-09-10,424,159,37
2025-09-11,455,150,44
2025-09-12,473,185,31
2025-09-13,519,188,52
2025-09-14,366,144,19
2025-09-15,854,267,67
2025-09-16,623,223,52
2025-09-17,658,238,54
2025-09-18,683,232,51
2025-09-19,670,292,52
2025-09-20,751,312,57
2025-09-21,510,213,37
2025-09-22,1186,466,99
2025-09-23,845,342,69
2025-09-24,889,390,67
2025-09-25,912,419,77
2025-09-26,913,435,74
2025-09-27,999,477,83
2025-09-28,660,337,55
2025-09-29,1408,786,108
2025-09-30,1023,573,79
2025-10-01,1103,605,91
2025-10-02,1052,628,87
2025-10-03,1119,616,89
2025-10-04,1173,691,94
2025-10-05,718,469,63
2025-10-06,1520,1091,118
2025-10-07,1150,777,94
2025-10-08,1139,818,90
2025-10-09,1114,839,88
2025-10-10,1153,840,97
2025-10-11,1121,919,93
2025-10-12,749,607,63
2025-10-13,1497,1295,126
2025-10-14,1158,941,92
2025-10-15,1086,1015,90
2025-10-16,1080,968,84
2025-10-17,1090,1029,88
2025-10-18,1017,1079,80
2025-10-19,669,661,54
2025-10-20,1393,1398,114
2025-10-21,933,1058,70
2025-10-22,949,1048,86
2025-10-23,922,1025,68
2025-10-24,904,1061,66
2025-10-25,822,1031,71
2025-10-26,512,689,44
2025-10-27,1082,1377,89
2025-10-28,763,1065,64
2025-10-29,728,999,58
2025-10-30,698,994,51
2025-10-31,639,1003,51
2025-11-01,629,936,46
2025-11-02,388,615,35
2025-11-03,730,1282,57
2025-11-04,575,858,41
2025-11-05,510,873,39
2025-11-06,439,848,37
2025-11-07,457,832,33
2025-11-08,389,756,27
2025-11-09,264,471,22
2025-11-10,527,995,43
2025-11-11,318,702,22
2025-11-12,340,670,24
2025-11-13,305,642,25
2025-11-14,295,588,16
2025-11-15,303,579,17
2025-11-16,150,357,8
2025-11-17,272,672,20
2025-11-18,184,529,16
2025-11-19,171,469,21
2025-11-20,177,404,18
2025-11-21,175,420,13
2025-11-22,162,358,12
2025-11-23,107,243,3
2025-11-24,183,485,14
2025-11-25,164,293,11
2025-11-26,113,313,10
2025-11-27,181,281,10
